Customer_ID,Total_Spending,Avg_Transaction_Amount,Max_Transaction,Min_Transaction,Std_Transaction_Amount,Median_Transaction,Transaction_Count,Avg_Satisfaction,Std_Satisfaction,Min_Satisfaction,Max_Satisfaction,Avg_Likelihood_to_Recommend,Min_Likelihood,Max_Likelihood,Avg_Feedback_Sentiment,Std_Feedback_Sentiment,Pct_Business_Hours,Pct_Weekend_Transactions,Pct_Morning_Transactions,Pct_Evening_Transactions,Avg_Hour_of_Day,Std_Hour_of_Day,Count_Bill Payment,Count_Investment,Count_Loan Payment,Count_Purchase,Primary_Income_Group
1,16836.0,2806.0,4993.0,156.0,2062.31,2771.0,6,10.0,0.0,10.0,10.0,9.0,9,9,4.0,0.0,0.17,0.17,0.0,0.0,6.83,6.85,3,1,1,1,High
2,4907.0,2453.5,2850.0,2057.0,560.74,2453.5,2,3.0,0.0,3.0,3.0,3.0,3,3,4.0,0.0,0.0,0.5,0.0,0.5,13.5,13.44,1,0,1,0,Low
3,1538.0,1538.0,1538.0,1538.0,,1538.0,1,10.0,,10.0,10.0,1.0,1,1,4.0,,0.0,0.0,0.0,1.0,23.0,,1,0,0,0,Low
4,8295.0,4147.5,4736.0,3559.0,832.26,4147.5,2,7.0,0.0,7.0,7.0,4.0,4,4,2.0,0.0,0.5,0.5,0.0,0.0,8.0,9.9,0,0,1,1,Medium
5,14798.0,2959.6,4878.0,1508.0,1386.58,2305.0,5,8.0,0.0,8.0,8.0,7.0,7,7,1.0,0.0,0.6,0.4,0.2,0.2,12.8,8.38,2,1,0,2,Medium
6,8694.0,2898.0,3021.0,2749.0,137.85,2924.0,3,3.0,0.0,3.0,3.0,1.0,1,1,2.0,0.0,0.0,0.33,0.0,0.0,3.33,0.58,0,1,2,0,Medium
7,3572.0,1786.0,3027.0,545.0,1755.04,1786.0,2,3.0,0.0,3.0,3.0,2.0,2,2,2.0,0.0,0.0,0.0,0.0,0.5,13.0,14.14,0,0,2,0,Low
8,12252.0,2042.0,4681.0,60.0,1939.66,1511.0,6,7.0,0.0,7.0,7.0,5.0,5,5,2.0,0.0,0.5,0.33,0.17,0.17,10.83,5.98,1,0,4,1,Medium
9,17320.0,2165.0,4789.0,241.0,1737.66,2230.0,8,10.0,0.0,10.0,10.0,9.0,9,9,3.0,0.0,0.38,0.12,0.0,0.25,11.38,7.01,1,3,2,2,High
10,15682.0,2613.67,4867.0,529.0,1794.71,2053.5,6,7.0,0.0,7.0,7.0,1.0,1,1,3.0,0.0,0.67,0.5,0.33,0.0,13.5,3.39,3,1,0,2,Medium
11,4993.0,4993.0,4993.0,4993.0,,4993.0,1,9.0,,9.0,9.0,4.0,4,4,3.0,,0.0,0.0,0.0,1.0,22.0,,1,0,0,0,Low
12,15415.0,3083.0,4970.0,1115.0,1463.89,3505.0,5,6.0,0.0,6.0,6.0,3.0,3,3,1.0,0.0,0.4,0.0,0.0,0.4,15.6,7.13,3,0,2,0,Medium
13,18490.0,2054.44,4207.0,121.0,1296.51,2348.0,9,7.0,0.0,7.0,7.0,5.0,5,5,4.0,0.0,0.22,0.22,0.22,0.22,11.89,8.27,3,3,3,0,High
14,19347.0,2763.86,4741.0,830.0,1307.67,2640.0,7,10.0,0.0,10.0,10.0,5.0,5,5,4.0,0.0,0.43,0.14,0.43,0.29,13.71,6.5,3,0,3,1,High
15,24941.0,3117.62,4665.0,1107.0,1314.98,3340.0,8,1.0,0.0,1.0,1.0,10.0,10,10,2.0,0.0,0.25,0.38,0.38,0.25,11.12,7.61,4,3,1,0,High
16,28563.0,3570.38,4901.0,763.0,1366.93,4161.5,8,7.0,0.0,7.0,7.0,2.0,2,2,5.0,0.0,0.38,0.25,0.25,0.12,13.0,6.85,0,5,3,0,High
17,14484.0,2896.8,4364.0,1539.0,1014.97,2981.0,5,2.0,0.0,2.0,2.0,5.0,5,5,2.0,0.0,0.2,0.0,0.2,0.2,10.8,8.01,1,3,0,1,Medium
18,8074.0,2018.5,3439.0,689.0,1198.86,1973.0,4,7.0,0.0,7.0,7.0,9.0,9,9,1.0,0.0,0.25,0.5,0.0,0.5,14.0,6.16,1,0,1,2,Medium
19,6929.0,2309.67,3384.0,1229.0,1077.51,2316.0,3,3.0,0.0,3.0,3.0,5.0,5,5,2.0,0.0,0.33,0.0,0.0,0.0,10.67,7.77,2,1,0,0,Low
20,4408.0,4408.0,4408.0,4408.0,,4408.0,1,9.0,,9.0,9.0,10.0,10,10,3.0,,0.0,0.0,0.0,0.0,4.0,,0,0,1,0,Low
21,14190.0,2365.0,4359.0,470.0,1476.13,2408.0,6,5.0,0.0,5.0,5.0,2.0,2,2,1.0,0.0,0.0,0.0,0.33,0.33,11.33,8.48,0,3,2,1,Medium
22,7440.0,2480.0,4869.0,1220.0,2069.97,1351.0,3,7.0,0.0,7.0,7.0,7.0,7,7,1.0,0.0,0.67,0.33,0.33,0.0,11.67,3.21,0,0,3,0,Low
23,19469.0,1946.9,4570.0,122.0,1317.24,1613.5,10,8.0,0.0,8.0,8.0,6.0,6,6,3.0,0.0,0.3,0.2,0.5,0.4,12.6,6.64,1,3,3,3,High
24,16534.0,4133.5,4690.0,3304.0,588.37,4270.0,4,2.0,0.0,2.0,2.0,7.0,7,7,3.0,0.0,0.5,0.0,0.75,0.0,7.5,3.11,3,1,0,0,High
25,12719.0,3179.75,4310.0,2292.0,847.04,3058.5,4,1.0,0.0,1.0,1.0,8.0,8,8,3.0,0.0,0.5,0.5,0.25,0.25,13.25,5.06,2,0,0,2,Medium
26,9026.0,2256.5,3955.0,952.0,1424.85,2059.5,4,7.0,0.0,7.0,7.0,10.0,10,10,3.0,0.0,0.25,0.0,0.75,0.25,10.5,6.45,1,0,1,2,Medium
27,19989.0,3331.5,7315.0,1244.0,2309.16,2754.5,6,6.0,0.0,6.0,6.0,5.0,5,5,1.0,0.0,0.5,0.5,0.33,0.17,9.83,6.85,3,1,0,2,High
28,20987.0,2998.14,4631.0,654.0,1716.55,4022.0,7,6.0,0.0,6.0,6.0,2.0,2,2,3.0,0.0,0.14,0.43,0.43,0.29,10.57,8.83,0,2,3,2,High
29,4253.0,1417.67,3439.0,38.0,1788.99,776.0,3,2.0,0.0,2.0,2.0,7.0,7,7,3.0,0.0,0.0,0.33,0.0,0.0,2.0,1.73,0,1,0,2,Low
30,22781.0,2531.22,4873.0,297.0,1694.42,3221.0,9,3.0,0.0,3.0,3.0,7.0,7,7,1.0,0.0,0.44,0.0,0.33,0.44,13.89,6.99,6,1,1,1,High
31,14962.0,2493.67,4907.0,1171.0,1442.06,2013.5,6,4.0,0.0,4.0,4.0,8.0,8,8,2.0,0.0,0.33,0.17,0.33,0.33,12.83,7.83,2,2,2,0,Medium
32,28958.0,3217.56,4944.0,359.0,1853.65,4128.0,9,3.0,0.0,3.0,3.0,7.0,7,7,2.0,0.0,0.33,0.11,0.0,0.44,15.67,6.91,3,2,3,1,High
33,5771.0,1923.67,2944.0,1190.0,911.46,1637.0,3,2.0,0.0,2.0,2.0,10.0,10,10,1.0,0.0,0.0,0.33,0.0,1.0,19.0,1.0,0,3,0,0,Low
34,16045.0,2674.17,4925.0,22.0,1742.77,3128.5,6,3.0,0.0,3.0,3.0,7.0,7,7,3.0,0.0,0.0,0.67,0.33,0.33,11.83,8.08,2,1,1,2,Medium
35,8533.0,2844.33,3469.0,1767.0,936.95,3297.0,3,6.0,0.0,6.0,6.0,9.0,9,9,2.0,0.0,0.0,0.33,0.0,0.33,14.67,9.71,1,1,1,0,Medium
36,24595.0,2732.78,4907.0,61.0,1887.51,2005.0,9,9.0,0.0,9.0,9.0,8.0,8,8,4.0,0.0,0.11,0.33,0.11,0.56,14.0,8.08,1,4,2,2,High
37,11775.0,1962.5,2695.0,537.0,820.7,2315.5,6,4.0,0.0,4.0,4.0,2.0,2,2,4.0,0.0,0.33,0.33,0.17,0.17,12.33,7.09,3,1,1,1,Medium
38,26319.0,2924.33,4457.0,715.0,1422.13,3100.0,9,6.0,0.0,6.0,6.0,2.0,2,2,3.0,0.0,0.22,0.11,0.22,0.44,12.44,8.43,5,0,2,2,High
39,26202.0,2620.2,4547.0,342.0,1409.63,2874.0,10,1.0,0.0,1.0,1.0,7.0,7,7,3.0,0.0,0.3,0.2,0.2,0.1,8.3,6.38,2,2,5,1,High
40,6511.0,1627.75,2273.0,363.0,868.32,1937.5,4,6.0,0.0,6.0,6.0,10.0,10,10,5.0,0.0,0.5,0.25,0.25,0.25,12.0,8.83,0,2,0,2,Low
41,16246.0,4061.5,4964.0,2217.0,1275.08,4532.5,4,3.0,0.0,3.0,3.0,10.0,10,10,5.0,0.0,0.25,0.5,0.0,0.25,14.25,8.58,1,0,0,3,Medium
42,9132.0,2283.0,3324.0,1076.0,1178.57,2366.0,4,9.0,0.0,9.0,9.0,3.0,3,3,1.0,0.0,0.25,0.25,0.25,0.25,12.0,8.87,1,0,0,3,Medium
43,5050.0,1010.0,2304.0,75.0,832.3,857.0,5,4.0,0.0,4.0,4.0,1.0,1,1,3.0,0.0,0.2,0.4,0.2,0.4,13.0,9.27,1,1,1,2,Low
44,9153.0,2288.25,4826.0,262.0,1916.76,2032.5,4,7.0,0.0,7.0,7.0,9.0,9,9,5.0,0.0,0.25,0.0,0.5,0.25,10.75,7.59,3,0,0,1,Medium
45,11109.0,2777.25,4911.0,628.0,2219.87,2785.0,4,4.0,0.0,4.0,4.0,3.0,3,3,2.0,0.0,0.25,0.25,0.5,0.0,8.75,4.92,0,2,1,1,Medium
46,8310.0,1187.14,2837.0,644.0,772.73,795.0,7,6.0,0.0,6.0,6.0,1.0,1,1,3.0,0.0,0.29,0.43,0.14,0.29,15.57,5.77,0,2,2,3,Medium
47,19663.0,2457.88,3163.0,1262.0,671.53,2758.0,8,7.0,0.0,7.0,7.0,6.0,6,6,1.0,0.0,0.12,0.38,0.0,0.38,13.62,7.67,1,3,2,2,High
48,11357.0,2839.25,4364.0,891.0,1450.98,3051.0,4,2.0,0.0,2.0,2.0,4.0,4,4,4.0,0.0,0.0,0.5,0.0,0.25,6.0,8.68,0,1,1,2,Medium
49,6676.0,2225.33,4049.0,757.0,1674.52,1870.0,3,10.0,0.0,10.0,10.0,1.0,1,1,4.0,0.0,0.0,0.33,0.0,1.0,21.67,2.31,1,1,0,1,Low
50,7730.0,1288.33,3501.0,235.0,1237.57,949.0,6,6.0,0.0,6.0,6.0,4.0,4,4,1.0,0.0,0.17,0.33,0.33,0.17,11.67,6.71,2,2,2,0,Low
51,13557.0,2259.5,4654.0,565.0,1529.25,1840.0,6,8.0,0.0,8.0,8.0,8.0,8,8,2.0,0.0,0.33,0.5,0.0,0.33,15.33,6.31,1,1,2,2,Medium
52,23619.0,2952.38,4928.0,143.0,1644.08,2995.5,8,6.0,0.0,6.0,6.0,7.0,7,7,3.0,0.0,0.12,0.38,0.62,0.12,7.5,5.4,4,0,3,1,High
53,16540.0,3308.0,4741.0,696.0,1692.88,3690.0,5,6.0,0.0,6.0,6.0,1.0,1,1,2.0,0.0,0.2,0.6,0.0,0.0,6.6,5.32,0,1,2,2,High
55,19847.0,3307.83,4915.0,1365.0,1234.8,3596.5,6,1.0,0.0,1.0,1.0,9.0,9,9,2.0,0.0,0.5,0.17,0.17,0.0,10.0,6.07,1,1,1,3,High
56,11486.0,2297.2,3614.0,273.0,1247.72,2460.0,5,7.0,0.0,7.0,7.0,6.0,6,6,3.0,0.0,0.2,0.2,0.4,0.2,11.8,6.69,1,2,0,2,Medium
57,2570.0,1285.0,1347.0,1223.0,87.68,1285.0,2,8.0,0.0,8.0,8.0,2.0,2,2,4.0,0.0,0.5,0.0,0.5,0.0,7.5,3.54,1,0,1,0,Low
58,6288.0,1572.0,2411.0,42.0,1083.99,1917.5,4,10.0,0.0,10.0,10.0,3.0,3,3,3.0,0.0,0.25,0.25,0.0,0.5,12.0,8.49,2,1,1,0,Low
59,28720.0,3590.0,7315.0,1260.0,1969.71,3450.5,8,2.0,0.0,2.0,2.0,7.0,7,7,5.0,0.0,0.12,0.25,0.25,0.38,11.62,7.54,2,1,4,1,High
60,2784.0,1392.0,1938.0,846.0,772.16,1392.0,2,10.0,0.0,10.0,10.0,3.0,3,3,3.0,0.0,0.0,0.0,0.5,0.5,13.0,9.9,0,0,1,1,Low
61,1848.0,924.0,1431.0,417.0,717.01,924.0,2,5.0,0.0,5.0,5.0,3.0,3,3,3.0,0.0,0.5,0.0,0.5,0.0,11.0,5.66,1,0,0,1,Low
62,7112.0,1422.4,3374.0,380.0,1413.97,437.0,5,8.0,0.0,8.0,8.0,5.0,5,5,3.0,0.0,0.2,0.2,0.2,0.4,12.6,7.27,2,1,0,2,Low
63,8502.0,2125.5,4365.0,368.0,1720.73,1884.5,4,8.0,0.0,8.0,8.0,3.0,3,3,1.0,0.0,0.25,0.25,0.5,0.0,6.5,3.32,3,0,0,1,Medium
64,4518.0,4518.0,4518.0,4518.0,,4518.0,1,5.0,,5.0,5.0,3.0,3,3,2.0,,1.0,0.0,1.0,0.0,9.0,,1,0,0,0,Low
65,7665.0,1916.25,3218.0,1059.0,994.05,1694.0,4,8.0,0.0,8.0,8.0,5.0,5,5,2.0,0.0,0.75,0.0,0.5,0.0,10.0,4.55,1,1,0,2,Low
66,17008.0,2429.71,4379.0,655.0,1428.12,2460.0,7,6.0,0.0,6.0,6.0,5.0,5,5,3.0,0.0,0.29,0.43,0.29,0.0,6.86,5.27,0,2,2,3,High
67,17507.0,2917.83,3747.0,393.0,1259.27,3394.5,6,5.0,0.0,5.0,5.0,9.0,9,9,4.0,0.0,0.0,0.33,0.33,0.33,9.83,8.66,2,1,1,2,High
68,15692.0,2241.71,4705.0,405.0,1417.76,1809.0,7,4.0,0.0,4.0,4.0,1.0,1,1,5.0,0.0,0.14,0.14,0.43,0.29,11.29,6.37,2,2,1,2,Medium
69,11484.0,1914.0,4334.0,299.0,1688.93,1324.0,6,5.0,0.0,5.0,5.0,1.0,1,1,5.0,0.0,0.0,0.33,0.17,0.33,9.5,8.02,1,1,2,2,Medium
70,6152.0,2050.67,3137.0,965.0,1086.0,2050.0,3,4.0,0.0,4.0,4.0,9.0,9,9,5.0,0.0,0.0,0.33,0.33,0.0,4.67,3.51,1,2,0,0,Low
71,12508.0,1786.86,3639.0,123.0,1400.82,2119.0,7,1.0,0.0,1.0,1.0,5.0,5,5,5.0,0.0,0.43,0.29,0.14,0.0,8.43,7.32,2,0,4,1,Medium
72,23293.0,3882.17,4848.0,2844.0,822.3,4083.5,6,3.0,0.0,3.0,3.0,4.0,4,4,1.0,0.0,0.17,0.17,0.33,0.33,9.83,7.25,1,3,1,1,High
73,12600.0,2100.0,3869.0,182.0,1661.03,2075.5,6,8.0,0.0,8.0,8.0,2.0,2,2,2.0,0.0,0.67,0.17,0.33,0.17,13.67,4.03,1,2,2,1,Medium
74,7363.0,1051.86,2495.0,211.0,782.47,952.0,7,7.0,0.0,7.0,7.0,9.0,9,9,1.0,0.0,0.43,0.29,0.0,0.57,18.0,4.28,1,2,1,3,Low
75,9301.0,3100.33,3865.0,2056.0,936.37,3380.0,3,7.0,0.0,7.0,7.0,6.0,6,6,2.0,0.0,0.33,0.0,0.33,0.0,8.67,5.51,0,0,1,2,Medium
76,5693.0,2846.5,4034.0,1659.0,1679.38,2846.5,2,3.0,0.0,3.0,3.0,9.0,9,9,4.0,0.0,0.5,0.0,0.0,0.5,19.0,5.66,0,1,0,1,Low
77,15111.0,2158.71,3309.0,80.0,1034.82,2249.0,7,9.0,0.0,9.0,9.0,5.0,5,5,3.0,0.0,0.29,0.29,0.29,0.43,13.86,8.32,2,1,3,1,Medium
78,25838.0,2870.89,4818.0,584.0,1476.56,2863.0,9,6.0,0.0,6.0,6.0,4.0,4,4,5.0,0.0,0.22,0.33,0.11,0.33,10.89,8.96,4,1,4,0,High
79,30179.0,3017.9,4770.0,1189.0,1193.74,3047.5,10,8.0,0.0,8.0,8.0,7.0,7,7,3.0,0.0,0.3,0.2,0.3,0.4,12.9,7.0,4,1,4,1,High
80,14875.0,3718.75,4815.0,1383.0,1575.3,4338.5,4,8.0,0.0,8.0,8.0,5.0,5,5,1.0,0.0,0.75,0.0,0.25,0.25,15.75,5.25,1,0,2,1,Medium
81,20282.0,2535.25,4077.0,99.0,1312.66,2704.0,8,3.0,0.0,3.0,3.0,8.0,8,8,4.0,0.0,0.38,0.38,0.12,0.25,11.5,7.19,2,1,3,2,High
82,15031.0,3757.75,4907.0,2600.0,968.24,3762.0,4,4.0,0.0,4.0,4.0,8.0,8,8,3.0,0.0,0.0,0.25,0.25,0.0,3.25,3.4,0,2,2,0,Medium
83,15720.0,2245.71,4572.0,558.0,1589.71,2284.0,7,6.0,0.0,6.0,6.0,2.0,2,2,3.0,0.0,0.0,0.29,0.43,0.0,4.14,3.02,3,2,2,0,Medium
84,22828.0,2853.5,4578.0,282.0,1641.86,3355.0,8,2.0,0.0,2.0,2.0,5.0,5,5,4.0,0.0,0.0,0.25,0.0,0.5,11.62,10.68,3,0,2,3,High
85,10414.0,2082.8,3682.0,700.0,1169.36,1684.0,5,7.0,0.0,7.0,7.0,10.0,10,10,4.0,0.0,0.8,0.4,0.2,0.0,11.6,5.13,2,1,1,1,Medium
86,11973.0,2394.6,4546.0,401.0,1568.26,2154.0,5,2.0,0.0,2.0,2.0,8.0,8,8,4.0,0.0,0.6,0.2,0.4,0.2,14.2,3.27,2,1,1,1,Medium
87,11480.0,1640.0,3042.0,148.0,1209.18,2389.0,7,5.0,0.0,5.0,5.0,3.0,3,3,1.0,0.0,0.71,0.14,0.29,0.0,11.43,4.86,1,1,3,2,Medium
89,2318.0,1159.0,1218.0,1100.0,83.44,1159.0,2,9.0,0.0,9.0,9.0,3.0,3,3,3.0,0.0,0.0,0.0,0.5,0.5,15.5,10.61,0,1,0,1,Low
90,15559.0,2593.17,4007.0,1369.0,1155.98,2494.5,6,2.0,0.0,2.0,2.0,6.0,6,6,4.0,0.0,0.67,0.33,0.33,0.17,15.0,4.34,1,1,1,3,Medium
91,9780.0,3260.0,4548.0,2366.0,1143.11,2866.0,3,7.0,0.0,7.0,7.0,2.0,2,2,2.0,0.0,0.0,0.33,0.33,0.33,10.33,10.41,1,2,0,0,Medium
92,11939.0,2387.8,3996.0,1263.0,1160.99,1735.0,5,7.0,0.0,7.0,7.0,6.0,6,6,2.0,0.0,0.2,0.2,0.0,0.6,14.8,9.01,2,1,1,1,Medium
93,6254.0,2084.67,3858.0,483.0,1694.04,1913.0,3,7.0,0.0,7.0,7.0,6.0,6,6,2.0,0.0,0.33,0.33,0.0,0.33,11.33,10.6,0,1,1,1,Low
94,7010.0,3505.0,4264.0,2746.0,1073.39,3505.0,2,1.0,0.0,1.0,1.0,8.0,8,8,3.0,0.0,0.5,0.5,0.0,0.5,18.5,6.36,1,0,0,1,Low
95,21748.0,2718.5,4921.0,458.0,1359.57,2865.0,8,8.0,0.0,8.0,8.0,5.0,5,5,3.0,0.0,0.12,0.25,0.12,0.0,5.0,3.46,1,2,2,3,High
96,9522.0,2380.5,3566.0,626.0,1266.27,2665.0,4,2.0,0.0,2.0,2.0,1.0,1,1,1.0,0.0,0.0,0.0,0.25,0.5,11.75,9.98,0,3,1,0,Medium
97,10806.0,2161.2,4670.0,124.0,1823.42,1688.0,5,5.0,0.0,5.0,5.0,8.0,8,8,1.0,0.0,0.8,0.0,0.6,0.0,9.6,5.18,1,1,1,2,Medium
98,2536.0,1268.0,2460.0,76.0,1685.74,1268.0,2,2.0,0.0,2.0,2.0,9.0,9,9,4.0,0.0,0.0,0.0,0.0,0.5,13.0,14.14,2,0,0,0,Low
99,12878.0,2575.6,3801.0,1029.0,1052.2,2968.0,5,5.0,0.0,5.0,5.0,1.0,1,1,3.0,0.0,0.6,0.4,0.2,0.0,9.2,4.87,4,0,0,1,Medium
100,5850.0,1462.5,2760.0,919.0,872.27,1085.5,4,7.0,0.0,7.0,7.0,5.0,5,5,3.0,0.0,0.25,0.0,0.0,0.25,9.5,9.68,1,1,1,1,Low
101,1552.0,1552.0,1552.0,1552.0,,1552.0,1,6.0,,6.0,6.0,6.0,6,6,4.0,,0.0,1.0,1.0,0.0,6.0,,0,1,0,0,Low
102,9005.0,4502.5,4845.0,4160.0,484.37,4502.5,2,5.0,0.0,5.0,5.0,4.0,4,4,1.0,0.0,0.0,0.5,0.0,1.0,21.0,1.41,0,1,0,1,Medium
103,20527.0,2565.88,4451.0,373.0,1592.51,2318.0,8,4.0,0.0,4.0,4.0,2.0,2,2,2.0,0.0,0.5,0.12,0.38,0.25,10.38,7.89,1,0,1,6,High
104,17691.0,2948.5,4739.0,1639.0,1179.13,2912.0,6,8.0,0.0,8.0,8.0,5.0,5,5,3.0,0.0,0.33,0.17,0.5,0.5,14.5,5.75,2,2,2,0,High
105,12515.0,1787.86,3456.0,766.0,991.01,1790.0,7,8.0,0.0,8.0,8.0,4.0,4,4,3.0,0.0,0.43,0.43,0.29,0.29,13.43,6.19,1,1,1,4,Medium
106,18226.0,2025.11,4834.0,104.0,1610.07,1937.0,9,1.0,0.0,1.0,1.0,7.0,7,7,5.0,0.0,0.44,0.11,0.44,0.33,12.78,4.66,2,1,2,4,High
107,9201.0,1533.5,3413.0,200.0,1238.12,1297.0,6,10.0,0.0,10.0,10.0,6.0,6,6,1.0,0.0,0.5,0.67,0.5,0.17,12.5,5.61,2,1,2,1,Medium
108,22922.0,3274.57,4370.0,1956.0,1062.94,3876.0,7,2.0,0.0,2.0,2.0,3.0,3,3,1.0,0.0,0.43,0.14,0.29,0.43,14.71,7.3,4,0,3,0,High
109,7492.0,1498.4,4549.0,72.0,1996.94,186.0,5,3.0,0.0,3.0,3.0,9.0,9,9,3.0,0.0,0.2,0.4,0.0,0.4,11.6,9.04,1,2,1,1,Low
110,5303.0,1325.75,3099.0,519.0,1201.24,842.5,4,1.0,0.0,1.0,1.0,4.0,4,4,2.0,0.0,0.25,0.25,0.25,0.0,5.0,4.08,2,0,1,1,Low
111,13866.0,2311.0,4203.0,321.0,1548.97,1942.5,6,6.0,0.0,6.0,6.0,5.0,5,5,3.0,0.0,0.33,0.33,0.33,0.0,8.17,6.21,2,2,2,0,Medium
112,15824.0,2260.57,4141.0,807.0,1238.57,2307.0,7,10.0,0.0,10.0,10.0,3.0,3,3,4.0,0.0,0.43,0.57,0.43,0.14,9.71,6.47,3,1,2,1,Medium
113,21835.0,2729.38,4844.0,169.0,1678.34,2608.5,8,8.0,0.0,8.0,8.0,8.0,8,8,3.0,0.0,0.5,0.12,0.12,0.12,9.5,6.7,2,2,2,2,High
114,3761.0,1880.5,2680.0,1081.0,1130.66,1880.5,2,4.0,0.0,4.0,4.0,7.0,7,7,2.0,0.0,0.0,0.0,0.5,0.0,4.5,2.12,1,1,0,0,Low
115,5187.0,1296.75,2460.0,54.0,1074.49,1336.5,4,7.0,0.0,7.0,7.0,7.0,7,7,3.0,0.0,0.25,0.25,0.25,0.25,12.25,7.72,0,2,2,0,Low
116,22409.0,3201.29,4858.0,2374.0,1112.55,2613.0,7,7.0,0.0,7.0,7.0,8.0,8,8,1.0,0.0,0.43,0.29,0.29,0.29,11.0,7.68,3,1,2,1,High
117,23698.0,2962.25,4497.0,1489.0,1207.85,3206.5,8,5.0,0.0,5.0,5.0,7.0,7,7,4.0,0.0,0.38,0.38,0.38,0.25,11.0,6.63,0,4,2,2,High
118,10669.0,3556.33,4551.0,1833.0,1498.36,4285.0,3,6.0,0.0,6.0,6.0,3.0,3,3,3.0,0.0,0.67,0.0,0.0,0.0,11.0,6.93,1,2,0,0,Medium
119,8152.0,2717.33,3957.0,894.0,1612.76,3301.0,3,10.0,0.0,10.0,10.0,3.0,3,3,4.0,0.0,0.67,0.33,0.33,0.0,11.67,5.13,0,2,0,1,Medium
120,12990.0,1855.71,4486.0,121.0,1428.77,1588.0,7,4.0,0.0,4.0,4.0,2.0,2,2,3.0,0.0,0.14,0.14,0.29,0.57,14.43,8.02,2,1,1,3,Medium
121,6941.0,3470.5,4272.0,2669.0,1133.49,3470.5,2,7.0,0.0,7.0,7.0,1.0,1,1,4.0,0.0,0.0,0.0,0.0,1.0,20.5,0.71,0,0,2,0,Low
122,22732.0,2841.5,4586.0,847.0,1283.45,2806.5,8,5.0,0.0,5.0,5.0,5.0,5,5,3.0,0.0,0.25,0.25,0.25,0.25,11.12,6.64,2,2,2,2,High
123,9326.0,2331.5,4265.0,792.0,1640.9,2134.5,4,2.0,0.0,2.0,2.0,4.0,4,4,3.0,0.0,0.25,0.0,0.0,0.75,19.25,2.99,0,0,1,3,Medium
124,1017.0,1017.0,1017.0,1017.0,,1017.0,1,8.0,,8.0,8.0,2.0,2,2,3.0,,0.0,0.0,0.0,0.0,5.0,,0,1,0,0,Low
125,12811.0,4270.33,4927.0,3739.0,603.84,4145.0,3,2.0,0.0,2.0,2.0,1.0,1,1,2.0,0.0,0.33,0.67,0.67,0.0,8.0,3.0,0,0,0,3,Medium
126,4171.0,4171.0,4171.0,4171.0,,4171.0,1,8.0,,8.0,8.0,3.0,3,3,3.0,,1.0,0.0,0.0,0.0,15.0,,1,0,0,0,Low
127,7813.0,2604.33,3817.0,1558.0,1138.65,2438.0,3,2.0,0.0,2.0,2.0,6.0,6,6,2.0,0.0,0.33,0.33,0.0,0.33,12.33,10.5,0,0,2,1,Medium
128,12388.0,3097.0,4048.0,1909.0,960.55,3215.5,4,5.0,0.0,5.0,5.0,2.0,2,2,2.0,0.0,0.0,0.0,0.0,0.75,16.5,9.71,0,3,1,0,Medium
129,17920.0,3584.0,4766.0,2334.0,937.07,3443.0,5,4.0,0.0,4.0,4.0,10.0,10,10,3.0,0.0,0.4,0.6,0.2,0.0,8.4,6.5,0,3,2,0,High
130,13153.0,4384.33,4952.0,3424.0,836.26,4777.0,3,1.0,0.0,1.0,1.0,7.0,7,7,1.0,0.0,0.33,0.33,0.67,0.33,13.33,8.74,1,1,1,0,Medium
131,15541.0,3108.2,4361.0,2038.0,1086.11,2529.0,5,8.0,0.0,8.0,8.0,7.0,7,7,2.0,0.0,0.4,0.2,0.2,0.2,12.6,6.73,0,1,2,2,Medium
132,8478.0,1695.6,3883.0,170.0,1906.51,493.0,5,10.0,0.0,10.0,10.0,3.0,3,3,3.0,0.0,0.4,0.0,0.0,0.4,17.4,2.7,0,2,1,2,Medium
133,6624.0,1656.0,3607.0,21.0,1671.37,1498.0,4,3.0,0.0,3.0,3.0,1.0,1,1,5.0,0.0,0.5,0.5,0.25,0.5,15.75,5.12,3,0,0,1,Low
134,8267.0,2066.75,3138.0,1047.0,1049.1,2041.0,4,4.0,0.0,4.0,4.0,9.0,9,9,1.0,0.0,0.0,0.75,0.5,0.25,10.25,8.02,0,4,0,0,Medium
135,9408.0,2352.0,4643.0,940.0,1643.98,1912.5,4,4.0,0.0,4.0,4.0,5.0,5,5,5.0,0.0,0.0,0.0,0.25,0.5,16.75,6.95,1,1,2,0,Medium
136,22198.0,3699.67,4632.0,2132.0,1063.86,4111.0,6,5.0,0.0,5.0,5.0,2.0,2,2,2.0,0.0,0.33,0.17,0.67,0.33,12.5,6.75,1,3,1,1,High
137,3520.0,3520.0,3520.0,3520.0,,3520.0,1,3.0,,3.0,3.0,8.0,8,8,3.0,,1.0,0.0,1.0,0.0,10.0,,1,0,0,0,Low
138,7340.0,2446.67,4780.0,283.0,2253.3,2277.0,3,9.0,0.0,9.0,9.0,10.0,10,10,3.0,0.0,0.33,0.67,0.33,0.0,8.33,4.93,1,1,1,0,Low
139,5581.0,2790.5,2803.0,2778.0,17.68,2790.5,2,4.0,0.0,4.0,4.0,10.0,10,10,2.0,0.0,0.5,0.5,0.0,0.0,8.0,8.49,0,2,0,0,Low
140,3528.0,3528.0,3528.0,3528.0,,3528.0,1,10.0,,10.0,10.0,4.0,4,4,5.0,,1.0,0.0,1.0,0.0,11.0,,0,0,0,1,Low
141,11646.0,2911.5,4081.0,819.0,1434.93,3373.0,4,4.0,0.0,4.0,4.0,10.0,10,10,2.0,0.0,0.25,0.25,0.5,0.0,7.25,5.8,1,2,0,1,Medium
142,24363.0,3480.43,4592.0,1368.0,1391.39,3848.0,7,6.0,0.0,6.0,6.0,7.0,7,7,1.0,0.0,0.14,0.14,0.29,0.14,10.14,6.04,2,1,2,2,High
143,9366.0,2341.5,3416.0,426.0,1414.71,2762.0,4,8.0,0.0,8.0,8.0,5.0,5,5,3.0,0.0,0.0,0.5,0.0,0.5,13.0,11.05,0,1,2,1,Medium
144,10382.0,3460.67,4392.0,1692.0,1532.43,4298.0,3,7.0,0.0,7.0,7.0,3.0,3,3,3.0,0.0,0.33,0.67,0.67,0.0,6.33,2.52,1,0,1,1,Medium
145,12295.0,1756.43,2679.0,689.0,685.31,1813.0,7,4.0,0.0,4.0,4.0,10.0,10,10,5.0,0.0,0.43,0.57,0.43,0.29,11.57,6.75,2,2,3,0,Medium
146,12493.0,2498.6,4593.0,1250.0,1257.82,2172.0,5,4.0,0.0,4.0,4.0,8.0,8,8,1.0,0.0,0.6,0.0,0.6,0.2,13.2,5.4,2,2,0,1,Medium
147,5190.0,1297.5,1955.0,266.0,725.39,1484.5,4,5.0,0.0,5.0,5.0,2.0,2,2,5.0,0.0,0.75,0.25,0.5,0.25,13.25,5.68,1,2,0,1,Low
148,18354.0,2294.25,3178.0,1079.0,815.52,2372.5,8,10.0,0.0,10.0,10.0,1.0,1,1,1.0,0.0,0.25,0.12,0.5,0.12,9.25,6.14,1,2,3,2,High
149,34396.0,2866.33,4777.0,342.0,1636.53,3339.0,12,5.0,0.0,5.0,5.0,5.0,5,5,3.0,0.0,0.17,0.33,0.17,0.33,12.33,8.32,3,2,2,5,High
150,14793.0,3698.25,4958.0,2089.0,1280.6,3873.0,4,1.0,0.0,1.0,1.0,4.0,4,4,2.0,0.0,0.25,0.25,0.5,0.0,8.25,3.4,0,2,1,1,Medium
151,12631.0,3157.75,4474.0,1935.0,1137.51,3111.0,4,8.0,0.0,8.0,8.0,10.0,10,10,5.0,0.0,0.0,0.25,0.25,0.5,12.25,7.41,0,2,1,1,Medium
152,22796.0,3256.57,4902.0,1697.0,1251.67,3400.0,7,10.0,0.0,10.0,10.0,7.0,7,7,2.0,0.0,0.43,0.0,0.29,0.14,10.29,5.99,1,3,3,0,High
153,14655.0,2931.0,4328.0,2036.0,958.5,2573.0,5,5.0,0.0,5.0,5.0,9.0,9,9,3.0,0.0,0.4,0.2,0.2,0.4,14.6,8.62,1,1,2,1,Medium
154,15514.0,2585.67,4593.0,527.0,1538.47,2752.5,6,3.0,0.0,3.0,3.0,6.0,6,6,3.0,0.0,0.33,0.17,0.17,0.33,12.5,8.17,2,1,3,0,Medium
155,16752.0,2792.0,4963.0,266.0,1848.94,2721.0,6,3.0,0.0,3.0,3.0,1.0,1,1,2.0,0.0,0.0,0.33,0.0,0.83,21.0,2.1,2,1,3,0,High
156,22256.0,2782.0,4319.0,606.0,1239.38,2909.0,8,4.0,0.0,4.0,4.0,8.0,8,8,4.0,0.0,0.38,0.25,0.25,0.12,9.62,7.15,2,2,1,3,High
157,8350.0,2087.5,3896.0,958.0,1379.94,1748.0,4,7.0,0.0,7.0,7.0,2.0,2,2,1.0,0.0,0.5,0.75,0.5,0.0,8.0,4.97,0,1,1,2,Medium
158,12497.0,2499.4,4828.0,304.0,2133.42,2586.0,5,5.0,0.0,5.0,5.0,4.0,4,4,4.0,0.0,0.6,0.4,0.6,0.2,10.0,6.44,1,0,3,1,Medium
159,8296.0,2765.33,4376.0,374.0,2112.13,3546.0,3,1.0,0.0,1.0,1.0,3.0,3,3,3.0,0.0,0.33,0.0,0.33,0.33,9.67,8.02,0,2,0,1,Medium
160,6309.0,2103.0,4580.0,125.0,2269.03,1604.0,3,5.0,0.0,5.0,5.0,6.0,6,6,1.0,0.0,0.0,0.33,0.0,0.0,3.0,1.73,2,0,0,1,Low
161,28531.0,2377.58,4756.0,451.0,1406.39,2442.0,12,5.0,0.0,5.0,5.0,2.0,2,2,3.0,0.0,0.42,0.25,0.17,0.33,12.83,8.68,1,2,6,3,High
162,12887.0,1841.0,4328.0,417.0,1369.99,2008.0,7,6.0,0.0,6.0,6.0,5.0,5,5,1.0,0.0,0.29,0.0,0.29,0.43,13.14,6.74,0,2,2,3,Medium
163,737.0,737.0,737.0,737.0,,737.0,1,7.0,,7.0,7.0,9.0,9,9,3.0,,0.0,1.0,0.0,1.0,22.0,,1,0,0,0,Low
164,12567.0,3141.75,4270.0,792.0,1619.09,3752.5,4,5.0,0.0,5.0,5.0,3.0,3,3,5.0,0.0,0.25,0.0,0.5,0.25,10.0,7.07,1,0,1,2,Medium
165,13925.0,3481.25,4833.0,2182.0,1090.06,3455.0,4,2.0,0.0,2.0,2.0,2.0,2,2,3.0,0.0,0.75,0.25,0.25,0.25,15.75,5.12,0,0,4,0,Medium
166,9306.0,2326.5,4244.0,1501.0,1286.09,1780.5,4,2.0,0.0,2.0,2.0,2.0,2,2,4.0,0.0,0.5,0.0,0.25,0.0,7.5,7.23,1,1,1,1,Medium
167,10262.0,1710.33,2656.0,397.0,875.38,1742.5,6,4.0,0.0,4.0,4.0,9.0,9,9,1.0,0.0,0.33,0.33,0.17,0.33,12.67,6.02,0,3,1,2,Medium
168,7771.0,1295.17,2455.0,644.0,859.61,800.5,6,1.0,0.0,1.0,1.0,6.0,6,6,1.0,0.0,0.5,0.67,0.17,0.0,8.67,6.41,1,2,3,0,Low
169,21372.0,2374.67,4703.0,93.0,1590.94,2828.0,9,7.0,0.0,7.0,7.0,2.0,2,2,3.0,0.0,0.22,0.44,0.11,0.22,9.0,7.33,1,1,5,2,High
170,1702.0,1702.0,1702.0,1702.0,,1702.0,1,1.0,,1.0,1.0,3.0,3,3,5.0,,1.0,0.0,0.0,0.0,13.0,,0,0,0,1,Low
171,3641.0,1820.5,2342.0,1299.0,737.51,1820.5,2,3.0,0.0,3.0,3.0,1.0,1,1,2.0,0.0,0.5,1.0,0.0,0.5,15.5,3.54,1,0,0,1,Low
172,17092.0,2441.71,4113.0,524.0,1173.85,2812.0,7,10.0,0.0,10.0,10.0,2.0,2,2,5.0,0.0,0.43,0.43,0.57,0.0,8.57,5.59,4,0,1,2,High
173,10760.0,2690.0,4322.0,1691.0,1190.46,2373.5,4,7.0,0.0,7.0,7.0,2.0,2,2,2.0,0.0,0.5,0.5,0.25,0.25,11.25,8.3,1,1,1,1,Medium
174,5613.0,1871.0,4464.0,324.0,2259.53,825.0,3,6.0,0.0,6.0,6.0,2.0,2,2,3.0,0.0,0.33,0.67,0.0,0.33,11.33,8.33,2,1,0,0,Low
175,16274.0,2324.86,4202.0,153.0,1556.7,2504.0,7,7.0,0.0,7.0,7.0,7.0,7,7,3.0,0.0,0.14,0.43,0.0,0.14,9.43,8.24,3,2,1,1,Medium
176,10166.0,2541.5,3298.0,1125.0,985.27,2871.5,4,5.0,0.0,5.0,5.0,3.0,3,3,3.0,0.0,0.25,0.25,0.25,0.25,14.25,5.62,0,1,2,1,Medium
177,11113.0,1852.17,3184.0,249.0,1372.49,2057.5,6,8.0,0.0,8.0,8.0,4.0,4,4,2.0,0.0,0.17,0.17,0.5,0.17,8.5,7.15,1,2,2,1,Medium
178,11780.0,1963.33,4181.0,13.0,1622.04,2251.0,6,6.0,0.0,6.0,6.0,2.0,2,2,3.0,0.0,0.33,0.17,0.17,0.5,14.83,6.88,2,1,2,1,Medium
179,8134.0,2033.5,4759.0,303.0,1952.45,1536.0,4,4.0,0.0,4.0,4.0,5.0,5,5,4.0,0.0,0.25,0.5,0.0,0.75,18.5,1.91,1,2,0,1,Medium
180,11064.0,2212.8,3623.0,152.0,1359.58,2031.0,5,1.0,0.0,1.0,1.0,9.0,9,9,3.0,0.0,0.6,0.2,0.6,0.0,8.6,3.44,2,0,2,1,Medium
181,10698.0,2674.5,4667.0,649.0,2119.65,2691.0,4,2.0,0.0,2.0,2.0,9.0,9,9,3.0,0.0,0.5,0.25,0.5,0.25,9.75,7.41,1,0,1,2,Medium
182,4709.0,2354.5,4428.0,281.0,2932.37,2354.5,2,6.0,0.0,6.0,6.0,7.0,7,7,1.0,0.0,1.0,0.0,0.5,0.0,13.5,3.54,0,1,0,1,Low
183,13940.0,2323.33,4882.0,729.0,1557.69,2033.5,6,4.0,0.0,4.0,4.0,8.0,8,8,2.0,0.0,0.33,0.0,0.33,0.0,10.0,5.73,2,0,2,2,Medium
184,14820.0,2470.0,4760.0,164.0,1858.78,2485.0,6,3.0,0.0,3.0,3.0,5.0,5,5,1.0,0.0,0.17,0.5,0.0,0.0,6.83,6.31,1,2,1,2,Medium
185,15906.0,2272.29,4774.0,117.0,1894.74,1803.0,7,7.0,0.0,7.0,7.0,5.0,5,5,5.0,0.0,0.43,0.43,0.29,0.29,12.71,6.21,0,4,2,1,Medium
186,18257.0,2608.14,4671.0,927.0,1373.01,2707.0,7,7.0,0.0,7.0,7.0,3.0,3,3,2.0,0.0,0.57,0.43,0.57,0.0,8.71,4.15,1,2,1,3,High
187,5919.0,1973.0,4024.0,751.0,1787.05,1144.0,3,2.0,0.0,2.0,2.0,6.0,6,6,5.0,0.0,0.33,0.33,0.33,0.67,18.67,6.66,1,1,0,1,Low
188,10912.0,2728.0,4954.0,1078.0,1850.43,2440.0,4,8.0,0.0,8.0,8.0,1.0,1,1,3.0,0.0,0.0,0.25,0.25,0.0,4.0,2.94,2,0,0,2,Medium
189,19216.0,2135.11,3836.0,224.0,1281.58,2167.0,9,1.0,0.0,1.0,1.0,3.0,3,3,4.0,0.0,0.33,0.33,0.11,0.11,9.56,7.2,3,1,2,3,High
190,5175.0,2587.5,3948.0,1227.0,1924.04,2587.5,2,10.0,0.0,10.0,10.0,2.0,2,2,3.0,0.0,0.5,0.0,0.0,0.5,18.5,4.95,0,1,1,0,Low
191,16531.0,2755.17,7315.0,116.0,2656.11,2710.5,6,7.0,0.0,7.0,7.0,7.0,7,7,3.0,0.0,0.33,0.17,0.33,0.17,9.83,4.96,3,2,1,0,Medium
192,17200.0,2457.14,4254.0,89.0,1750.43,2539.0,7,10.0,0.0,10.0,10.0,9.0,9,9,1.0,0.0,0.29,0.14,0.29,0.29,10.57,8.58,3,2,2,0,High
193,21112.0,3016.0,4947.0,1324.0,1282.44,2879.0,7,1.0,0.0,1.0,1.0,4.0,4,4,2.0,0.0,0.57,0.43,0.71,0.14,10.0,6.78,3,2,0,2,High
194,21814.0,2726.75,4838.0,1041.0,1367.07,2388.5,8,3.0,0.0,3.0,3.0,7.0,7,7,3.0,0.0,0.12,0.5,0.0,0.0,8.75,7.89,1,2,3,2,High
195,18041.0,3608.2,7315.0,880.0,2390.9,3356.0,5,3.0,0.0,3.0,3.0,8.0,8,8,1.0,0.0,0.4,0.2,0.6,0.2,9.6,5.86,0,3,1,1,High
196,13945.0,2324.17,4850.0,455.0,1908.74,1623.5,6,10.0,0.0,10.0,10.0,10.0,10,10,2.0,0.0,0.33,0.17,0.33,0.33,12.83,6.11,2,2,1,1,Medium
197,7851.0,2617.0,3887.0,1265.0,1312.92,2699.0,3,2.0,0.0,2.0,2.0,2.0,2,2,4.0,0.0,0.33,0.67,0.33,0.67,15.67,4.04,0,0,2,1,Medium
198,17538.0,2923.0,4463.0,609.0,1492.11,3437.5,6,10.0,0.0,10.0,10.0,7.0,7,7,2.0,0.0,0.33,0.0,0.17,0.5,15.0,8.15,0,1,3,2,High
199,10680.0,2670.0,4536.0,1250.0,1564.05,2447.0,4,5.0,0.0,5.0,5.0,3.0,3,3,5.0,0.0,1.0,0.0,0.0,0.0,14.75,0.96,0,0,3,1,Medium
200,4422.0,2211.0,3447.0,975.0,1747.97,2211.0,2,4.0,0.0,4.0,4.0,8.0,8,8,1.0,0.0,1.0,0.5,0.5,0.0,12.5,4.95,1,0,0,1,Low
201,7618.0,1523.6,3940.0,296.0,1497.22,739.0,5,6.0,0.0,6.0,6.0,6.0,6,6,2.0,0.0,0.2,0.2,0.0,0.2,13.2,7.29,1,1,1,2,Low
202,29806.0,2980.6,4424.0,37.0,1431.25,3485.0,10,2.0,0.0,2.0,2.0,3.0,3,3,3.0,0.0,0.1,0.3,0.1,0.4,13.1,8.36,3,3,2,2,High
203,15901.0,2650.17,4644.0,781.0,1487.77,2674.5,6,4.0,0.0,4.0,4.0,8.0,8,8,4.0,0.0,0.33,0.17,0.5,0.33,12.67,5.99,3,2,0,1,Medium
204,7810.0,1952.5,2723.0,1241.0,633.22,1923.0,4,7.0,0.0,7.0,7.0,3.0,3,3,3.0,0.0,0.5,0.0,0.25,0.0,10.5,6.24,3,1,0,0,Medium
205,8272.0,2757.33,3715.0,1989.0,878.44,2568.0,3,1.0,0.0,1.0,1.0,9.0,9,9,1.0,0.0,0.33,0.33,0.0,0.0,6.0,6.08,2,0,0,1,Medium
206,3450.0,1725.0,2095.0,1355.0,523.26,1725.0,2,3.0,0.0,3.0,3.0,3.0,3,3,3.0,0.0,0.5,0.5,0.5,0.0,6.0,7.07,1,0,0,1,Low
207,20991.0,3498.5,4729.0,1797.0,1164.94,3695.0,6,1.0,0.0,1.0,1.0,1.0,1,1,3.0,0.0,0.0,0.5,0.0,1.0,20.17,1.83,1,1,1,3,High
208,8592.0,2148.0,4383.0,481.0,1638.35,1864.0,4,2.0,0.0,2.0,2.0,2.0,2,2,5.0,0.0,0.25,0.0,0.0,0.5,12.5,9.0,2,1,0,1,Medium
209,3819.0,954.75,1760.0,552.0,549.22,753.5,4,9.0,0.0,9.0,9.0,4.0,4,4,1.0,0.0,0.5,0.25,0.25,0.25,12.25,6.7,1,1,0,2,Low
210,11518.0,3839.33,4413.0,2746.0,947.24,4359.0,3,10.0,0.0,10.0,10.0,2.0,2,2,2.0,0.0,1.0,0.0,0.67,0.0,11.0,2.65,0,0,2,1,Medium
211,10456.0,2614.0,4582.0,887.0,1653.45,2493.5,4,5.0,0.0,5.0,5.0,4.0,4,4,4.0,0.0,0.25,0.25,0.25,0.25,9.25,9.74,0,2,1,1,Medium
212,4204.0,2102.0,3633.0,571.0,2165.16,2102.0,2,4.0,0.0,4.0,4.0,4.0,4,4,4.0,0.0,0.5,0.0,0.5,0.0,9.5,3.54,0,1,0,1,Low
213,4766.0,953.2,1380.0,105.0,514.79,1161.0,5,4.0,0.0,4.0,4.0,4.0,4,4,4.0,0.0,0.4,0.2,0.2,0.2,9.8,10.06,0,1,0,4,Low
214,11440.0,2288.0,3072.0,1669.0,683.08,2059.0,5,8.0,0.0,8.0,8.0,1.0,1,1,2.0,0.0,0.6,0.4,0.0,0.0,9.6,7.13,2,1,1,1,Medium
215,13713.0,2285.5,4331.0,570.0,1569.52,2209.0,6,3.0,0.0,3.0,3.0,9.0,9,9,4.0,0.0,0.5,0.33,0.33,0.17,9.83,8.23,1,2,0,3,Medium
216,15663.0,2610.5,4963.0,274.0,1707.39,2731.0,6,4.0,0.0,4.0,4.0,10.0,10,10,1.0,0.0,0.33,0.17,0.17,0.33,12.5,6.44,0,2,1,3,Medium
217,19007.0,2375.88,3825.0,72.0,1172.02,2658.0,8,2.0,0.0,2.0,2.0,7.0,7,7,5.0,0.0,0.38,0.25,0.25,0.12,9.75,6.5,2,1,4,1,High
218,10346.0,2586.5,4220.0,219.0,1892.96,2953.5,4,6.0,0.0,6.0,6.0,2.0,2,2,3.0,0.0,0.0,0.5,0.25,0.0,4.75,2.5,2,2,0,0,Medium
219,10575.0,1762.5,4507.0,78.0,1706.53,1283.5,6,9.0,0.0,9.0,9.0,3.0,3,3,3.0,0.0,0.17,0.5,0.0,0.5,12.67,8.62,3,1,2,0,Medium
220,17741.0,2534.43,4778.0,353.0,1936.74,3154.0,7,4.0,0.0,4.0,4.0,8.0,8,8,1.0,0.0,0.29,0.29,0.14,0.14,9.57,7.55,3,2,1,1,High
221,7280.0,3640.0,4043.0,3237.0,569.93,3640.0,2,6.0,0.0,6.0,6.0,7.0,7,7,5.0,0.0,0.0,0.5,0.0,0.0,0.5,0.71,0,1,0,1,Low
222,23154.0,3859.0,4509.0,2119.0,934.44,4255.0,6,4.0,0.0,4.0,4.0,4.0,4,4,1.0,0.0,0.5,0.5,0.0,0.17,11.5,7.09,0,1,2,3,High
223,10797.0,1799.5,3238.0,305.0,1026.43,1858.5,6,2.0,0.0,2.0,2.0,4.0,4,4,4.0,0.0,0.17,0.5,0.33,0.17,7.67,7.47,2,1,1,2,Medium
224,9272.0,2318.0,4839.0,1088.0,1703.77,1672.5,4,6.0,0.0,6.0,6.0,9.0,9,9,4.0,0.0,0.75,0.0,0.5,0.0,11.25,3.77,0,2,0,2,Medium
225,11296.0,2824.0,4634.0,1617.0,1298.44,2522.5,4,7.0,0.0,7.0,7.0,5.0,5,5,1.0,0.0,0.25,0.0,0.0,0.5,15.25,8.81,0,1,1,2,Medium
226,7757.0,3878.5,4875.0,2882.0,1409.26,3878.5,2,4.0,0.0,4.0,4.0,5.0,5,5,2.0,0.0,0.0,0.5,0.0,1.0,22.0,1.41,1,1,0,0,Low
227,9941.0,1988.2,4101.0,404.0,1588.57,1304.0,5,6.0,0.0,6.0,6.0,7.0,7,7,4.0,0.0,0.6,0.2,0.2,0.2,10.4,6.88,0,2,1,2,Medium
228,13969.0,2328.17,4922.0,1065.0,1566.57,1598.0,6,8.0,0.0,8.0,8.0,1.0,1,1,2.0,0.0,0.33,0.0,0.17,0.0,8.0,7.32,3,2,1,0,Medium
229,5974.0,1991.33,2652.0,1056.0,832.7,2266.0,3,3.0,0.0,3.0,3.0,3.0,3,3,1.0,0.0,0.0,0.33,0.67,0.0,4.67,3.21,0,2,1,0,Low
230,11144.0,2228.8,3054.0,1516.0,662.32,2460.0,5,2.0,0.0,2.0,2.0,2.0,2,2,3.0,0.0,0.2,0.4,0.2,0.2,13.8,5.76,1,3,0,1,Medium
231,7034.0,1406.8,2546.0,318.0,1028.56,978.0,5,5.0,0.0,5.0,5.0,10.0,10,10,1.0,0.0,0.8,0.6,0.4,0.0,13.8,3.56,0,2,3,0,Low
232,15353.0,3838.25,4396.0,3348.0,445.96,3804.5,4,2.0,0.0,2.0,2.0,6.0,6,6,4.0,0.0,0.0,0.0,0.5,0.25,8.75,7.23,0,0,3,1,Medium
233,10936.0,2187.2,3320.0,274.0,1214.39,2321.0,5,10.0,0.0,10.0,10.0,6.0,6,6,1.0,0.0,0.4,0.8,0.0,0.0,11.0,6.96,1,0,0,4,Medium
234,13926.0,2321.0,4684.0,67.0,1914.88,2419.0,6,5.0,0.0,5.0,5.0,10.0,10,10,2.0,0.0,0.5,0.17,0.33,0.0,8.17,5.34,2,3,1,0,Medium
235,7797.0,3898.5,4348.0,3449.0,635.69,3898.5,2,10.0,0.0,10.0,10.0,1.0,1,1,3.0,0.0,0.0,0.0,0.0,0.5,11.0,9.9,1,0,0,1,Medium
236,14063.0,2343.83,4730.0,1071.0,1357.02,2041.0,6,6.0,0.0,6.0,6.0,6.0,6,6,1.0,0.0,0.5,0.17,0.5,0.33,12.67,5.47,1,2,2,1,Medium
237,4888.0,4888.0,4888.0,4888.0,,4888.0,1,8.0,,8.0,8.0,10.0,10,10,1.0,,1.0,0.0,0.0,0.0,13.0,,1,0,0,0,Low
238,3267.0,1633.5,2390.0,877.0,1069.85,1633.5,2,6.0,0.0,6.0,6.0,2.0,2,2,5.0,0.0,0.5,0.0,0.5,0.5,15.0,5.66,1,0,0,1,Low
239,8082.0,2020.5,3592.0,81.0,1449.03,2204.5,4,4.0,0.0,4.0,4.0,4.0,4,4,3.0,0.0,0.25,0.25,0.25,0.25,13.75,6.13,0,0,1,3,Medium
240,13699.0,1957.0,4527.0,489.0,1447.76,1636.0,7,3.0,0.0,3.0,3.0,6.0,6,6,2.0,0.0,0.57,0.14,0.29,0.0,9.86,4.71,2,4,0,1,Medium
241,18421.0,2302.62,4476.0,774.0,1196.52,2348.0,8,2.0,0.0,2.0,2.0,3.0,3,3,2.0,0.0,0.5,0.25,0.12,0.0,10.12,6.08,0,5,2,1,High
242,15706.0,3926.5,4959.0,2004.0,1367.98,4371.5,4,1.0,0.0,1.0,1.0,3.0,3,3,2.0,0.0,0.25,0.5,0.25,0.5,14.0,10.49,0,1,3,0,Medium
243,12097.0,2419.4,4916.0,17.0,1853.99,2876.0,5,2.0,0.0,2.0,2.0,3.0,3,3,1.0,0.0,0.2,0.4,0.0,0.4,11.0,8.46,0,2,2,1,Medium
244,25356.0,2535.6,3817.0,491.0,1142.94,2780.0,10,2.0,0.0,2.0,2.0,4.0,4,4,4.0,0.0,0.6,0.3,0.5,0.0,10.1,4.84,1,1,2,6,High
245,20364.0,2545.5,4595.0,518.0,1535.15,2652.0,8,5.0,0.0,5.0,5.0,9.0,9,9,3.0,0.0,0.38,0.12,0.38,0.12,12.0,5.55,3,3,1,1,High
246,13095.0,1636.88,3958.0,203.0,1425.8,1537.5,8,9.0,0.0,9.0,9.0,4.0,4,4,2.0,0.0,0.38,0.25,0.38,0.12,9.25,6.11,3,2,1,2,Medium
247,12176.0,2029.33,4945.0,463.0,1679.23,1655.5,6,1.0,0.0,1.0,1.0,4.0,4,4,4.0,0.0,0.67,0.33,0.33,0.17,13.67,4.27,3,1,1,1,Medium
248,8430.0,2810.0,4909.0,1385.0,1856.17,2136.0,3,4.0,0.0,4.0,4.0,4.0,4,4,5.0,0.0,0.0,0.0,0.0,0.67,15.33,11.55,1,0,1,1,Medium
249,16771.0,3354.2,4796.0,1366.0,1743.09,4366.0,5,10.0,0.0,10.0,10.0,7.0,7,7,2.0,0.0,0.6,0.6,0.0,0.4,16.4,4.39,1,2,1,1,High
250,6732.0,2244.0,2715.0,1730.0,493.91,2287.0,3,7.0,0.0,7.0,7.0,5.0,5,5,3.0,0.0,0.0,0.67,0.0,0.33,14.0,9.85,0,0,1,2,Low
251,4497.0,1499.0,2144.0,545.0,843.1,1808.0,3,10.0,0.0,10.0,10.0,2.0,2,2,1.0,0.0,0.0,0.0,0.67,0.0,5.33,2.08,0,1,1,1,Low
252,3454.0,1727.0,1992.0,1462.0,374.77,1727.0,2,3.0,0.0,3.0,3.0,7.0,7,7,3.0,0.0,0.0,0.5,0.0,0.0,1.5,0.71,0,0,1,1,Low
253,13723.0,2287.17,4851.0,345.0,1547.48,2408.5,6,8.0,0.0,8.0,8.0,3.0,3,3,2.0,0.0,0.17,0.33,0.33,0.33,12.17,6.18,1,3,1,1,Medium
254,16947.0,3389.4,4984.0,418.0,1931.83,4317.0,5,3.0,0.0,3.0,3.0,1.0,1,1,4.0,0.0,0.6,0.4,0.8,0.0,7.8,4.66,0,2,2,1,High
255,9699.0,2424.75,3778.0,391.0,1552.73,2765.0,4,8.0,0.0,8.0,8.0,9.0,9,9,3.0,0.0,0.5,0.25,0.0,0.0,12.0,6.22,0,1,1,2,Medium
256,4900.0,1633.33,2200.0,787.0,746.86,1913.0,3,2.0,0.0,2.0,2.0,5.0,5,5,4.0,0.0,0.0,0.0,0.0,0.33,14.0,8.89,0,0,3,0,Low
257,10457.0,2091.4,3984.0,46.0,1400.77,2052.0,5,5.0,0.0,5.0,5.0,10.0,10,10,2.0,0.0,0.2,0.8,0.4,0.2,8.2,7.56,0,2,1,2,Medium
258,20083.0,3347.17,4790.0,2346.0,859.5,3378.5,6,4.0,0.0,4.0,4.0,1.0,1,1,3.0,0.0,0.33,0.17,0.5,0.17,8.83,6.27,0,1,3,2,High
259,24962.0,3566.0,4773.0,2037.0,1069.13,3661.0,7,9.0,0.0,9.0,9.0,1.0,1,1,3.0,0.0,0.43,0.43,0.29,0.14,9.86,7.73,4,2,0,1,High
260,24476.0,2719.56,4903.0,119.0,1585.91,3103.0,9,3.0,0.0,3.0,3.0,1.0,1,1,3.0,0.0,0.11,0.33,0.33,0.33,10.89,7.57,3,1,3,2,High
261,10994.0,2198.8,4563.0,618.0,1651.28,2156.0,5,5.0,0.0,5.0,5.0,9.0,9,9,3.0,0.0,0.4,0.2,0.8,0.0,9.2,3.56,0,2,1,2,Medium
262,22368.0,3195.43,4577.0,1626.0,1141.9,3486.0,7,10.0,0.0,10.0,10.0,8.0,8,8,5.0,0.0,0.14,0.29,0.0,0.86,18.71,1.89,2,2,2,1,High
263,13666.0,1952.29,3652.0,95.0,1199.67,1890.0,7,9.0,0.0,9.0,9.0,6.0,6,6,4.0,0.0,0.29,0.29,0.0,0.0,5.71,6.24,2,0,3,2,Medium
264,4269.0,1067.25,2277.0,28.0,924.67,982.0,4,6.0,0.0,6.0,6.0,10.0,10,10,1.0,0.0,0.25,0.0,0.5,0.25,13.0,6.06,0,3,0,1,Low
265,10912.0,2182.4,4281.0,978.0,1313.89,2165.0,5,2.0,0.0,2.0,2.0,6.0,6,6,2.0,0.0,0.2,0.4,0.0,0.6,15.6,9.4,1,1,1,2,Medium
266,1636.0,818.0,1177.0,459.0,507.7,818.0,2,1.0,0.0,1.0,1.0,6.0,6,6,2.0,0.0,0.0,0.0,0.0,1.0,20.5,3.54,0,0,1,1,Low
267,15174.0,3034.8,4685.0,733.0,1699.75,3231.0,5,1.0,0.0,1.0,1.0,4.0,4,4,3.0,0.0,0.8,0.6,0.2,0.2,14.6,3.36,0,1,2,2,Medium
268,1686.0,843.0,941.0,745.0,138.59,843.0,2,7.0,0.0,7.0,7.0,5.0,5,5,5.0,0.0,0.0,0.5,0.0,0.0,3.0,1.41,0,0,1,1,Low
269,9061.0,1812.2,3356.0,385.0,1123.34,2091.0,5,2.0,0.0,2.0,2.0,10.0,10,10,3.0,0.0,0.4,0.4,0.4,0.0,7.0,5.24,0,0,3,2,Medium
270,13914.0,2319.0,4287.0,589.0,1302.39,2282.5,6,7.0,0.0,7.0,7.0,3.0,3,3,2.0,0.0,0.17,0.17,0.17,0.0,5.0,4.56,1,2,2,1,Medium
271,13787.0,1969.57,4610.0,108.0,1792.07,2111.0,7,1.0,0.0,1.0,1.0,3.0,3,3,5.0,0.0,0.57,0.57,0.43,0.0,8.86,4.98,1,2,2,2,Medium
272,14685.0,2937.0,3988.0,1703.0,939.84,2839.0,5,4.0,0.0,4.0,4.0,10.0,10,10,1.0,0.0,0.4,0.2,0.4,0.0,6.4,5.68,2,2,1,0,Medium
273,16307.0,2329.57,4190.0,1302.0,1205.05,1661.0,7,10.0,0.0,10.0,10.0,7.0,7,7,2.0,0.0,0.57,0.14,0.29,0.14,12.0,5.74,1,0,5,1,Medium
274,7614.0,1903.5,3495.0,485.0,1407.26,1817.0,4,4.0,0.0,4.0,4.0,5.0,5,5,5.0,0.0,0.25,0.5,0.0,0.5,14.5,8.06,1,0,1,2,Low
275,7098.0,1419.6,3009.0,421.0,1148.07,816.0,5,5.0,0.0,5.0,5.0,8.0,8,8,1.0,0.0,0.2,0.0,0.0,0.4,12.8,8.84,1,3,1,0,Low
276,23797.0,2974.62,4874.0,647.0,1544.44,2904.5,8,10.0,0.0,10.0,10.0,5.0,5,5,3.0,0.0,0.38,0.12,0.5,0.12,9.0,6.37,2,2,4,0,High
277,11538.0,2884.5,4574.0,707.0,1608.53,3128.5,4,1.0,0.0,1.0,1.0,4.0,4,4,3.0,0.0,0.5,0.5,0.25,0.25,11.75,9.54,0,2,2,0,Medium
278,16540.0,2362.86,3943.0,1230.0,1080.98,2720.0,7,7.0,0.0,7.0,7.0,3.0,3,3,3.0,0.0,0.14,0.29,0.14,0.71,16.71,7.76,0,1,2,4,High
279,9164.0,1527.33,3264.0,37.0,1302.61,1338.0,6,2.0,0.0,2.0,2.0,2.0,2,2,3.0,0.0,0.67,0.33,0.5,0.33,14.17,6.05,1,1,2,2,Medium
280,4335.0,2167.5,3122.0,1213.0,1349.87,2167.5,2,2.0,0.0,2.0,2.0,3.0,3,3,1.0,0.0,0.5,0.0,0.0,0.5,17.5,7.78,0,1,1,0,Low
281,25670.0,3667.14,4652.0,1213.0,1315.21,4294.0,7,8.0,0.0,8.0,8.0,7.0,7,7,2.0,0.0,0.14,0.29,0.43,0.29,10.71,7.39,3,0,3,1,High
282,2539.0,2539.0,2539.0,2539.0,,2539.0,1,9.0,,9.0,9.0,8.0,8,8,4.0,,0.0,0.0,0.0,1.0,23.0,,0,0,0,1,Low
283,16347.0,2724.5,4862.0,300.0,1733.81,3069.0,6,6.0,0.0,6.0,6.0,5.0,5,5,1.0,0.0,0.5,0.0,0.5,0.17,11.33,4.55,0,2,3,1,Medium
284,9103.0,3034.33,4653.0,1111.0,1790.55,3339.0,3,1.0,0.0,1.0,1.0,1.0,1,1,3.0,0.0,0.0,0.0,0.0,1.0,21.67,1.15,0,0,2,1,Medium
285,16980.0,3396.0,4899.0,2075.0,1287.78,3289.0,5,1.0,0.0,1.0,1.0,3.0,3,3,5.0,0.0,0.2,0.0,0.2,0.4,11.6,9.91,2,0,3,0,High
286,14048.0,2006.86,4581.0,302.0,1428.75,1355.0,7,7.0,0.0,7.0,7.0,4.0,4,4,5.0,0.0,0.57,0.29,0.29,0.14,14.14,4.95,3,3,1,0,Medium
287,10442.0,1740.33,3472.0,198.0,1623.14,1648.0,6,8.0,0.0,8.0,8.0,10.0,10,10,5.0,0.0,0.33,0.33,0.17,0.17,11.5,7.56,1,2,2,1,Medium
288,19863.0,2837.57,4770.0,1056.0,1334.35,2512.0,7,3.0,0.0,3.0,3.0,4.0,4,4,1.0,0.0,0.43,0.29,0.29,0.0,9.29,5.77,2,1,3,1,High
289,6770.0,2256.67,3147.0,717.0,1338.82,2906.0,3,9.0,0.0,9.0,9.0,1.0,1,1,3.0,0.0,0.33,0.33,0.33,0.0,7.33,5.51,0,0,2,1,Low
290,24774.0,3096.75,4838.0,315.0,1421.66,3377.5,8,4.0,0.0,4.0,4.0,10.0,10,10,2.0,0.0,0.25,0.38,0.12,0.38,12.5,8.26,2,2,2,2,High
291,3708.0,1854.0,2460.0,1248.0,857.01,1854.0,2,4.0,0.0,4.0,4.0,9.0,9,9,3.0,0.0,0.5,0.0,0.5,0.5,14.0,7.07,0,0,1,1,Low
292,5782.0,1927.33,2854.0,616.0,1167.53,2312.0,3,3.0,0.0,3.0,3.0,10.0,10,10,3.0,0.0,0.67,0.67,0.33,0.0,11.0,4.58,0,1,2,0,Low
293,7968.0,2656.0,4940.0,739.0,2124.41,2289.0,3,8.0,0.0,8.0,8.0,4.0,4,4,2.0,0.0,0.33,0.33,0.33,0.33,14.67,7.02,1,1,0,1,Medium
294,13197.0,1885.29,4944.0,337.0,1654.8,1512.0,7,9.0,0.0,9.0,9.0,2.0,2,2,4.0,0.0,0.14,0.14,0.43,0.43,13.86,6.79,0,1,2,4,Medium
295,19554.0,3259.0,4419.0,1404.0,1061.85,3313.5,6,1.0,0.0,1.0,1.0,9.0,9,9,5.0,0.0,0.17,0.17,0.0,0.5,12.83,9.75,0,1,2,3,High
296,13579.0,2715.8,4828.0,388.0,1888.86,2765.0,5,2.0,0.0,2.0,2.0,4.0,4,4,5.0,0.0,0.0,0.6,0.0,0.2,5.8,9.15,2,1,1,1,Medium
297,22862.0,2857.75,4993.0,255.0,1515.59,3108.5,8,1.0,0.0,1.0,1.0,4.0,4,4,3.0,0.0,0.62,0.5,0.25,0.0,10.5,5.83,2,2,2,2,High
298,13130.0,3282.5,4807.0,1381.0,1450.16,3471.0,4,4.0,0.0,4.0,4.0,6.0,6,6,2.0,0.0,0.75,0.0,0.5,0.0,11.5,4.2,2,1,1,0,Medium
299,8270.0,4135.0,4700.0,3570.0,799.03,4135.0,2,10.0,0.0,10.0,10.0,8.0,8,8,3.0,0.0,0.5,0.5,0.5,0.0,11.0,5.66,0,0,0,2,Medium
300,9116.0,1823.2,3084.0,179.0,1183.83,2358.0,5,7.0,0.0,7.0,7.0,5.0,5,5,1.0,0.0,0.6,0.0,0.2,0.2,12.2,6.98,1,2,2,0,Medium
301,19287.0,3857.4,4801.0,1705.0,1261.04,4112.0,5,7.0,0.0,7.0,7.0,8.0,8,8,2.0,0.0,0.0,0.6,0.4,0.2,7.4,6.07,1,1,2,1,High
302,17662.0,2523.14,4587.0,271.0,1857.21,1969.0,7,6.0,0.0,6.0,6.0,1.0,1,1,3.0,0.0,0.14,0.43,0.29,0.0,7.71,5.19,1,3,1,2,High
303,11487.0,2297.4,4380.0,1342.0,1289.13,1647.0,5,5.0,0.0,5.0,5.0,4.0,4,4,3.0,0.0,0.2,0.6,0.2,0.2,6.2,7.98,1,1,1,2,Medium
304,15731.0,1966.38,4924.0,112.0,1808.1,1416.0,8,4.0,0.0,4.0,4.0,1.0,1,1,3.0,0.0,0.25,0.12,0.25,0.38,11.88,7.2,3,3,1,1,Medium
305,12673.0,3168.25,4343.0,2225.0,884.58,3052.5,4,8.0,0.0,8.0,8.0,3.0,3,3,5.0,0.0,0.75,0.75,0.5,0.0,9.5,5.0,0,1,2,1,Medium
306,8528.0,2842.67,4127.0,815.0,1776.72,3586.0,3,7.0,0.0,7.0,7.0,7.0,7,7,4.0,0.0,0.0,0.0,0.0,0.33,13.33,7.23,1,1,1,0,Medium
307,17716.0,1968.44,4797.0,75.0,1552.49,2114.0,9,10.0,0.0,10.0,10.0,1.0,1,1,4.0,0.0,0.22,0.56,0.11,0.56,15.67,6.26,1,3,4,1,High
308,26462.0,2646.2,4710.0,320.0,1515.17,2748.0,10,1.0,0.0,1.0,1.0,5.0,5,5,1.0,0.0,0.2,0.5,0.3,0.4,11.6,7.52,2,4,3,1,High
309,7750.0,2583.33,3656.0,1197.0,1259.15,2897.0,3,6.0,0.0,6.0,6.0,1.0,1,1,1.0,0.0,0.67,0.0,0.33,0.0,11.0,4.58,1,1,0,1,Low
310,15821.0,1977.62,4466.0,171.0,1841.87,1188.0,8,2.0,0.0,2.0,2.0,6.0,6,6,1.0,0.0,0.38,0.38,0.5,0.0,8.25,5.47,3,2,2,1,Medium
311,5048.0,1682.67,2284.0,888.0,717.8,1876.0,3,4.0,0.0,4.0,4.0,9.0,9,9,2.0,0.0,0.0,0.33,0.33,0.33,9.0,9.85,1,0,2,0,Low
312,20988.0,2998.29,4931.0,535.0,1403.08,3345.0,7,5.0,0.0,5.0,5.0,3.0,3,3,2.0,0.0,0.29,0.29,0.14,0.14,8.86,8.17,2,3,0,2,High
313,8217.0,2054.25,4260.0,725.0,1531.85,1616.0,4,8.0,0.0,8.0,8.0,6.0,6,6,2.0,0.0,0.0,0.25,0.25,0.0,4.75,2.36,1,0,2,1,Medium
314,10005.0,2501.25,4347.0,1133.0,1364.37,2262.5,4,6.0,0.0,6.0,6.0,4.0,4,4,4.0,0.0,0.75,0.5,0.25,0.0,9.5,5.92,0,1,0,3,Medium
315,4825.0,4825.0,4825.0,4825.0,,4825.0,1,2.0,,2.0,2.0,6.0,6,6,2.0,,0.0,0.0,0.0,1.0,21.0,,0,0,1,0,Low
316,17708.0,2951.33,4636.0,1446.0,1181.31,2804.0,6,5.0,0.0,5.0,5.0,2.0,2,2,4.0,0.0,0.33,0.0,0.17,0.33,11.17,8.38,1,1,2,2,High
317,9703.0,2425.75,3741.0,1176.0,1165.5,2393.0,4,5.0,0.0,5.0,5.0,4.0,4,4,3.0,0.0,0.75,0.5,0.25,0.0,10.0,6.68,0,1,1,2,Medium
318,9877.0,3292.33,4918.0,1047.0,2008.52,3912.0,3,6.0,0.0,6.0,6.0,7.0,7,7,5.0,0.0,0.33,0.0,0.33,0.33,14.67,8.5,1,1,0,1,Medium
319,7885.0,2628.33,4681.0,998.0,1877.47,2206.0,3,1.0,0.0,1.0,1.0,6.0,6,6,3.0,0.0,0.33,0.33,0.33,0.67,18.0,6.08,0,2,0,1,Medium
320,19369.0,2421.12,4536.0,710.0,1379.28,2395.5,8,8.0,0.0,8.0,8.0,9.0,9,9,5.0,0.0,0.62,0.12,0.12,0.12,12.5,6.23,1,3,1,3,High
321,16246.0,2707.67,3937.0,1206.0,922.67,2595.0,6,3.0,0.0,3.0,3.0,7.0,7,7,3.0,0.0,0.33,0.5,0.33,0.17,9.33,8.45,3,0,2,1,Medium
322,5742.0,2871.0,3048.0,2694.0,250.32,2871.0,2,5.0,0.0,5.0,5.0,1.0,1,1,3.0,0.0,0.0,1.0,0.0,0.5,11.0,12.73,1,0,1,0,Low
323,2816.0,2816.0,2816.0,2816.0,,2816.0,1,7.0,,7.0,7.0,6.0,6,6,2.0,,0.0,0.0,0.0,0.0,5.0,,0,0,1,0,Low
324,2392.0,1196.0,1434.0,958.0,336.58,1196.0,2,3.0,0.0,3.0,3.0,3.0,3,3,1.0,0.0,0.0,0.0,0.0,0.0,4.0,0.0,1,1,0,0,Low
325,13376.0,3344.0,4674.0,1951.0,1133.65,3375.5,4,10.0,0.0,10.0,10.0,8.0,8,8,2.0,0.0,0.5,0.25,0.0,0.0,8.5,7.59,1,0,3,0,Medium
326,6981.0,2327.0,4952.0,833.0,2280.55,1196.0,3,6.0,0.0,6.0,6.0,1.0,1,1,1.0,0.0,0.33,0.33,0.33,0.0,9.0,6.56,1,0,1,1,Low
327,3692.0,1846.0,2160.0,1532.0,444.06,1846.0,2,5.0,0.0,5.0,5.0,10.0,10,10,4.0,0.0,1.0,0.5,1.0,0.0,10.0,1.41,0,0,1,1,Low
328,8734.0,1746.8,2935.0,844.0,902.84,1824.0,5,7.0,0.0,7.0,7.0,2.0,2,2,5.0,0.0,0.4,0.6,0.0,0.0,7.2,6.91,0,2,1,2,Medium
329,18744.0,2677.71,4999.0,116.0,1702.71,2374.0,7,10.0,0.0,10.0,10.0,3.0,3,3,4.0,0.0,0.14,0.29,0.29,0.14,10.0,6.73,1,3,1,2,High
330,18841.0,3140.17,4685.0,1698.0,1261.78,3148.0,6,3.0,0.0,3.0,3.0,3.0,3,3,1.0,0.0,0.67,0.17,0.5,0.33,13.83,5.91,2,1,1,2,High
331,13418.0,2236.33,4271.0,280.0,1426.64,2256.5,6,2.0,0.0,2.0,2.0,7.0,7,7,3.0,0.0,0.33,0.0,0.0,0.33,13.0,8.32,3,0,1,2,Medium
332,6710.0,1677.5,2757.0,698.0,935.37,1627.5,4,4.0,0.0,4.0,4.0,8.0,8,8,1.0,0.0,0.5,0.25,0.25,0.0,11.0,6.98,1,1,2,0,Low
333,20410.0,2551.25,4991.0,879.0,1343.06,2273.0,8,3.0,0.0,3.0,3.0,9.0,9,9,2.0,0.0,0.12,0.25,0.25,0.38,12.12,8.46,1,1,3,3,High
334,9452.0,1890.4,3413.0,70.0,1538.7,2460.0,5,4.0,0.0,4.0,4.0,7.0,7,7,4.0,0.0,0.2,0.2,0.0,0.4,14.6,6.58,2,0,0,3,Medium
335,13724.0,2744.8,3985.0,2038.0,730.8,2573.0,5,7.0,0.0,7.0,7.0,8.0,8,8,5.0,0.0,0.4,0.6,0.0,0.2,11.2,8.17,2,1,1,1,Medium
336,9769.0,1395.57,2670.0,327.0,1001.98,775.0,7,5.0,0.0,5.0,5.0,6.0,6,6,3.0,0.0,0.29,0.14,0.14,0.29,11.43,7.55,3,0,1,3,Medium
337,18546.0,3091.0,4983.0,1598.0,1192.83,2794.5,6,4.0,0.0,4.0,4.0,2.0,2,2,3.0,0.0,0.17,0.17,0.17,0.5,15.67,5.2,1,1,1,3,High
338,25222.0,4203.67,4908.0,3124.0,708.09,4456.0,6,6.0,0.0,6.0,6.0,1.0,1,1,1.0,0.0,0.5,0.33,0.33,0.0,9.17,5.78,5,1,0,0,High
339,12374.0,2062.33,3618.0,425.0,1088.15,2282.0,6,7.0,0.0,7.0,7.0,3.0,3,3,4.0,0.0,0.67,0.5,0.67,0.17,11.33,4.55,2,1,1,2,Medium
340,13414.0,2682.8,4498.0,1476.0,1187.81,2311.0,5,5.0,0.0,5.0,5.0,9.0,9,9,3.0,0.0,0.4,0.4,0.0,0.0,9.6,6.73,3,1,0,1,Medium
341,11859.0,2964.75,4976.0,409.0,1900.09,3237.0,4,7.0,0.0,7.0,7.0,7.0,7,7,2.0,0.0,0.5,0.5,0.25,0.25,11.75,6.13,1,0,2,1,Medium
342,24069.0,3008.62,4975.0,780.0,1721.56,3587.5,8,3.0,0.0,3.0,3.0,2.0,2,2,1.0,0.0,0.25,0.0,0.38,0.25,10.62,6.7,1,2,4,1,High
343,10179.0,2035.8,3362.0,1051.0,1012.73,1889.0,5,7.0,0.0,7.0,7.0,1.0,1,1,4.0,0.0,0.2,0.2,0.4,0.2,8.2,7.16,4,1,0,0,Medium
344,3757.0,1252.33,2963.0,139.0,1503.78,655.0,3,3.0,0.0,3.0,3.0,2.0,2,2,2.0,0.0,0.33,0.33,0.0,0.0,6.67,8.33,2,1,0,0,Low
345,14161.0,2360.17,4224.0,369.0,1454.41,1948.0,6,6.0,0.0,6.0,6.0,3.0,3,3,1.0,0.0,0.17,0.0,0.0,0.33,12.83,8.98,3,2,0,1,Medium
346,15121.0,2520.17,4792.0,1210.0,1366.21,2206.5,6,8.0,0.0,8.0,8.0,6.0,6,6,1.0,0.0,0.5,0.5,0.33,0.0,7.33,4.37,2,1,2,1,Medium
347,12411.0,3102.75,4293.0,359.0,1840.53,3879.5,4,6.0,0.0,6.0,6.0,9.0,9,9,5.0,0.0,0.75,0.0,0.0,0.0,11.25,5.56,1,2,0,1,Medium
348,14463.0,2410.5,3922.0,442.0,1656.73,2913.0,6,6.0,0.0,6.0,6.0,8.0,8,8,1.0,0.0,0.33,0.5,0.33,0.0,8.17,3.87,2,1,3,0,Medium
349,11111.0,2222.2,4098.0,425.0,1646.05,2768.0,5,3.0,0.0,3.0,3.0,10.0,10,10,2.0,0.0,0.0,0.2,0.0,0.2,5.8,7.98,2,0,3,0,Medium
350,19741.0,3948.2,4841.0,2426.0,1057.96,4576.0,5,5.0,0.0,5.0,5.0,9.0,9,9,3.0,0.0,0.2,0.2,0.2,0.6,17.4,7.02,0,3,0,2,High
351,29433.0,2675.73,4846.0,47.0,1328.31,2261.0,11,9.0,0.0,9.0,9.0,8.0,8,8,4.0,0.0,0.18,0.55,0.09,0.55,13.64,7.41,4,3,3,1,High
352,13363.0,3340.75,4100.0,1404.0,1297.1,3929.5,4,8.0,0.0,8.0,8.0,7.0,7,7,1.0,0.0,0.75,0.0,0.5,0.25,13.75,3.77,3,0,1,0,Medium
353,6249.0,2083.0,4597.0,697.0,2181.01,955.0,3,6.0,0.0,6.0,6.0,6.0,6,6,5.0,0.0,0.33,0.0,0.33,0.0,7.67,6.03,0,1,1,1,Low
354,10395.0,2598.75,3462.0,1228.0,1048.31,2852.5,4,9.0,0.0,9.0,9.0,8.0,8,8,1.0,0.0,0.75,0.0,0.25,0.25,15.75,4.11,1,2,0,1,Medium
355,4273.0,4273.0,4273.0,4273.0,,4273.0,1,2.0,,2.0,2.0,6.0,6,6,4.0,,1.0,0.0,1.0,0.0,10.0,,1,0,0,0,Low
356,15496.0,3099.2,4743.0,831.0,1699.77,3896.0,5,9.0,0.0,9.0,9.0,2.0,2,2,3.0,0.0,0.2,0.4,0.0,0.4,11.4,10.69,1,4,0,0,Medium
357,22992.0,3284.57,4925.0,124.0,1585.14,3364.0,7,10.0,0.0,10.0,10.0,9.0,9,9,2.0,0.0,0.29,0.43,0.14,0.57,16.14,7.76,1,1,2,3,High
358,1898.0,949.0,1786.0,112.0,1183.7,949.0,2,10.0,0.0,10.0,10.0,9.0,9,9,2.0,0.0,0.0,0.0,0.0,0.0,4.0,0.0,0,2,0,0,Low
359,4150.0,1383.33,1577.0,1230.0,176.98,1343.0,3,6.0,0.0,6.0,6.0,3.0,3,3,1.0,0.0,0.33,0.0,0.33,0.0,7.33,6.51,0,1,1,1,Low
360,24567.0,3509.57,4846.0,1257.0,1203.89,3740.0,7,9.0,0.0,9.0,9.0,9.0,9,9,2.0,0.0,0.29,0.14,0.43,0.14,8.29,6.63,1,3,0,3,High
361,18701.0,2671.57,4808.0,1050.0,1609.96,1922.0,7,4.0,0.0,4.0,4.0,2.0,2,2,3.0,0.0,0.29,0.29,0.29,0.43,14.14,6.52,2,2,1,2,High
362,1884.0,628.0,1235.0,278.0,527.73,371.0,3,5.0,0.0,5.0,5.0,3.0,3,3,5.0,0.0,0.67,0.67,0.67,0.0,10.0,2.0,0,1,2,0,Low
363,25828.0,4304.67,4782.0,3712.0,495.27,4333.5,6,2.0,0.0,2.0,2.0,6.0,6,6,2.0,0.0,0.17,0.67,0.5,0.17,8.17,6.52,0,1,1,4,High
364,9068.0,4534.0,4790.0,4278.0,362.04,4534.0,2,3.0,0.0,3.0,3.0,4.0,4,4,3.0,0.0,0.5,0.0,0.0,0.5,18.0,4.24,0,1,1,0,Medium
365,15414.0,3082.8,4569.0,1226.0,1200.86,3200.0,5,1.0,0.0,1.0,1.0,8.0,8,8,3.0,0.0,0.6,0.6,0.2,0.2,13.8,3.9,1,1,2,1,Medium
366,14116.0,2823.2,4990.0,243.0,1803.51,2460.0,5,4.0,0.0,4.0,4.0,1.0,1,1,5.0,0.0,0.4,0.4,0.2,0.4,15.2,6.26,1,3,0,1,Medium
367,10937.0,2734.25,4805.0,954.0,1782.85,2589.0,4,2.0,0.0,2.0,2.0,6.0,6,6,1.0,0.0,0.5,0.25,0.25,0.25,11.75,7.5,0,2,2,0,Medium
368,18390.0,2627.14,4405.0,595.0,1563.48,3352.0,7,2.0,0.0,2.0,2.0,2.0,2,2,3.0,0.0,0.57,0.43,0.43,0.14,12.0,4.62,2,3,1,1,High
369,12450.0,2490.0,4365.0,159.0,1582.47,2779.0,5,1.0,0.0,1.0,1.0,6.0,6,6,4.0,0.0,0.2,0.2,0.4,0.2,7.8,7.05,1,2,1,1,Medium
370,15413.0,2201.86,4852.0,242.0,1713.2,1643.0,7,10.0,0.0,10.0,10.0,1.0,1,1,4.0,0.0,0.14,0.14,0.14,0.14,7.71,7.93,1,2,3,1,Medium
371,9199.0,4599.5,4813.0,4386.0,301.93,4599.5,2,2.0,0.0,2.0,2.0,2.0,2,2,3.0,0.0,0.5,0.5,0.0,0.5,17.5,6.36,0,1,0,1,Medium
372,26867.0,3358.38,4715.0,1450.0,1001.06,3355.5,8,4.0,0.0,4.0,4.0,9.0,9,9,2.0,0.0,0.12,0.38,0.25,0.0,4.38,4.75,3,1,3,1,High
373,17243.0,3448.6,4980.0,2169.0,1158.56,3477.0,5,6.0,0.0,6.0,6.0,6.0,6,6,2.0,0.0,0.2,0.4,0.2,0.2,7.8,8.67,1,3,1,0,High
374,13883.0,2313.83,4607.0,214.0,1418.36,2382.0,6,7.0,0.0,7.0,7.0,8.0,8,8,2.0,0.0,0.67,0.33,0.33,0.17,11.67,4.68,2,1,1,2,Medium
375,7727.0,1931.75,3725.0,507.0,1421.15,1747.5,4,7.0,0.0,7.0,7.0,7.0,7,7,1.0,0.0,0.75,0.75,0.25,0.25,13.75,3.3,1,1,0,2,Low
376,18271.0,3045.17,4685.0,735.0,1300.87,3119.0,6,7.0,0.0,7.0,7.0,9.0,9,9,4.0,0.0,0.17,0.5,0.5,0.17,10.17,7.99,2,1,1,2,High
377,3600.0,900.0,1464.0,211.0,566.42,962.5,4,4.0,0.0,4.0,4.0,9.0,9,9,4.0,0.0,0.75,0.25,0.25,0.0,10.5,4.65,1,1,0,2,Low
378,15605.0,1733.89,4919.0,51.0,1515.09,1568.0,9,5.0,0.0,5.0,5.0,4.0,4,4,3.0,0.0,0.11,0.22,0.44,0.11,7.67,5.34,2,2,3,2,Medium
379,14620.0,2436.67,4792.0,550.0,1952.08,2091.5,6,3.0,0.0,3.0,3.0,7.0,7,7,4.0,0.0,0.5,0.0,0.5,0.17,10.17,4.79,1,1,3,1,Medium
380,15311.0,3062.2,4948.0,1555.0,1448.15,2835.0,5,1.0,0.0,1.0,1.0,5.0,5,5,4.0,0.0,0.6,0.2,0.2,0.0,10.2,6.94,1,0,1,3,Medium
381,3078.0,1026.0,2842.0,69.0,1573.47,167.0,3,6.0,0.0,6.0,6.0,7.0,7,7,2.0,0.0,0.33,0.0,0.33,0.0,10.0,7.0,0,2,1,0,Low
382,21058.0,3509.67,4516.0,1638.0,1016.59,3605.0,6,10.0,0.0,10.0,10.0,4.0,4,4,1.0,0.0,0.33,0.33,0.17,0.17,9.5,7.94,2,3,0,1,High
383,11248.0,2249.6,4988.0,394.0,1957.67,1151.0,5,7.0,0.0,7.0,7.0,10.0,10,10,1.0,0.0,0.2,0.8,0.2,0.4,13.2,9.28,0,1,1,3,Medium
385,14357.0,3589.25,4993.0,1858.0,1440.21,3753.0,4,10.0,0.0,10.0,10.0,4.0,4,4,2.0,0.0,0.25,0.25,0.25,0.0,3.75,4.79,0,1,0,3,Medium
386,22013.0,4402.6,4910.0,3665.0,523.66,4535.0,5,4.0,0.0,4.0,4.0,10.0,10,10,1.0,0.0,0.6,0.2,0.4,0.4,15.4,5.94,1,0,2,2,High
387,5697.0,1424.25,3958.0,187.0,1753.08,776.0,4,5.0,0.0,5.0,5.0,3.0,3,3,3.0,0.0,0.0,0.0,0.0,1.0,20.75,0.96,1,2,0,1,Low
388,7296.0,2432.0,3432.0,795.0,1429.25,3069.0,3,5.0,0.0,5.0,5.0,9.0,9,9,5.0,0.0,1.0,1.0,0.0,0.0,15.0,1.0,1,1,0,1,Low
389,17320.0,2474.29,4234.0,194.0,1402.08,2460.0,7,7.0,0.0,7.0,7.0,5.0,5,5,4.0,0.0,0.14,0.14,0.71,0.14,9.14,4.81,1,3,1,2,High
390,9314.0,2328.5,4339.0,1134.0,1400.75,1920.5,4,9.0,0.0,9.0,9.0,4.0,4,4,3.0,0.0,0.25,0.25,0.25,0.5,13.0,9.35,1,1,0,2,Medium
391,5000.0,2500.0,3600.0,1400.0,1555.63,2500.0,2,8.0,0.0,8.0,8.0,8.0,8,8,3.0,0.0,0.5,0.5,1.0,0.0,8.5,2.12,1,0,0,1,Low
392,7497.0,3748.5,4879.0,2618.0,1598.77,3748.5,2,7.0,0.0,7.0,7.0,5.0,5,5,5.0,0.0,0.5,0.5,0.5,0.0,10.0,2.83,0,1,0,1,Low
393,22365.0,3195.0,4968.0,1535.0,1192.56,3127.0,7,1.0,0.0,1.0,1.0,3.0,3,3,5.0,0.0,0.14,0.57,0.43,0.14,7.29,6.26,3,3,0,1,High
394,9007.0,2251.75,3608.0,524.0,1519.61,2437.5,4,10.0,0.0,10.0,10.0,2.0,2,2,1.0,0.0,0.5,0.0,0.75,0.0,10.0,3.56,2,1,1,0,Medium
395,6365.0,1591.25,3193.0,53.0,1680.7,1559.5,4,6.0,0.0,6.0,6.0,8.0,8,8,2.0,0.0,0.0,0.5,0.0,0.75,15.25,10.24,1,0,2,1,Low
396,18779.0,3755.8,7315.0,2425.0,2040.67,3061.0,5,10.0,0.0,10.0,10.0,2.0,2,2,2.0,0.0,0.4,0.4,0.2,0.2,12.8,6.06,1,1,2,1,High
397,5862.0,1954.0,2791.0,1034.0,881.44,2037.0,3,9.0,0.0,9.0,9.0,8.0,8,8,5.0,0.0,0.33,1.0,0.0,0.33,17.67,3.06,0,1,1,1,Low
398,12016.0,3004.0,4073.0,2067.0,862.74,2938.0,4,7.0,0.0,7.0,7.0,5.0,5,5,2.0,0.0,0.25,0.25,0.0,0.25,9.25,9.18,0,1,1,2,Medium
399,10507.0,2101.4,2587.0,1549.0,445.34,2157.0,5,1.0,0.0,1.0,1.0,8.0,8,8,5.0,0.0,0.4,0.2,0.0,0.2,13.4,5.41,3,0,1,1,Medium
400,17925.0,3585.0,4477.0,1507.0,1189.68,4023.0,5,9.0,0.0,9.0,9.0,5.0,5,5,3.0,0.0,0.4,0.0,0.2,0.4,16.4,4.56,0,2,1,2,High
401,8722.0,2907.33,4833.0,1167.0,1840.01,2722.0,3,3.0,0.0,3.0,3.0,1.0,1,1,3.0,0.0,0.33,0.67,0.0,0.33,12.67,11.37,1,1,1,0,Medium
402,14498.0,2899.6,4621.0,10.0,1913.08,3456.0,5,9.0,0.0,9.0,9.0,2.0,2,2,1.0,0.0,0.2,0.8,0.4,0.4,12.2,7.6,2,1,2,0,Medium
403,9454.0,3151.33,4724.0,847.0,2039.43,3883.0,3,4.0,0.0,4.0,4.0,6.0,6,6,4.0,0.0,0.67,0.0,0.67,0.0,11.67,4.62,0,2,0,1,Medium
404,1607.0,803.5,1254.0,353.0,637.1,803.5,2,9.0,0.0,9.0,9.0,3.0,3,3,5.0,0.0,0.5,0.5,0.5,0.0,4.5,6.36,1,1,0,0,Low
405,15411.0,2201.57,4654.0,112.0,1826.05,2195.0,7,8.0,0.0,8.0,8.0,8.0,8,8,2.0,0.0,0.57,0.14,0.57,0.0,9.0,4.62,0,0,3,4,Medium
406,7306.0,1826.5,3804.0,525.0,1491.24,1488.5,4,7.0,0.0,7.0,7.0,5.0,5,5,5.0,0.0,0.0,0.75,0.0,0.5,11.0,11.58,0,2,2,0,Low
407,9619.0,1923.8,4860.0,246.0,1916.85,985.0,5,4.0,0.0,4.0,4.0,3.0,3,3,3.0,0.0,0.2,0.4,0.4,0.2,7.6,6.88,2,0,2,1,Medium
408,10491.0,3497.0,4497.0,2700.0,915.54,3294.0,3,9.0,0.0,9.0,9.0,10.0,10,10,1.0,0.0,0.33,0.33,0.67,0.33,13.33,6.81,0,1,1,1,Medium
409,9757.0,1951.4,3249.0,412.0,1230.71,2243.0,5,4.0,0.0,4.0,4.0,7.0,7,7,3.0,0.0,0.4,0.2,0.4,0.2,13.2,6.34,1,0,2,2,Medium
410,21226.0,3537.67,4328.0,2559.0,708.39,3774.0,6,1.0,0.0,1.0,1.0,8.0,8,8,2.0,0.0,0.5,0.17,0.17,0.33,14.67,4.76,3,1,1,1,High
411,6534.0,3267.0,4074.0,2460.0,1141.27,3267.0,2,6.0,0.0,6.0,6.0,4.0,4,4,2.0,0.0,0.0,0.0,0.0,0.5,18.5,2.12,1,0,0,1,Low
412,13370.0,2228.33,4959.0,679.0,1644.45,1810.0,6,4.0,0.0,4.0,4.0,9.0,9,9,5.0,0.0,0.67,0.0,0.17,0.17,13.17,6.08,2,1,3,0,Medium
413,15730.0,2621.67,4833.0,78.0,1842.53,3066.5,6,10.0,0.0,10.0,10.0,6.0,6,6,2.0,0.0,0.5,0.5,0.83,0.0,7.5,3.51,1,0,3,2,Medium
414,8002.0,4001.0,4453.0,3549.0,639.22,4001.0,2,3.0,0.0,3.0,3.0,1.0,1,1,3.0,0.0,0.5,0.0,0.0,0.0,16.0,1.41,0,1,0,1,Medium
415,7291.0,1822.75,4330.0,91.0,1903.99,1435.0,4,5.0,0.0,5.0,5.0,5.0,5,5,5.0,0.0,0.5,0.5,0.0,0.5,17.0,5.35,1,3,0,0,Low
416,20005.0,2857.86,4028.0,1194.0,911.98,2791.0,7,3.0,0.0,3.0,3.0,5.0,5,5,3.0,0.0,0.71,0.29,0.43,0.14,11.29,4.82,1,2,0,4,High
418,7703.0,3851.5,4454.0,3249.0,852.06,3851.5,2,6.0,0.0,6.0,6.0,7.0,7,7,4.0,0.0,0.5,1.0,0.0,0.5,16.5,3.54,1,0,1,0,Low
419,20828.0,2314.22,4434.0,429.0,1470.34,2038.0,9,3.0,0.0,3.0,3.0,6.0,6,6,1.0,0.0,0.11,0.44,0.11,0.56,14.56,9.03,3,2,2,2,High
420,17112.0,1901.33,3472.0,268.0,1094.59,2112.0,9,5.0,0.0,5.0,5.0,8.0,8,8,3.0,0.0,0.33,0.67,0.22,0.33,11.44,7.18,1,4,1,3,High
421,9665.0,2416.25,4329.0,1489.0,1317.27,1923.5,4,8.0,0.0,8.0,8.0,2.0,2,2,3.0,0.0,0.5,0.25,0.0,0.25,12.25,9.11,2,1,1,0,Medium
422,17450.0,3490.0,4795.0,2460.0,954.04,3530.0,5,8.0,0.0,8.0,8.0,7.0,7,7,5.0,0.0,0.2,0.6,0.0,0.2,10.6,9.4,0,0,4,1,High
423,20042.0,2226.89,3846.0,1247.0,886.6,2435.0,9,6.0,0.0,6.0,6.0,10.0,10,10,1.0,0.0,0.44,0.11,0.11,0.11,9.44,6.6,1,3,2,3,High
424,16860.0,2408.57,4911.0,460.0,1779.78,2466.0,7,5.0,0.0,5.0,5.0,7.0,7,7,4.0,0.0,0.57,0.43,0.57,0.29,14.0,5.2,1,2,1,3,High
425,7728.0,3864.0,4613.0,3115.0,1059.25,3864.0,2,5.0,0.0,5.0,5.0,4.0,4,4,1.0,0.0,0.5,1.0,0.0,0.5,17.5,6.36,1,1,0,0,Low
426,11997.0,2999.25,4533.0,1807.0,1175.44,2828.5,4,1.0,0.0,1.0,1.0,10.0,10,10,5.0,0.0,0.0,0.0,0.0,0.25,7.75,8.38,1,0,2,1,Medium
427,5750.0,2875.0,3366.0,2384.0,694.38,2875.0,2,2.0,0.0,2.0,2.0,2.0,2,2,4.0,0.0,0.0,0.0,0.0,0.5,13.0,12.73,1,0,1,0,Low
428,15648.0,1738.67,4884.0,210.0,1692.59,1093.0,9,4.0,0.0,4.0,4.0,4.0,4,4,1.0,0.0,0.11,0.33,0.11,0.33,10.33,9.37,4,2,2,1,Medium
429,15482.0,3096.4,4504.0,116.0,1781.51,3954.0,5,6.0,0.0,6.0,6.0,4.0,4,4,2.0,0.0,0.8,0.2,0.4,0.2,13.4,3.44,1,0,2,2,Medium
430,7856.0,2618.67,4690.0,1091.0,1860.08,2075.0,3,7.0,0.0,7.0,7.0,6.0,6,6,2.0,0.0,0.33,0.0,0.33,0.33,13.33,7.02,0,1,2,0,Medium
431,7209.0,2403.0,4432.0,441.0,1996.34,2336.0,3,1.0,0.0,1.0,1.0,7.0,7,7,3.0,0.0,0.33,0.33,0.0,0.0,11.0,7.21,0,3,0,0,Low
432,10258.0,1709.67,4751.0,120.0,1722.8,951.0,6,8.0,0.0,8.0,8.0,3.0,3,3,2.0,0.0,0.17,0.17,0.0,0.5,13.5,8.04,2,0,4,0,Medium
434,13171.0,4390.33,4497.0,4177.0,184.75,4497.0,3,9.0,0.0,9.0,9.0,1.0,1,1,1.0,0.0,0.33,0.0,0.0,0.67,18.67,3.06,2,1,0,0,Medium
435,11883.0,1980.5,4341.0,594.0,1331.99,1862.5,6,4.0,0.0,4.0,4.0,3.0,3,3,4.0,0.0,0.17,0.33,0.17,0.33,11.33,9.42,1,1,2,2,Medium
436,6518.0,3259.0,4374.0,2144.0,1576.85,3259.0,2,7.0,0.0,7.0,7.0,9.0,9,9,3.0,0.0,0.0,0.5,0.0,0.5,13.0,11.31,1,0,1,0,Low
437,13008.0,2601.6,4207.0,219.0,1473.67,3052.0,5,6.0,0.0,6.0,6.0,1.0,1,1,4.0,0.0,0.2,0.2,0.2,0.2,8.8,7.73,1,1,0,3,Medium
438,9937.0,2484.25,4661.0,751.0,1827.05,2262.5,4,9.0,0.0,9.0,9.0,8.0,8,8,1.0,0.0,0.25,0.25,0.5,0.25,10.25,9.11,1,2,1,0,Medium
439,14223.0,2370.5,4721.0,596.0,1511.77,1959.5,6,2.0,0.0,2.0,2.0,2.0,2,2,3.0,0.0,0.33,0.5,0.0,0.17,8.83,8.18,1,1,1,3,Medium
440,9811.0,2452.75,4702.0,73.0,2023.46,2518.0,4,7.0,0.0,7.0,7.0,6.0,6,6,3.0,0.0,0.25,0.25,0.25,0.25,8.0,10.17,0,0,1,3,Medium
441,12524.0,1789.14,3813.0,429.0,1315.46,1768.0,7,5.0,0.0,5.0,5.0,3.0,3,3,3.0,0.0,0.57,0.43,0.14,0.29,13.14,5.76,2,3,1,1,Medium
442,12896.0,2579.2,4920.0,763.0,1708.14,2256.0,5,7.0,0.0,7.0,7.0,7.0,7,7,1.0,0.0,0.4,0.0,0.0,0.0,7.0,6.6,1,1,2,1,Medium
443,9381.0,2345.25,3584.0,1057.0,1257.53,2370.0,4,1.0,0.0,1.0,1.0,2.0,2,2,3.0,0.0,0.25,0.25,0.5,0.0,9.0,5.03,2,1,1,0,Medium
444,18321.0,2035.67,4510.0,100.0,1433.81,1552.0,9,10.0,0.0,10.0,10.0,4.0,4,4,1.0,0.0,0.44,0.11,0.22,0.11,10.56,5.48,1,1,5,2,High
445,13350.0,3337.5,4670.0,2066.0,1072.06,3307.0,4,9.0,0.0,9.0,9.0,10.0,10,10,4.0,0.0,0.5,0.5,0.0,0.25,13.5,7.33,1,1,0,2,Medium
446,20267.0,2895.29,4312.0,586.0,1491.87,3734.0,7,1.0,0.0,1.0,1.0,9.0,9,9,4.0,0.0,0.43,0.43,0.43,0.29,11.71,5.96,5,1,0,1,High
447,7104.0,2368.0,4814.0,968.0,2125.68,1322.0,3,5.0,0.0,5.0,5.0,6.0,6,6,2.0,0.0,1.0,0.33,0.0,0.0,14.67,0.58,0,3,0,0,Low
448,4532.0,4532.0,4532.0,4532.0,,4532.0,1,8.0,,8.0,8.0,4.0,4,4,5.0,,0.0,0.0,0.0,1.0,19.0,,1,0,0,0,Low
449,15633.0,3126.6,4146.0,983.0,1291.34,3731.0,5,1.0,0.0,1.0,1.0,2.0,2,2,4.0,0.0,0.4,0.2,0.0,0.0,7.8,6.65,1,2,1,1,Medium
450,25525.0,2836.11,3996.0,1208.0,831.92,2925.0,9,7.0,0.0,7.0,7.0,10.0,10,10,4.0,0.0,0.33,0.22,0.11,0.22,11.89,6.92,2,1,2,4,High
451,1574.0,1574.0,1574.0,1574.0,,1574.0,1,2.0,,2.0,2.0,9.0,9,9,4.0,,0.0,0.0,0.0,1.0,20.0,,0,1,0,0,Low
452,5983.0,1495.75,3663.0,41.0,1570.13,1139.5,4,7.0,0.0,7.0,7.0,4.0,4,4,2.0,0.0,0.25,0.25,0.25,0.0,4.0,4.08,0,2,1,1,Low
453,5573.0,1393.25,3246.0,287.0,1313.16,1020.0,4,7.0,0.0,7.0,7.0,9.0,9,9,3.0,0.0,0.5,0.5,0.5,0.5,16.5,6.95,0,2,1,1,Low
454,12284.0,2456.8,4152.0,868.0,1345.3,2540.0,5,9.0,0.0,9.0,9.0,2.0,2,2,1.0,0.0,0.4,0.6,0.4,0.2,10.6,6.07,3,0,2,0,Medium
455,6815.0,1703.75,2801.0,750.0,1082.95,1632.0,4,6.0,0.0,6.0,6.0,7.0,7,7,4.0,0.0,0.5,0.25,0.25,0.5,15.25,4.43,2,1,0,1,Low
456,16675.0,2382.14,4527.0,128.0,2088.06,2929.0,7,4.0,0.0,4.0,4.0,5.0,5,5,4.0,0.0,0.43,0.29,0.14,0.29,12.43,8.77,0,2,5,0,High
457,6768.0,2256.0,4240.0,1022.0,1735.15,1506.0,3,7.0,0.0,7.0,7.0,8.0,8,8,3.0,0.0,0.0,0.0,0.33,0.33,11.0,7.94,1,2,0,0,Low
458,9821.0,2455.25,4325.0,343.0,2010.43,2576.5,4,7.0,0.0,7.0,7.0,8.0,8,8,2.0,0.0,0.25,0.25,0.0,0.0,5.5,5.97,1,2,1,0,Medium
459,17888.0,2981.33,4940.0,411.0,1803.51,3441.0,6,4.0,0.0,4.0,4.0,4.0,4,4,2.0,0.0,0.67,0.17,0.17,0.0,11.83,4.36,0,1,3,2,High
460,10213.0,2553.25,4584.0,1318.0,1431.97,2155.5,4,2.0,0.0,2.0,2.0,4.0,4,4,4.0,0.0,0.5,0.5,0.0,0.25,13.75,6.95,0,3,0,1,Medium
461,10757.0,3585.67,4799.0,2787.0,1068.17,3171.0,3,9.0,0.0,9.0,9.0,8.0,8,8,5.0,0.0,0.33,0.33,0.67,0.33,12.33,7.57,0,2,0,1,Medium
462,9203.0,1533.83,2374.0,571.0,714.41,1554.5,6,8.0,0.0,8.0,8.0,3.0,3,3,3.0,0.0,0.17,0.17,0.0,0.17,9.0,8.2,2,2,2,0,Medium
463,19692.0,2461.5,3665.0,964.0,1056.26,2739.5,8,5.0,0.0,5.0,5.0,7.0,7,7,1.0,0.0,0.12,0.38,0.25,0.25,9.88,8.46,1,3,2,2,High
464,11439.0,2287.8,4588.0,222.0,1848.27,2401.0,5,5.0,0.0,5.0,5.0,8.0,8,8,2.0,0.0,0.6,0.2,0.2,0.2,12.4,6.84,1,3,1,0,Medium
465,19422.0,2774.57,4366.0,1512.0,998.09,2969.0,7,1.0,0.0,1.0,1.0,8.0,8,8,3.0,0.0,0.57,0.29,0.43,0.29,13.29,6.16,2,1,1,3,High
466,18055.0,1805.5,4440.0,68.0,1638.28,1262.5,10,9.0,0.0,9.0,9.0,10.0,10,10,1.0,0.0,0.2,0.0,0.3,0.4,12.9,8.44,1,5,3,1,High
467,12193.0,4064.33,4928.0,2460.0,1390.75,4805.0,3,10.0,0.0,10.0,10.0,4.0,4,4,1.0,0.0,0.67,0.33,0.33,0.0,9.33,7.02,0,0,3,0,Medium
468,18210.0,2276.25,4276.0,734.0,1319.17,1860.5,8,8.0,0.0,8.0,8.0,9.0,9,9,3.0,0.0,0.12,0.12,0.12,0.5,13.38,8.16,3,3,0,2,High
469,6194.0,2064.67,2559.0,1339.0,642.06,2296.0,3,6.0,0.0,6.0,6.0,10.0,10,10,2.0,0.0,0.33,0.0,0.33,0.33,11.67,10.6,0,1,1,1,Low
470,7789.0,2596.33,4875.0,1399.0,1974.24,1515.0,3,10.0,0.0,10.0,10.0,4.0,4,4,3.0,0.0,0.33,0.0,0.0,0.67,18.33,2.52,2,0,1,0,Medium
471,14224.0,1778.0,3698.0,435.0,971.26,1642.0,8,6.0,0.0,6.0,6.0,8.0,8,8,2.0,0.0,0.25,0.12,0.38,0.38,13.12,6.6,2,1,4,1,Medium
472,5493.0,2746.5,4923.0,570.0,3078.04,2746.5,2,10.0,0.0,10.0,10.0,6.0,6,6,3.0,0.0,0.5,0.0,0.5,0.5,16.5,7.78,1,1,0,0,Low
473,17689.0,3537.8,4430.0,2822.0,748.6,3386.0,5,10.0,0.0,10.0,10.0,5.0,5,5,1.0,0.0,0.2,0.0,0.2,0.4,11.2,7.26,0,2,1,2,High
474,15022.0,2146.0,4344.0,423.0,1541.92,1664.0,7,8.0,0.0,8.0,8.0,4.0,4,4,3.0,0.0,0.29,0.43,0.29,0.14,8.29,6.63,0,5,2,0,Medium
475,22523.0,2502.56,4939.0,236.0,1653.0,2477.0,9,6.0,0.0,6.0,6.0,5.0,5,5,4.0,0.0,0.22,0.22,0.33,0.33,12.33,7.4,1,2,2,4,High
476,17412.0,2902.0,4552.0,1412.0,1542.72,2751.5,6,10.0,0.0,10.0,10.0,1.0,1,1,3.0,0.0,0.33,0.17,0.5,0.0,8.33,3.5,1,2,1,2,High
477,8265.0,4132.5,4409.0,3856.0,391.03,4132.5,2,4.0,0.0,4.0,4.0,7.0,7,7,4.0,0.0,0.5,0.0,0.5,0.5,15.5,7.78,1,1,0,0,Medium
478,11059.0,2211.8,4336.0,507.0,1803.27,1126.0,5,3.0,0.0,3.0,3.0,8.0,8,8,2.0,0.0,0.4,0.2,0.2,0.0,11.8,5.54,0,0,5,0,Medium
479,5294.0,2647.0,2809.0,2485.0,229.1,2647.0,2,7.0,0.0,7.0,7.0,9.0,9,9,3.0,0.0,1.0,0.5,0.5,0.0,11.5,2.12,1,0,0,1,Low
480,8487.0,2121.75,4634.0,33.0,2045.63,1910.0,4,2.0,0.0,2.0,2.0,3.0,3,3,1.0,0.0,0.25,0.5,0.0,0.25,9.25,8.18,0,1,2,1,Medium
481,5516.0,1838.67,1943.0,1686.0,135.15,1887.0,3,7.0,0.0,7.0,7.0,9.0,9,9,3.0,0.0,0.0,0.33,0.0,0.67,15.0,10.44,1,1,1,0,Low
482,5837.0,2918.5,4967.0,870.0,2897.02,2918.5,2,1.0,0.0,1.0,1.0,10.0,10,10,1.0,0.0,0.5,0.5,0.0,0.5,17.5,6.36,1,1,0,0,Low
483,22360.0,3194.29,4439.0,1359.0,1209.54,3825.0,7,10.0,0.0,10.0,10.0,5.0,5,5,2.0,0.0,0.14,0.29,0.43,0.14,11.29,7.32,2,1,1,3,High
484,21716.0,2171.6,3945.0,26.0,1217.84,2319.5,10,5.0,0.0,5.0,5.0,10.0,10,10,5.0,0.0,0.5,0.2,0.1,0.2,13.2,5.96,2,4,2,2,High
485,3743.0,1871.5,2974.0,769.0,1559.17,1871.5,2,9.0,0.0,9.0,9.0,6.0,6,6,5.0,0.0,0.5,0.0,0.0,0.5,17.5,6.36,1,0,0,1,Low
486,5657.0,2828.5,4045.0,1612.0,1720.39,2828.5,2,1.0,0.0,1.0,1.0,1.0,1,1,1.0,0.0,0.5,0.5,0.0,0.5,15.5,3.54,0,1,1,0,Low
487,5674.0,1891.33,2387.0,1581.0,433.79,1706.0,3,8.0,0.0,8.0,8.0,9.0,9,9,1.0,0.0,0.33,0.33,0.67,0.33,12.33,7.57,1,0,1,1,Low
488,11467.0,2866.75,4400.0,1776.0,1108.86,2645.5,4,9.0,0.0,9.0,9.0,9.0,9,9,3.0,0.0,0.5,0.0,0.5,0.0,8.75,2.99,1,1,1,1,Medium
489,14060.0,2812.0,3726.0,1303.0,958.23,3170.0,5,9.0,0.0,9.0,9.0,6.0,6,6,1.0,0.0,0.6,0.6,0.4,0.0,12.6,4.56,0,3,1,1,Medium
490,11111.0,2222.2,4421.0,832.0,1362.58,1865.0,5,8.0,0.0,8.0,8.0,8.0,8,8,5.0,0.0,0.4,0.0,0.2,0.4,15.8,6.22,1,2,1,1,Medium
491,9085.0,3028.33,4139.0,2009.0,1067.93,2937.0,3,4.0,0.0,4.0,4.0,4.0,4,4,4.0,0.0,0.67,0.0,0.0,0.0,11.0,5.57,3,0,0,0,Medium
492,7652.0,1913.0,2955.0,16.0,1301.08,2340.5,4,7.0,0.0,7.0,7.0,5.0,5,5,2.0,0.0,0.5,0.25,0.0,0.25,12.0,9.09,0,1,1,2,Low
493,8484.0,1414.0,2460.0,749.0,651.67,1254.5,6,1.0,0.0,1.0,1.0,5.0,5,5,3.0,0.0,0.5,0.5,0.5,0.33,12.83,5.71,1,3,1,1,Medium
494,21022.0,4204.4,4897.0,3227.0,692.87,4211.0,5,7.0,0.0,7.0,7.0,7.0,7,7,2.0,0.0,0.4,0.0,0.4,0.2,11.2,7.43,2,0,1,2,High
495,8772.0,2193.0,3776.0,599.0,1773.55,2198.5,4,6.0,0.0,6.0,6.0,7.0,7,7,3.0,0.0,0.25,0.5,0.5,0.0,6.5,5.0,1,0,1,2,Medium
496,5458.0,1364.5,4907.0,89.0,2362.69,231.0,4,5.0,0.0,5.0,5.0,7.0,7,7,2.0,0.0,0.25,0.0,0.0,0.75,17.75,1.89,1,3,0,0,Low
497,14990.0,2998.0,4614.0,1278.0,1385.91,2678.0,5,1.0,0.0,1.0,1.0,5.0,5,5,2.0,0.0,0.4,0.2,0.2,0.2,11.0,7.71,0,2,1,2,Medium
498,18333.0,3055.5,4035.0,1004.0,1127.82,3361.5,6,8.0,0.0,8.0,8.0,4.0,4,4,5.0,0.0,0.33,0.17,0.0,0.33,13.0,7.95,0,3,2,1,High
499,12058.0,2411.6,4044.0,714.0,1454.24,1897.0,5,10.0,0.0,10.0,10.0,8.0,8,8,2.0,0.0,0.6,0.4,0.8,0.0,9.6,2.88,0,2,2,1,Medium
500,24141.0,3448.71,4811.0,1145.0,1270.39,3699.0,7,1.0,0.0,1.0,1.0,1.0,1,1,1.0,0.0,0.43,0.29,0.29,0.29,10.29,7.43,1,1,2,3,High
501,14879.0,2975.8,4238.0,120.0,1781.69,4059.0,5,1.0,0.0,1.0,1.0,1.0,1,1,3.0,0.0,0.0,0.2,0.2,0.6,13.8,7.66,1,2,1,1,Medium
502,4006.0,2003.0,3282.0,724.0,1808.78,2003.0,2,3.0,0.0,3.0,3.0,6.0,6,6,3.0,0.0,0.5,0.0,0.0,0.0,15.0,2.83,0,1,0,1,Low
503,8494.0,1698.8,4813.0,515.0,1783.79,967.0,5,8.0,0.0,8.0,8.0,2.0,2,2,3.0,0.0,0.2,0.4,0.6,0.4,13.0,7.21,2,2,0,1,Medium
504,4149.0,1037.25,1995.0,428.0,739.95,863.0,4,8.0,0.0,8.0,8.0,3.0,3,3,3.0,0.0,0.25,0.0,0.75,0.0,8.5,3.11,1,0,1,2,Low
505,4650.0,2325.0,4032.0,618.0,2414.06,2325.0,2,7.0,0.0,7.0,7.0,4.0,4,4,3.0,0.0,0.0,0.5,1.0,0.0,6.5,0.71,0,0,2,0,Low
506,25212.0,2521.2,4892.0,267.0,1401.06,2676.0,10,5.0,0.0,5.0,5.0,2.0,2,2,2.0,0.0,0.4,0.6,0.2,0.3,12.0,7.44,4,2,2,2,High
507,9194.0,2298.5,4339.0,995.0,1437.74,1930.0,4,8.0,0.0,8.0,8.0,10.0,10,10,2.0,0.0,0.5,0.25,0.5,0.0,6.25,4.86,0,1,1,2,Medium
508,11555.0,2311.0,3425.0,1389.0,767.94,2290.0,5,2.0,0.0,2.0,2.0,7.0,7,7,2.0,0.0,0.2,0.0,0.2,0.2,9.2,9.2,1,3,0,1,Medium
509,22654.0,3236.29,4063.0,1083.0,1009.29,3676.0,7,8.0,0.0,8.0,8.0,10.0,10,10,3.0,0.0,0.29,0.29,0.14,0.43,13.71,7.83,1,4,0,2,High
510,13106.0,3276.5,4628.0,1618.0,1545.86,3430.0,4,2.0,0.0,2.0,2.0,1.0,1,1,3.0,0.0,0.0,0.75,0.25,0.25,12.5,9.33,0,1,2,1,Medium
511,27719.0,2771.9,4868.0,51.0,2125.87,3298.5,10,10.0,0.0,10.0,10.0,3.0,3,3,2.0,0.0,0.1,0.4,0.3,0.5,14.0,7.2,4,1,4,1,High
512,11031.0,1838.5,4473.0,135.0,1472.13,1648.0,6,5.0,0.0,5.0,5.0,2.0,2,2,4.0,0.0,0.33,0.33,0.17,0.33,12.83,8.38,1,1,2,2,Medium
513,9863.0,1972.6,3821.0,112.0,1641.62,1526.0,5,4.0,0.0,4.0,4.0,9.0,9,9,3.0,0.0,0.2,0.4,0.0,0.2,13.2,7.29,2,0,1,2,Medium
514,8702.0,2175.5,4376.0,65.0,1790.98,2130.5,4,1.0,0.0,1.0,1.0,8.0,8,8,4.0,0.0,0.5,0.25,0.25,0.25,14.75,5.38,1,0,1,2,Medium
515,12670.0,3167.5,4398.0,2144.0,1019.76,3064.0,4,5.0,0.0,5.0,5.0,3.0,3,3,4.0,0.0,0.5,0.0,0.5,0.0,8.5,4.8,2,0,1,1,Medium
516,24341.0,3477.29,4436.0,2460.0,877.95,3340.0,7,7.0,0.0,7.0,7.0,5.0,5,5,3.0,0.0,0.29,0.43,0.14,0.57,18.29,3.99,5,1,1,0,High
517,1303.0,434.33,914.0,72.0,433.09,317.0,3,1.0,0.0,1.0,1.0,3.0,3,3,4.0,0.0,0.33,0.0,0.0,0.0,11.0,8.72,1,1,1,0,Low
518,17706.0,2529.43,4923.0,534.0,1804.63,2118.0,7,2.0,0.0,2.0,2.0,6.0,6,6,3.0,0.0,0.57,0.0,0.0,0.14,11.71,6.55,2,3,1,1,High
519,21687.0,3098.14,4684.0,577.0,1353.52,3250.0,7,9.0,0.0,9.0,9.0,5.0,5,5,2.0,0.0,0.43,0.29,0.43,0.14,8.14,7.93,3,2,1,1,High
520,26378.0,3297.25,4587.0,614.0,1341.25,3731.5,8,5.0,0.0,5.0,5.0,2.0,2,2,4.0,0.0,0.62,0.12,0.12,0.25,13.0,5.21,2,3,2,1,High
521,10847.0,3615.67,7315.0,1680.0,3204.87,1852.0,3,7.0,0.0,7.0,7.0,10.0,10,10,3.0,0.0,1.0,0.0,0.33,0.0,12.33,2.08,1,2,0,0,Medium
522,23279.0,2586.56,4451.0,1344.0,980.19,2556.0,9,2.0,0.0,2.0,2.0,8.0,8,8,5.0,0.0,0.56,0.22,0.11,0.22,14.44,6.27,1,2,3,3,High
523,7721.0,2573.67,3594.0,2015.0,884.96,2112.0,3,7.0,0.0,7.0,7.0,6.0,6,6,1.0,0.0,0.0,0.33,0.33,0.33,10.0,7.94,0,2,1,0,Low
524,6355.0,2118.33,3098.0,1268.0,921.83,1989.0,3,7.0,0.0,7.0,7.0,3.0,3,3,3.0,0.0,0.67,0.33,0.33,0.33,15.33,6.66,1,0,1,1,Low
525,17537.0,2192.12,4352.0,450.0,1492.36,1635.5,8,7.0,0.0,7.0,7.0,1.0,1,1,5.0,0.0,0.25,0.25,0.38,0.25,9.0,9.01,4,0,2,2,High
526,15809.0,2258.43,3955.0,394.0,1418.13,2604.0,7,5.0,0.0,5.0,5.0,5.0,5,5,3.0,0.0,0.43,0.43,0.29,0.0,8.86,5.79,2,2,3,0,Medium
527,16417.0,1824.11,4531.0,767.0,1184.63,1394.0,9,9.0,0.0,9.0,9.0,2.0,2,2,4.0,0.0,0.44,0.22,0.22,0.0,8.89,5.06,3,1,2,3,Medium
528,18764.0,2680.57,4405.0,98.0,1802.12,3426.0,7,2.0,0.0,2.0,2.0,2.0,2,2,5.0,0.0,0.14,0.0,0.14,0.43,14.0,6.61,3,1,1,2,High
529,12706.0,2541.2,4404.0,389.0,1455.67,2857.0,5,4.0,0.0,4.0,4.0,9.0,9,9,1.0,0.0,0.2,0.4,0.2,0.4,10.8,10.83,2,0,3,0,Medium
530,37281.0,3389.18,4935.0,1404.0,1159.37,3293.0,11,10.0,0.0,10.0,10.0,10.0,10,10,3.0,0.0,0.18,0.45,0.09,0.09,7.55,7.01,4,3,0,4,High
531,9910.0,1982.0,3091.0,779.0,844.28,2122.0,5,8.0,0.0,8.0,8.0,7.0,7,7,2.0,0.0,0.2,0.4,0.4,0.2,8.4,8.65,1,1,0,3,Medium
532,7664.0,1532.8,4472.0,344.0,1679.08,1122.0,5,1.0,0.0,1.0,1.0,6.0,6,6,2.0,0.0,0.2,0.2,0.2,0.4,12.2,8.14,2,1,2,0,Low
533,14481.0,2068.71,4783.0,64.0,1965.75,1047.0,7,9.0,0.0,9.0,9.0,1.0,1,1,4.0,0.0,0.14,0.57,0.29,0.0,4.29,3.5,1,2,1,3,Medium
534,12608.0,2521.6,4455.0,79.0,1742.63,3143.0,5,5.0,0.0,5.0,5.0,10.0,10,10,3.0,0.0,0.2,0.4,0.0,0.6,15.2,8.7,2,0,2,1,Medium
535,17520.0,3504.0,4711.0,1981.0,1205.35,4083.0,5,3.0,0.0,3.0,3.0,2.0,2,2,3.0,0.0,0.0,0.2,0.2,0.8,18.4,6.11,2,0,2,1,High
536,11304.0,2826.0,4520.0,615.0,1626.2,3084.5,4,4.0,0.0,4.0,4.0,7.0,7,7,5.0,0.0,0.0,0.25,0.0,0.5,14.0,9.42,2,0,1,1,Medium
537,18226.0,2603.71,4321.0,339.0,1264.46,2608.0,7,1.0,0.0,1.0,1.0,3.0,3,3,4.0,0.0,0.43,0.0,0.29,0.0,8.57,6.5,0,1,4,2,High
538,15006.0,3001.2,4857.0,754.0,1537.44,3449.0,5,6.0,0.0,6.0,6.0,2.0,2,2,1.0,0.0,0.4,0.2,0.4,0.2,10.8,7.19,0,2,1,2,Medium
539,8159.0,2719.67,4600.0,611.0,2004.28,2948.0,3,8.0,0.0,8.0,8.0,6.0,6,6,4.0,0.0,0.33,0.0,0.0,0.67,17.0,4.58,0,2,0,1,Medium
540,12452.0,1778.86,3069.0,933.0,763.65,1536.0,7,2.0,0.0,2.0,2.0,8.0,8,8,3.0,0.0,0.14,0.29,0.14,0.43,16.14,5.18,3,1,1,2,Medium
541,11978.0,2994.5,4291.0,1330.0,1439.62,3178.5,4,2.0,0.0,2.0,2.0,8.0,8,8,2.0,0.0,0.5,0.5,0.0,0.0,8.25,6.8,3,0,1,0,Medium
542,18395.0,2299.38,4929.0,133.0,1638.19,2479.0,8,9.0,0.0,9.0,9.0,2.0,2,2,2.0,0.0,0.25,0.38,0.0,0.12,9.75,8.75,1,2,2,3,High
543,13713.0,2742.6,3902.0,1525.0,1001.16,2749.0,5,5.0,0.0,5.0,5.0,6.0,6,6,4.0,0.0,0.2,0.2,0.4,0.2,8.2,8.5,1,0,2,2,Medium
544,10169.0,2033.8,3951.0,25.0,1734.95,2911.0,5,5.0,0.0,5.0,5.0,5.0,5,5,3.0,0.0,0.2,0.2,0.0,0.2,8.4,8.85,4,0,0,1,Medium
545,3859.0,1929.5,1985.0,1874.0,78.49,1929.5,2,1.0,0.0,1.0,1.0,7.0,7,7,2.0,0.0,0.5,0.5,0.0,0.0,8.5,4.95,1,0,0,1,Low
546,4074.0,2037.0,2248.0,1826.0,298.4,2037.0,2,6.0,0.0,6.0,6.0,4.0,4,4,4.0,0.0,0.0,0.5,0.5,0.0,6.0,2.83,0,0,1,1,Low
547,1860.0,620.0,871.0,321.0,278.12,668.0,3,8.0,0.0,8.0,8.0,2.0,2,2,4.0,0.0,0.67,0.33,0.33,0.0,12.0,4.36,1,0,2,0,Low
548,14860.0,2122.86,3959.0,470.0,1358.39,2127.0,7,6.0,0.0,6.0,6.0,10.0,10,10,2.0,0.0,0.29,0.0,0.29,0.14,8.71,7.04,1,2,3,1,Medium
549,14506.0,3626.5,4852.0,2512.0,963.14,3571.0,4,7.0,0.0,7.0,7.0,3.0,3,3,2.0,0.0,0.5,0.25,0.0,0.0,12.75,5.97,0,0,3,1,Medium
550,12162.0,2432.4,3252.0,1080.0,809.59,2576.0,5,4.0,0.0,4.0,4.0,9.0,9,9,4.0,0.0,0.4,0.0,0.6,0.0,7.8,4.15,3,0,1,1,Medium
551,820.0,820.0,820.0,820.0,,820.0,1,2.0,,2.0,2.0,10.0,10,10,2.0,,0.0,0.0,0.0,0.0,3.0,,0,0,1,0,Low
552,10923.0,2730.75,3759.0,1046.0,1268.7,3059.0,4,1.0,0.0,1.0,1.0,8.0,8,8,5.0,0.0,0.5,0.5,0.25,0.5,16.5,5.69,1,0,0,3,Medium
553,8231.0,2057.75,4319.0,400.0,1892.85,1756.0,4,6.0,0.0,6.0,6.0,9.0,9,9,4.0,0.0,0.5,0.25,0.5,0.25,12.75,5.12,0,1,1,2,Medium
554,8542.0,4271.0,4525.0,4017.0,359.21,4271.0,2,9.0,0.0,9.0,9.0,5.0,5,5,2.0,0.0,0.5,0.0,0.0,0.5,17.0,7.07,0,1,1,0,Medium
555,15942.0,2657.0,4271.0,582.0,1408.87,2929.0,6,10.0,0.0,10.0,10.0,5.0,5,5,4.0,0.0,0.67,0.17,0.17,0.0,11.83,5.38,1,2,3,0,Medium
556,2167.0,2167.0,2167.0,2167.0,,2167.0,1,5.0,,5.0,5.0,7.0,7,7,4.0,,0.0,0.0,1.0,0.0,8.0,,0,0,1,0,Low
557,19825.0,2478.12,3605.0,401.0,1097.64,2822.0,8,2.0,0.0,2.0,2.0,7.0,7,7,4.0,0.0,0.62,0.12,0.38,0.12,11.62,6.02,1,1,3,3,High
558,3448.0,1149.33,1813.0,403.0,708.63,1232.0,3,1.0,0.0,1.0,1.0,1.0,1,1,3.0,0.0,0.33,0.0,0.67,0.0,10.33,4.93,0,1,0,2,Low
559,13937.0,3484.25,4919.0,2460.0,1105.47,3279.0,4,6.0,0.0,6.0,6.0,5.0,5,5,1.0,0.0,0.5,0.25,0.5,0.25,12.5,5.51,0,2,2,0,Medium
560,13417.0,2236.17,3490.0,171.0,1563.61,2999.5,6,4.0,0.0,4.0,4.0,8.0,8,8,3.0,0.0,0.33,0.17,0.33,0.17,8.33,6.77,1,1,3,1,Medium
561,10949.0,1824.83,3548.0,865.0,1053.18,1484.5,6,7.0,0.0,7.0,7.0,7.0,7,7,2.0,0.0,0.17,0.33,0.33,0.33,13.67,7.37,0,1,3,2,Medium
562,14001.0,2333.5,3950.0,1242.0,1137.02,2013.5,6,9.0,0.0,9.0,9.0,2.0,2,2,3.0,0.0,0.33,0.17,0.17,0.33,11.0,8.2,1,2,1,2,Medium
563,9270.0,3090.0,4509.0,1756.0,1378.47,3005.0,3,8.0,0.0,8.0,8.0,8.0,8,8,3.0,0.0,0.0,1.0,0.33,0.0,8.33,8.08,1,1,1,0,Medium
564,4292.0,1430.67,2578.0,459.0,1070.37,1255.0,3,9.0,0.0,9.0,9.0,2.0,2,2,2.0,0.0,0.33,0.33,0.0,0.67,17.67,3.21,0,3,0,0,Low
565,13240.0,1891.43,4771.0,116.0,1510.39,1370.0,7,7.0,0.0,7.0,7.0,10.0,10,10,1.0,0.0,0.29,0.29,0.29,0.29,11.43,7.32,2,1,2,2,Medium
566,8172.0,1634.4,3117.0,60.0,1454.66,1728.0,5,10.0,0.0,10.0,10.0,1.0,1,1,1.0,0.0,0.6,0.6,0.0,0.4,17.4,4.28,1,1,2,1,Medium
567,14278.0,2855.6,3867.0,2056.0,703.35,2680.0,5,8.0,0.0,8.0,8.0,3.0,3,3,1.0,0.0,0.6,0.4,0.6,0.0,9.8,5.72,1,0,2,2,Medium
568,14330.0,2388.33,4984.0,11.0,1755.93,1915.5,6,8.0,0.0,8.0,8.0,3.0,3,3,3.0,0.0,0.33,0.0,0.17,0.5,15.0,8.56,3,0,1,2,Medium
569,11112.0,2778.0,3741.0,527.0,1526.15,3422.0,4,1.0,0.0,1.0,1.0,6.0,6,6,1.0,0.0,0.5,0.0,0.25,0.25,11.25,8.06,1,2,0,1,Medium
570,19371.0,2767.29,4514.0,458.0,1508.98,3104.0,7,9.0,0.0,9.0,9.0,3.0,3,3,3.0,0.0,0.86,0.0,0.29,0.14,13.71,3.35,2,2,3,0,High
571,7321.0,3660.5,4096.0,3225.0,615.89,3660.5,2,2.0,0.0,2.0,2.0,7.0,7,7,1.0,0.0,0.5,0.5,0.5,0.0,13.0,5.66,0,0,1,1,Low
572,2123.0,2123.0,2123.0,2123.0,,2123.0,1,7.0,,7.0,7.0,8.0,8,8,5.0,,0.0,0.0,0.0,1.0,22.0,,0,0,0,1,Low
573,16093.0,4023.25,4857.0,2975.0,790.31,4130.5,4,10.0,0.0,10.0,10.0,3.0,3,3,4.0,0.0,0.5,0.25,0.0,0.25,13.5,6.76,2,0,1,1,Medium
574,16535.0,4133.75,4897.0,2376.0,1180.07,4631.0,4,10.0,0.0,10.0,10.0,9.0,9,9,3.0,0.0,0.5,0.75,0.25,0.5,17.0,4.55,2,1,0,1,High
575,21227.0,2653.38,4600.0,801.0,1313.27,2377.5,8,5.0,0.0,5.0,5.0,1.0,1,1,2.0,0.0,0.38,0.12,0.25,0.25,11.25,8.08,3,2,3,0,High
576,14456.0,3614.0,4767.0,2805.0,878.52,3442.0,4,4.0,0.0,4.0,4.0,3.0,3,3,1.0,0.0,0.25,0.0,0.25,0.25,10.75,8.38,1,2,0,1,Medium
577,13368.0,2673.6,3350.0,1487.0,926.88,3336.0,5,1.0,0.0,1.0,1.0,3.0,3,3,4.0,0.0,0.4,0.2,0.0,0.2,14.0,6.32,2,1,1,1,Medium
578,6648.0,2216.0,2668.0,1518.0,613.2,2462.0,3,1.0,0.0,1.0,1.0,7.0,7,7,5.0,0.0,0.0,0.0,0.0,0.33,7.67,9.29,0,2,0,1,Low
579,20309.0,2538.62,4765.0,432.0,1457.54,2815.5,8,3.0,0.0,3.0,3.0,5.0,5,5,2.0,0.0,0.25,0.12,0.12,0.5,12.62,8.45,3,2,2,1,High
580,11092.0,2773.0,4671.0,870.0,1649.61,2775.5,4,1.0,0.0,1.0,1.0,4.0,4,4,4.0,0.0,0.75,0.0,0.5,0.25,13.0,4.9,3,0,0,1,Medium
581,11988.0,1712.57,3407.0,250.0,1275.91,1411.0,7,8.0,0.0,8.0,8.0,2.0,2,2,4.0,0.0,0.29,0.43,0.14,0.14,13.57,6.11,3,1,2,1,Medium
582,7632.0,3816.0,4159.0,3473.0,485.08,3816.0,2,3.0,0.0,3.0,3.0,7.0,7,7,1.0,0.0,0.5,0.0,0.0,0.0,8.5,7.78,1,0,0,1,Low
583,20279.0,3379.83,4839.0,2075.0,1032.68,3220.0,6,10.0,0.0,10.0,10.0,3.0,3,3,4.0,0.0,0.33,0.5,0.33,0.17,8.83,7.36,2,1,2,1,High
584,19940.0,2848.57,4638.0,798.0,1368.01,2885.0,7,2.0,0.0,2.0,2.0,7.0,7,7,4.0,0.0,0.71,0.29,0.29,0.29,15.14,4.98,3,1,1,2,High
585,3035.0,1517.5,2472.0,563.0,1349.87,1517.5,2,6.0,0.0,6.0,6.0,10.0,10,10,2.0,0.0,0.5,0.0,0.5,0.0,5.5,4.95,0,1,1,0,Low
586,12796.0,2559.2,4456.0,391.0,1738.78,2854.0,5,4.0,0.0,4.0,4.0,7.0,7,7,2.0,0.0,0.0,0.4,0.2,0.4,10.0,9.59,1,1,1,2,Medium
587,17793.0,2541.86,4104.0,837.0,1287.67,2460.0,7,4.0,0.0,4.0,4.0,2.0,2,2,2.0,0.0,0.43,0.43,0.29,0.29,12.14,7.29,2,1,2,2,High
588,10806.0,3602.0,4072.0,2872.0,640.86,3862.0,3,2.0,0.0,2.0,2.0,7.0,7,7,3.0,0.0,0.33,0.0,0.33,0.0,9.33,6.11,0,2,0,1,Medium
589,9702.0,3234.0,4109.0,2460.0,829.13,3133.0,3,2.0,0.0,2.0,2.0,6.0,6,6,1.0,0.0,0.0,1.0,0.0,0.33,13.33,7.23,0,0,2,1,Medium
590,15685.0,1960.62,4380.0,477.0,1398.88,1645.0,8,6.0,0.0,6.0,6.0,10.0,10,10,5.0,0.0,0.25,0.25,0.0,0.25,13.62,8.68,4,1,0,3,Medium
591,21291.0,3041.57,4691.0,1035.0,1228.62,2876.0,7,5.0,0.0,5.0,5.0,4.0,4,4,3.0,0.0,0.29,0.29,0.14,0.43,14.29,7.87,2,2,1,2,High
592,7200.0,1800.0,3592.0,592.0,1450.28,1508.0,4,9.0,0.0,9.0,9.0,5.0,5,5,1.0,0.0,0.0,0.5,0.0,0.75,16.0,7.7,0,1,2,1,Low
593,6056.0,2018.67,2949.0,1258.0,858.17,1849.0,3,4.0,0.0,4.0,4.0,8.0,8,8,5.0,0.0,0.0,0.0,0.0,0.67,20.67,3.21,0,0,1,2,Low
594,16448.0,2741.33,4844.0,835.0,1655.38,2334.5,6,5.0,0.0,5.0,5.0,5.0,5,5,2.0,0.0,0.5,0.33,0.0,0.33,14.5,7.09,1,1,2,2,Medium
595,7596.0,1899.0,3796.0,248.0,1491.79,1776.0,4,1.0,0.0,1.0,1.0,3.0,3,3,2.0,0.0,0.5,0.25,0.25,0.0,6.25,6.08,4,0,0,0,Low
596,13546.0,2257.67,4266.0,97.0,1520.27,2157.0,6,2.0,0.0,2.0,2.0,2.0,2,2,3.0,0.0,0.5,0.0,0.5,0.0,7.5,4.51,2,1,1,2,Medium
597,10589.0,2647.25,4878.0,1261.0,1673.08,2225.0,4,3.0,0.0,3.0,3.0,6.0,6,6,2.0,0.0,0.5,0.0,0.0,0.25,12.25,6.13,2,0,1,1,Medium
598,12403.0,2480.6,3634.0,1170.0,1109.11,2358.0,5,5.0,0.0,5.0,5.0,6.0,6,6,2.0,0.0,0.0,0.4,0.0,0.4,10.2,10.06,0,2,1,2,Medium
599,13048.0,1631.0,4235.0,183.0,1253.08,1577.0,8,5.0,0.0,5.0,5.0,7.0,7,7,1.0,0.0,0.5,0.25,0.25,0.38,16.5,4.31,3,2,1,2,Medium
600,6466.0,2155.33,3233.0,661.0,1335.67,2572.0,3,4.0,0.0,4.0,4.0,8.0,8,8,5.0,0.0,0.0,0.0,0.0,0.33,9.0,11.36,3,0,0,0,Low
601,5570.0,1856.67,3430.0,228.0,1601.72,1912.0,3,10.0,0.0,10.0,10.0,4.0,4,4,4.0,0.0,0.33,0.33,0.0,0.0,12.33,7.23,0,1,0,2,Low
602,3927.0,1309.0,2460.0,224.0,1119.46,1243.0,3,3.0,0.0,3.0,3.0,8.0,8,8,4.0,0.0,0.0,0.0,0.67,0.0,6.33,2.08,0,1,2,0,Low
603,13556.0,3389.0,4352.0,1724.0,1152.56,3740.0,4,9.0,0.0,9.0,9.0,1.0,1,1,4.0,0.0,0.0,0.25,0.0,0.0,4.75,8.22,1,1,2,0,Medium
604,2598.0,866.0,2289.0,57.0,1236.21,252.0,3,1.0,0.0,1.0,1.0,6.0,6,6,1.0,0.0,0.0,0.33,0.33,0.33,10.33,9.29,0,1,1,1,Low
605,5114.0,1022.8,3262.0,83.0,1289.18,677.0,5,6.0,0.0,6.0,6.0,6.0,6,6,4.0,0.0,0.6,0.0,0.2,0.4,16.8,4.55,2,2,1,0,Low
606,11607.0,1934.5,4267.0,59.0,1647.14,1848.0,6,7.0,0.0,7.0,7.0,3.0,3,3,2.0,0.0,0.33,0.0,0.17,0.17,12.83,6.24,1,2,3,0,Medium
607,7925.0,3962.5,4525.0,3400.0,795.5,3962.5,2,10.0,0.0,10.0,10.0,9.0,9,9,3.0,0.0,1.0,0.5,0.0,0.0,15.0,1.41,0,1,1,0,Medium
608,7577.0,2525.67,3155.0,1962.0,599.2,2460.0,3,4.0,0.0,4.0,4.0,5.0,5,5,3.0,0.0,0.0,0.67,0.67,0.0,4.67,2.31,1,1,0,1,Low
609,5853.0,1951.0,3552.0,235.0,1661.49,2066.0,3,10.0,0.0,10.0,10.0,1.0,1,1,3.0,0.0,0.33,0.67,0.0,0.0,6.33,7.51,1,1,1,0,Low
610,24470.0,2718.89,4789.0,147.0,1436.8,2460.0,9,3.0,0.0,3.0,3.0,7.0,7,7,1.0,0.0,0.22,0.22,0.11,0.22,10.89,7.88,2,3,2,2,High
611,11889.0,2972.25,4300.0,1254.0,1325.49,3167.5,4,8.0,0.0,8.0,8.0,10.0,10,10,2.0,0.0,0.0,0.25,0.0,1.0,19.5,1.73,1,1,2,0,Medium
612,3002.0,1501.0,2041.0,961.0,763.68,1501.0,2,9.0,0.0,9.0,9.0,3.0,3,3,5.0,0.0,0.0,0.0,0.0,0.5,12.0,9.9,0,1,1,0,Low
613,16766.0,4191.5,4783.0,3020.0,795.91,4481.5,4,1.0,0.0,1.0,1.0,10.0,10,10,2.0,0.0,0.5,0.0,0.0,0.0,8.75,6.95,1,2,0,1,High
614,17075.0,2134.38,4905.0,151.0,1694.99,2034.0,8,10.0,0.0,10.0,10.0,10.0,10,10,4.0,0.0,0.25,0.62,0.12,0.25,10.88,7.95,3,1,1,3,High
615,6589.0,1647.25,3481.0,437.0,1393.06,1335.5,4,9.0,0.0,9.0,9.0,4.0,4,4,4.0,0.0,0.25,0.0,0.25,0.0,9.25,7.14,0,1,0,3,Low
616,7965.0,2655.0,4859.0,1547.0,1908.73,1559.0,3,7.0,0.0,7.0,7.0,6.0,6,6,5.0,0.0,0.33,0.67,0.33,0.0,9.33,5.86,0,1,2,0,Medium
617,6746.0,1686.5,4816.0,93.0,2132.15,918.5,4,1.0,0.0,1.0,1.0,8.0,8,8,1.0,0.0,0.5,0.75,0.25,0.25,10.75,6.6,2,2,0,0,Low
618,27892.0,3984.57,4949.0,1759.0,1138.43,4360.0,7,7.0,0.0,7.0,7.0,4.0,4,4,4.0,0.0,0.57,0.43,0.14,0.14,10.86,6.64,4,1,2,0,High
619,7293.0,2431.0,4112.0,249.0,1979.63,2932.0,3,5.0,0.0,5.0,5.0,9.0,9,9,1.0,0.0,0.33,0.0,0.0,0.67,19.0,3.61,0,2,1,0,Low
620,14011.0,1751.38,3789.0,148.0,1486.93,1138.5,8,10.0,0.0,10.0,10.0,8.0,8,8,3.0,0.0,0.12,0.38,0.12,0.38,13.5,8.04,2,0,5,1,Medium
621,12578.0,2515.6,4733.0,830.0,1583.45,1843.0,5,7.0,0.0,7.0,7.0,10.0,10,10,3.0,0.0,0.0,0.2,0.6,0.2,9.4,6.02,1,0,4,0,Medium
622,9288.0,3096.0,3954.0,2504.0,760.72,2830.0,3,9.0,0.0,9.0,9.0,10.0,10,10,4.0,0.0,0.33,0.0,0.0,0.0,5.33,6.66,0,0,3,0,Medium
623,14322.0,2864.4,4621.0,532.0,2105.0,4223.0,5,8.0,0.0,8.0,8.0,6.0,6,6,1.0,0.0,0.4,0.0,0.2,0.6,18.0,5.15,1,2,2,0,Medium
624,4398.0,1466.0,3247.0,494.0,1544.54,657.0,3,6.0,0.0,6.0,6.0,7.0,7,7,4.0,0.0,0.67,0.0,0.67,0.33,13.0,5.29,0,1,2,0,Low
625,20308.0,2538.5,4814.0,444.0,1759.25,2449.0,8,2.0,0.0,2.0,2.0,8.0,8,8,3.0,0.0,0.12,0.12,0.0,0.5,15.12,8.17,0,0,7,1,High
626,17690.0,2527.14,4134.0,1115.0,993.64,2460.0,7,8.0,0.0,8.0,8.0,2.0,2,2,3.0,0.0,0.57,0.29,0.14,0.14,12.71,5.06,1,2,1,3,High
627,14190.0,2027.14,3909.0,1080.0,1021.5,1712.0,7,4.0,0.0,4.0,4.0,5.0,5,5,4.0,0.0,0.57,0.43,0.29,0.29,12.14,6.62,3,1,1,2,Medium
628,13748.0,3437.0,4748.0,1977.0,1252.0,3511.5,4,8.0,0.0,8.0,8.0,7.0,7,7,2.0,0.0,0.25,0.25,0.5,0.0,5.0,5.35,0,2,1,1,Medium
629,8584.0,1716.8,4155.0,508.0,1476.11,1008.0,5,7.0,0.0,7.0,7.0,8.0,8,8,4.0,0.0,0.2,0.4,0.2,0.4,16.2,4.92,1,0,2,2,Medium
630,5663.0,1887.67,3195.0,145.0,1570.91,2323.0,3,4.0,0.0,4.0,4.0,5.0,5,5,3.0,0.0,0.67,0.0,0.33,0.33,16.33,6.51,0,0,1,2,Low
631,6444.0,3222.0,4713.0,1731.0,2108.59,3222.0,2,8.0,0.0,8.0,8.0,3.0,3,3,5.0,0.0,0.0,1.0,0.0,0.5,12.5,13.44,0,1,1,0,Low
632,10357.0,2589.25,4692.0,299.0,2335.78,2683.0,4,2.0,0.0,2.0,2.0,6.0,6,6,3.0,0.0,0.25,0.0,0.0,0.0,6.25,5.97,0,0,2,2,Medium
633,11978.0,2395.6,4315.0,891.0,1227.85,2226.0,5,9.0,0.0,9.0,9.0,5.0,5,5,3.0,0.0,0.4,0.8,0.4,0.0,6.6,6.62,1,2,2,0,Medium
634,13732.0,3433.0,4950.0,1537.0,1412.77,3622.5,4,6.0,0.0,6.0,6.0,8.0,8,8,3.0,0.0,0.5,0.0,0.25,0.25,15.5,3.11,2,1,0,1,Medium
635,6677.0,1669.25,2856.0,399.0,1004.56,1711.0,4,7.0,0.0,7.0,7.0,9.0,9,9,2.0,0.0,0.0,0.5,0.0,0.5,14.25,9.64,2,0,0,2,Low
636,5858.0,1952.67,2955.0,443.0,1330.63,2460.0,3,10.0,0.0,10.0,10.0,9.0,9,9,1.0,0.0,0.33,0.0,0.33,0.67,17.33,7.23,2,1,0,0,Low
637,7815.0,2605.0,3227.0,1655.0,835.75,2933.0,3,1.0,0.0,1.0,1.0,6.0,6,6,4.0,0.0,0.0,0.33,0.0,0.33,14.0,8.89,2,0,1,0,Medium
638,9274.0,2318.5,3532.0,1257.0,1004.0,2242.5,4,3.0,0.0,3.0,3.0,4.0,4,4,1.0,0.0,0.25,0.5,1.0,0.0,7.5,2.38,1,0,1,2,Medium
639,14355.0,2050.71,3659.0,759.0,1158.36,1664.0,7,10.0,0.0,10.0,10.0,4.0,4,4,1.0,0.0,0.43,0.57,0.29,0.29,11.0,8.31,2,2,2,1,Medium
640,15154.0,2525.67,4524.0,1020.0,1190.89,2286.0,6,5.0,0.0,5.0,5.0,9.0,9,9,1.0,0.0,0.5,0.33,0.0,0.17,11.33,6.38,1,3,1,1,Medium
641,16720.0,3344.0,3897.0,3088.0,339.01,3217.0,5,7.0,0.0,7.0,7.0,4.0,4,4,4.0,0.0,0.6,0.0,0.4,0.2,13.6,4.04,0,0,4,1,High
642,2524.0,1262.0,1448.0,1076.0,263.04,1262.0,2,1.0,0.0,1.0,1.0,8.0,8,8,4.0,0.0,0.0,0.0,0.5,0.5,14.0,8.49,0,1,1,0,Low
643,8432.0,1686.4,3226.0,111.0,1191.92,1405.0,5,9.0,0.0,9.0,9.0,9.0,9,9,2.0,0.0,0.2,0.4,0.2,0.4,10.8,9.36,0,0,2,3,Medium
644,14752.0,2458.67,4688.0,1160.0,1622.91,1609.5,6,5.0,0.0,5.0,5.0,5.0,5,5,1.0,0.0,0.33,0.0,0.0,0.33,17.67,4.18,1,1,3,1,Medium
645,5990.0,1198.0,2748.0,348.0,1058.74,647.0,5,3.0,0.0,3.0,3.0,6.0,6,6,2.0,0.0,0.0,0.4,0.2,0.4,10.6,8.91,2,2,1,0,Low
646,17128.0,2446.86,4485.0,1096.0,1258.06,1791.0,7,7.0,0.0,7.0,7.0,3.0,3,3,3.0,0.0,0.57,0.43,0.0,0.0,8.71,5.41,2,0,1,4,High
647,11149.0,1858.17,4627.0,37.0,2042.83,799.5,6,10.0,0.0,10.0,10.0,5.0,5,5,4.0,0.0,0.33,0.0,0.17,0.17,10.0,7.8,2,1,2,1,Medium
648,12055.0,2411.0,4383.0,666.0,1561.05,2628.0,5,8.0,0.0,8.0,8.0,5.0,5,5,2.0,0.0,0.4,0.2,0.8,0.0,9.0,3.74,2,1,0,2,Medium
649,29765.0,2705.91,7315.0,409.0,1804.43,2561.0,11,10.0,0.0,10.0,10.0,2.0,2,2,1.0,0.0,0.09,0.64,0.0,0.36,12.09,8.77,4,3,1,3,High
650,3016.0,1005.33,2120.0,132.0,1015.73,764.0,3,10.0,0.0,10.0,10.0,10.0,10,10,4.0,0.0,0.67,0.0,0.67,0.0,10.0,2.65,0,1,1,1,Low
651,6215.0,2071.67,3960.0,1033.0,1638.07,1222.0,3,3.0,0.0,3.0,3.0,6.0,6,6,4.0,0.0,0.0,0.67,0.67,0.33,10.67,7.23,1,2,0,0,Low
652,10844.0,2168.8,3378.0,804.0,942.71,2110.0,5,7.0,0.0,7.0,7.0,9.0,9,9,3.0,0.0,0.4,0.0,0.2,0.0,12.0,7.14,1,1,1,2,Medium
653,9659.0,3219.67,4942.0,1560.0,1691.87,3157.0,3,7.0,0.0,7.0,7.0,7.0,7,7,2.0,0.0,0.0,0.0,0.33,0.67,17.0,7.94,1,0,1,1,Medium
654,12576.0,2096.0,4687.0,348.0,1838.98,1513.5,6,4.0,0.0,4.0,4.0,8.0,8,8,1.0,0.0,0.17,0.67,0.17,0.33,11.33,7.63,1,2,1,2,Medium
655,9145.0,2286.25,4388.0,205.0,2235.6,2276.0,4,10.0,0.0,10.0,10.0,2.0,2,2,1.0,0.0,0.0,0.25,0.25,0.25,8.0,7.75,1,2,0,1,Medium
656,15449.0,3089.8,4100.0,574.0,1425.89,3534.0,5,9.0,0.0,9.0,9.0,9.0,9,9,2.0,0.0,0.0,0.0,0.2,0.4,14.0,9.0,1,2,1,1,Medium
657,11565.0,2313.0,4949.0,631.0,1748.7,1999.0,5,1.0,0.0,1.0,1.0,3.0,3,3,4.0,0.0,0.0,0.4,0.2,0.6,13.6,9.56,1,1,1,2,Medium
658,10600.0,2120.0,4059.0,324.0,1491.44,2460.0,5,1.0,0.0,1.0,1.0,10.0,10,10,2.0,0.0,0.2,0.2,0.0,0.4,11.4,9.94,1,2,0,2,Medium
659,12733.0,1819.0,3119.0,586.0,920.02,1881.0,7,5.0,0.0,5.0,5.0,5.0,5,5,5.0,0.0,0.29,0.14,0.14,0.29,11.71,8.04,3,1,2,1,Medium
660,6042.0,2014.0,3671.0,135.0,1778.42,2236.0,3,6.0,0.0,6.0,6.0,7.0,7,7,5.0,0.0,0.0,0.0,0.0,0.0,2.33,2.08,0,1,0,2,Low
661,5385.0,1346.25,1920.0,850.0,547.01,1307.5,4,10.0,0.0,10.0,10.0,4.0,4,4,1.0,0.0,1.0,0.0,0.25,0.0,13.0,2.71,3,0,0,1,Low
662,7925.0,3962.5,4222.0,3703.0,366.99,3962.5,2,9.0,0.0,9.0,9.0,7.0,7,7,3.0,0.0,0.5,0.0,0.0,0.5,17.5,6.36,0,0,2,0,Medium
663,8720.0,1744.0,2849.0,141.0,1092.21,2074.0,5,5.0,0.0,5.0,5.0,8.0,8,8,1.0,0.0,0.4,0.2,0.4,0.2,10.2,7.46,0,2,1,2,Medium
664,19818.0,2831.14,4980.0,117.0,1995.68,2221.0,7,7.0,0.0,7.0,7.0,10.0,10,10,1.0,0.0,0.43,0.29,0.43,0.14,10.86,5.11,3,2,1,1,High
665,8105.0,2701.67,4986.0,549.0,2221.43,2570.0,3,1.0,0.0,1.0,1.0,10.0,10,10,2.0,0.0,0.33,0.67,0.0,0.33,17.33,1.53,1,1,1,0,Medium
666,10534.0,2633.5,3999.0,919.0,1348.15,2808.0,4,2.0,0.0,2.0,2.0,4.0,4,4,3.0,0.0,0.75,0.5,0.25,0.0,12.75,3.4,1,2,1,0,Medium
667,11613.0,1935.5,3968.0,378.0,1446.29,1351.5,6,4.0,0.0,4.0,4.0,5.0,5,5,5.0,0.0,0.33,0.5,0.0,0.17,9.83,7.7,1,1,2,2,Medium
668,4688.0,1562.67,3058.0,637.0,1307.17,993.0,3,9.0,0.0,9.0,9.0,3.0,3,3,3.0,0.0,1.0,0.33,0.0,0.0,12.67,1.15,0,1,1,1,Low
669,8914.0,1273.43,3195.0,57.0,1068.12,1364.0,7,5.0,0.0,5.0,5.0,5.0,5,5,4.0,0.0,0.29,0.14,0.29,0.14,6.57,6.75,2,1,2,2,Medium
670,20177.0,2522.12,4847.0,1024.0,1233.8,2296.5,8,5.0,0.0,5.0,5.0,8.0,8,8,4.0,0.0,0.75,0.38,0.25,0.12,13.62,4.27,3,0,3,2,High
671,10856.0,1809.33,3142.0,28.0,1046.27,2027.0,6,9.0,0.0,9.0,9.0,3.0,3,3,2.0,0.0,0.17,0.33,0.17,0.33,9.83,8.98,1,1,2,2,Medium
672,2238.0,1119.0,1873.0,365.0,1066.32,1119.0,2,8.0,0.0,8.0,8.0,5.0,5,5,3.0,0.0,0.0,0.5,0.5,0.0,4.5,3.54,0,0,0,2,Low
673,9718.0,2429.5,3749.0,1370.0,991.45,2299.5,4,2.0,0.0,2.0,2.0,10.0,10,10,4.0,0.0,0.75,0.75,0.0,0.25,14.75,3.4,0,2,2,0,Medium
674,8925.0,2231.25,3187.0,1000.0,1069.8,2369.0,4,7.0,0.0,7.0,7.0,1.0,1,1,1.0,0.0,0.25,0.0,0.0,0.75,19.25,4.99,0,1,1,2,Medium
675,11196.0,1866.0,3682.0,345.0,1501.53,1477.5,6,1.0,0.0,1.0,1.0,2.0,2,2,1.0,0.0,0.5,0.17,0.17,0.17,9.5,8.14,1,2,2,1,Medium
676,13983.0,2796.6,4015.0,1005.0,1256.59,2976.0,5,10.0,0.0,10.0,10.0,3.0,3,3,1.0,0.0,0.6,0.2,0.6,0.2,11.6,5.03,1,2,1,1,Medium
677,12107.0,2421.4,4845.0,1260.0,1426.92,1795.0,5,9.0,0.0,9.0,9.0,1.0,1,1,3.0,0.0,0.2,0.2,0.0,0.4,10.8,9.93,3,1,0,1,Medium
678,22227.0,3704.5,4645.0,2460.0,1003.65,3957.0,6,3.0,0.0,3.0,3.0,9.0,9,9,2.0,0.0,0.33,0.33,0.33,0.17,11.5,6.02,1,0,2,3,High
679,14185.0,2837.0,3906.0,1419.0,1004.91,2710.0,5,2.0,0.0,2.0,2.0,9.0,9,9,4.0,0.0,0.0,0.6,0.4,0.6,15.0,7.84,1,0,2,2,Medium
680,10966.0,2193.2,4591.0,951.0,1480.97,1928.0,5,4.0,0.0,4.0,4.0,5.0,5,5,3.0,0.0,0.2,0.2,0.8,0.2,10.8,6.98,1,1,3,0,Medium
681,7905.0,3952.5,4136.0,3769.0,259.51,3952.5,2,4.0,0.0,4.0,4.0,4.0,4,4,3.0,0.0,0.0,0.5,0.0,0.0,3.5,0.71,0,1,0,1,Medium
682,1846.0,1846.0,1846.0,1846.0,,1846.0,1,3.0,,3.0,3.0,5.0,5,5,1.0,,1.0,0.0,1.0,0.0,10.0,,0,0,1,0,Low
683,15874.0,3174.8,4658.0,1111.0,1320.87,3511.0,5,2.0,0.0,2.0,2.0,4.0,4,4,3.0,0.0,0.2,0.6,0.2,0.2,9.0,8.09,0,1,1,3,Medium
684,19318.0,2146.44,4367.0,831.0,1272.64,1886.0,9,5.0,0.0,5.0,5.0,5.0,5,5,4.0,0.0,0.67,0.22,0.33,0.22,13.33,5.96,1,1,5,2,High
685,14264.0,2377.33,4226.0,412.0,1480.78,2510.0,6,4.0,0.0,4.0,4.0,7.0,7,7,3.0,0.0,0.33,0.17,0.33,0.5,16.17,7.39,2,0,1,3,Medium
686,15098.0,2516.33,3779.0,959.0,1092.3,2342.0,6,5.0,0.0,5.0,5.0,8.0,8,8,3.0,0.0,0.0,0.33,0.0,0.67,16.33,7.2,1,1,3,1,Medium
687,11485.0,2871.25,3944.0,1553.0,1248.29,2994.0,4,8.0,0.0,8.0,8.0,2.0,2,2,5.0,0.0,0.75,0.0,0.25,0.0,9.75,6.85,1,1,1,1,Medium
688,8128.0,2032.0,2916.0,985.0,821.08,2113.5,4,2.0,0.0,2.0,2.0,4.0,4,4,5.0,0.0,0.25,0.25,0.25,0.25,8.25,9.18,1,1,1,1,Medium
689,9914.0,3304.67,4540.0,1535.0,1572.15,3839.0,3,9.0,0.0,9.0,9.0,8.0,8,8,4.0,0.0,0.33,0.33,0.0,0.67,18.67,3.51,2,0,0,1,Medium
690,29324.0,3258.22,7315.0,620.0,2112.83,2570.0,9,10.0,0.0,10.0,10.0,7.0,7,7,4.0,0.0,0.33,0.44,0.44,0.0,10.33,4.69,1,3,5,0,High
691,15648.0,3129.6,4619.0,1230.0,1432.92,3216.0,5,1.0,0.0,1.0,1.0,9.0,9,9,4.0,0.0,0.0,0.0,0.2,0.2,7.4,6.95,1,1,2,1,Medium
692,17767.0,3553.4,4856.0,966.0,1762.46,4671.0,5,8.0,0.0,8.0,8.0,5.0,5,5,1.0,0.0,0.2,0.4,0.2,0.2,9.2,8.53,1,3,1,0,High
693,3014.0,1507.0,2084.0,930.0,816.0,1507.0,2,5.0,0.0,5.0,5.0,6.0,6,6,4.0,0.0,1.0,0.0,0.5,0.0,10.5,2.12,1,0,0,1,Low
694,17270.0,2467.14,4513.0,1150.0,1215.86,2618.0,7,2.0,0.0,2.0,2.0,8.0,8,8,4.0,0.0,0.29,0.29,0.29,0.14,10.43,6.27,3,0,1,3,High
695,17819.0,2969.83,4460.0,1777.0,945.41,2741.5,6,8.0,0.0,8.0,8.0,5.0,5,5,2.0,0.0,0.0,0.17,0.17,0.67,14.33,7.42,2,2,1,1,High
696,8409.0,2803.0,3682.0,2350.0,761.36,2377.0,3,5.0,0.0,5.0,5.0,9.0,9,9,3.0,0.0,0.0,0.67,0.0,0.33,11.0,10.39,0,0,1,2,Medium
697,3195.0,639.0,2090.0,133.0,830.66,251.0,5,10.0,0.0,10.0,10.0,4.0,4,4,4.0,0.0,0.6,0.2,0.4,0.2,12.8,5.54,2,2,0,1,Low
698,16001.0,2285.86,4036.0,287.0,1297.53,2306.0,7,10.0,0.0,10.0,10.0,8.0,8,8,3.0,0.0,0.43,0.14,0.14,0.14,13.57,7.25,2,3,0,2,Medium
699,5221.0,1305.25,1771.0,983.0,332.2,1233.5,4,6.0,0.0,6.0,6.0,3.0,3,3,3.0,0.0,0.75,0.25,0.25,0.0,10.75,2.5,0,3,1,0,Low
700,1669.0,834.5,916.0,753.0,115.26,834.5,2,7.0,0.0,7.0,7.0,5.0,5,5,2.0,0.0,0.5,0.5,0.5,0.0,7.5,4.95,1,0,1,0,Low
701,11640.0,2328.0,3135.0,806.0,970.15,2888.0,5,4.0,0.0,4.0,4.0,8.0,8,8,5.0,0.0,0.6,0.0,0.4,0.2,11.0,7.71,0,1,2,2,Medium
702,32812.0,2524.0,4427.0,159.0,1450.16,3008.0,13,10.0,0.0,10.0,10.0,10.0,10,10,4.0,0.0,0.23,0.08,0.31,0.08,6.77,5.64,3,3,2,5,High
703,3448.0,1149.33,2460.0,443.0,1136.22,545.0,3,6.0,0.0,6.0,6.0,7.0,7,7,3.0,0.0,0.33,0.33,0.0,0.33,10.67,10.07,1,0,1,1,Low
704,16017.0,2288.14,3892.0,985.0,1126.64,2510.0,7,10.0,0.0,10.0,10.0,1.0,1,1,5.0,0.0,0.43,0.29,0.14,0.43,14.71,7.59,0,2,2,3,Medium
705,15569.0,2224.14,4417.0,714.0,1454.05,1859.0,7,8.0,0.0,8.0,8.0,4.0,4,4,1.0,0.0,0.0,0.29,0.0,0.57,12.86,10.02,3,2,1,1,Medium
706,10767.0,3589.0,4200.0,3204.0,535.08,3363.0,3,1.0,0.0,1.0,1.0,2.0,2,2,3.0,0.0,0.0,0.33,0.33,0.0,4.67,3.06,2,0,0,1,Medium
707,6935.0,2311.67,4680.0,697.0,2095.73,1558.0,3,2.0,0.0,2.0,2.0,2.0,2,2,2.0,0.0,0.0,0.33,0.67,0.33,11.67,8.08,1,1,0,1,Low
708,6181.0,2060.33,2706.0,966.0,952.83,2509.0,3,8.0,0.0,8.0,8.0,7.0,7,7,4.0,0.0,0.0,0.33,0.0,0.33,9.67,10.79,1,1,1,0,Low
709,10751.0,2687.75,3500.0,1239.0,1038.9,3006.0,4,7.0,0.0,7.0,7.0,3.0,3,3,1.0,0.0,0.5,0.25,0.5,0.25,12.75,5.5,1,1,1,1,Medium
710,13813.0,3453.25,4203.0,1790.0,1137.09,3910.0,4,10.0,0.0,10.0,10.0,3.0,3,3,5.0,0.0,0.0,0.25,0.0,0.5,11.5,12.18,1,1,2,0,Medium
711,5461.0,1820.33,3890.0,661.0,1796.7,910.0,3,9.0,0.0,9.0,9.0,6.0,6,6,2.0,0.0,0.33,0.33,0.0,0.33,11.33,10.26,1,0,0,2,Low
712,2890.0,1445.0,1727.0,1163.0,398.81,1445.0,2,2.0,0.0,2.0,2.0,6.0,6,6,3.0,0.0,0.5,0.5,0.5,0.0,6.5,6.36,0,1,0,1,Low
713,6541.0,1635.25,2331.0,599.0,734.16,1805.5,4,8.0,0.0,8.0,8.0,1.0,1,1,4.0,0.0,0.5,0.25,0.25,0.5,17.25,6.24,1,1,0,2,Low
714,6066.0,2022.0,3154.0,1441.0,980.46,1471.0,3,6.0,0.0,6.0,6.0,1.0,1,1,2.0,0.0,0.0,0.33,0.67,0.33,11.0,8.66,0,1,0,2,Low
715,7351.0,1470.2,4363.0,169.0,1820.7,458.0,5,1.0,0.0,1.0,1.0,6.0,6,6,2.0,0.0,0.6,0.4,0.0,0.2,13.6,5.5,1,2,1,1,Low
716,15249.0,2541.5,4734.0,213.0,1912.28,3070.5,6,4.0,0.0,4.0,4.0,7.0,7,7,2.0,0.0,0.17,0.17,0.0,0.5,13.0,9.32,1,1,2,2,Medium
717,22104.0,2763.0,4559.0,705.0,1481.13,3035.0,8,2.0,0.0,2.0,2.0,9.0,9,9,4.0,0.0,0.12,0.25,0.12,0.5,14.25,7.83,1,2,3,2,High
718,9540.0,1908.0,3047.0,625.0,998.91,2116.0,5,7.0,0.0,7.0,7.0,4.0,4,4,2.0,0.0,0.2,0.4,0.4,0.0,9.8,6.38,0,3,2,0,Medium
719,8705.0,1741.0,4539.0,416.0,1862.42,486.0,5,9.0,0.0,9.0,9.0,10.0,10,10,2.0,0.0,0.2,0.0,0.2,0.4,12.6,9.21,0,0,2,3,Medium
720,9704.0,4852.0,4947.0,4757.0,134.35,4852.0,2,6.0,0.0,6.0,6.0,6.0,6,6,3.0,0.0,0.5,0.0,0.5,0.0,7.0,5.66,1,1,0,0,Medium
721,16603.0,2767.17,4110.0,885.0,1218.41,2940.0,6,4.0,0.0,4.0,4.0,3.0,3,3,3.0,0.0,0.33,0.5,0.33,0.5,15.17,6.55,2,1,1,2,High
722,19289.0,2755.57,4970.0,35.0,1726.46,2726.0,7,5.0,0.0,5.0,5.0,4.0,4,4,3.0,0.0,0.29,0.29,0.29,0.29,8.71,8.36,1,0,0,6,High
723,6266.0,2088.67,3161.0,1284.0,966.7,1821.0,3,1.0,0.0,1.0,1.0,9.0,9,9,1.0,0.0,0.0,0.33,0.33,0.67,15.0,6.08,1,0,0,2,Low
724,11026.0,2205.2,4481.0,37.0,1656.16,2460.0,5,4.0,0.0,4.0,4.0,1.0,1,1,2.0,0.0,0.4,0.6,0.0,0.6,18.8,4.21,3,0,1,1,Medium
725,14558.0,2426.33,4182.0,401.0,1314.06,2303.0,6,10.0,0.0,10.0,10.0,5.0,5,5,1.0,0.0,0.17,0.17,0.0,0.33,10.33,8.55,0,2,1,3,Medium
726,22968.0,2871.0,4768.0,1297.0,1120.61,2816.0,8,3.0,0.0,3.0,3.0,7.0,7,7,3.0,0.0,0.12,0.25,0.25,0.38,10.12,8.34,1,0,3,4,High
727,12687.0,2537.4,4872.0,773.0,1531.05,2339.0,5,9.0,0.0,9.0,9.0,3.0,3,3,5.0,0.0,0.2,0.4,0.0,0.4,12.6,7.96,0,1,3,1,Medium
728,14105.0,2015.0,3948.0,107.0,1582.82,1430.0,7,6.0,0.0,6.0,6.0,2.0,2,2,1.0,0.0,0.0,0.14,0.14,0.71,17.0,7.57,4,0,2,1,Medium
729,4559.0,4559.0,4559.0,4559.0,,4559.0,1,4.0,,4.0,4.0,2.0,2,2,3.0,,0.0,1.0,0.0,0.0,3.0,,0,1,0,0,Low
730,7902.0,1975.5,3319.0,924.0,1048.58,1829.5,4,3.0,0.0,3.0,3.0,1.0,1,1,4.0,0.0,0.75,0.25,0.75,0.0,7.75,3.95,0,1,1,2,Medium
731,6928.0,3464.0,3877.0,3051.0,584.07,3464.0,2,4.0,0.0,4.0,4.0,5.0,5,5,3.0,0.0,0.0,0.5,0.0,0.0,3.5,0.71,0,0,1,1,Low
732,28044.0,3505.5,4807.0,2546.0,837.27,3447.5,8,8.0,0.0,8.0,8.0,3.0,3,3,5.0,0.0,0.88,0.25,0.25,0.0,12.38,3.5,1,1,2,4,High
733,11756.0,2939.0,4915.0,1313.0,1644.49,2764.0,4,5.0,0.0,5.0,5.0,7.0,7,7,3.0,0.0,0.25,0.0,0.5,0.25,11.25,8.22,1,0,2,1,Medium
734,1835.0,1835.0,1835.0,1835.0,,1835.0,1,1.0,,1.0,1.0,1.0,1,1,3.0,,0.0,0.0,0.0,1.0,19.0,,1,0,0,0,Low
735,7131.0,3565.5,4461.0,2670.0,1266.43,3565.5,2,5.0,0.0,5.0,5.0,9.0,9,9,4.0,0.0,0.5,0.0,0.0,0.0,15.5,2.12,0,0,0,2,Low
736,14828.0,2471.33,4990.0,898.0,1629.49,1971.5,6,8.0,0.0,8.0,8.0,2.0,2,2,1.0,0.0,0.5,0.33,0.5,0.33,12.5,5.54,1,1,3,1,Medium
737,6979.0,3489.5,3677.0,3302.0,265.17,3489.5,2,4.0,0.0,4.0,4.0,8.0,8,8,3.0,0.0,0.5,0.5,0.5,0.0,7.0,2.83,0,2,0,0,Low
738,7174.0,2391.33,3606.0,724.0,1493.37,2844.0,3,2.0,0.0,2.0,2.0,10.0,10,10,3.0,0.0,0.67,0.33,0.33,0.0,11.33,4.73,2,0,1,0,Low
739,4048.0,1349.33,2438.0,703.0,948.31,907.0,3,3.0,0.0,3.0,3.0,4.0,4,4,3.0,0.0,0.67,0.33,1.0,0.0,8.33,2.08,0,2,0,1,Low
740,12881.0,2576.2,4517.0,108.0,1779.19,3030.0,5,9.0,0.0,9.0,9.0,6.0,6,6,3.0,0.0,0.2,0.2,0.0,0.4,12.0,8.31,0,1,2,2,Medium
741,8456.0,2114.0,3175.0,185.0,1323.86,2548.0,4,7.0,0.0,7.0,7.0,9.0,9,9,3.0,0.0,0.25,0.5,0.0,0.5,17.75,4.57,0,0,4,0,Medium
742,4367.0,2183.5,3827.0,540.0,2324.26,2183.5,2,3.0,0.0,3.0,3.0,7.0,7,7,2.0,0.0,0.0,0.5,1.0,0.0,6.5,0.71,1,0,0,1,Low
743,16143.0,2017.88,4880.0,141.0,1767.49,1883.0,8,5.0,0.0,5.0,5.0,8.0,8,8,1.0,0.0,0.38,0.25,0.38,0.25,11.25,6.8,0,0,3,5,Medium
744,9998.0,2499.5,3468.0,1267.0,922.08,2631.5,4,3.0,0.0,3.0,3.0,7.0,7,7,1.0,0.0,0.25,0.25,0.25,0.25,8.75,6.65,1,0,2,1,Medium
745,7156.0,3578.0,3741.0,3415.0,230.52,3578.0,2,10.0,0.0,10.0,10.0,2.0,2,2,1.0,0.0,0.0,0.5,0.0,0.0,0.5,0.71,0,1,0,1,Low
746,8877.0,2959.0,4636.0,1465.0,1593.4,2776.0,3,4.0,0.0,4.0,4.0,9.0,9,9,4.0,0.0,0.33,0.0,0.33,0.67,18.33,7.23,0,0,1,2,Medium
747,13813.0,3453.25,4586.0,2662.0,832.92,3282.5,4,8.0,0.0,8.0,8.0,1.0,1,1,1.0,0.0,0.0,0.25,0.0,0.5,12.5,9.33,0,1,2,1,Medium
748,16217.0,3243.4,4383.0,1031.0,1341.84,3873.0,5,3.0,0.0,3.0,3.0,2.0,2,2,4.0,0.0,0.4,0.2,0.2,0.2,9.8,6.69,1,1,0,3,Medium
749,11388.0,2847.0,3172.0,2448.0,318.34,2884.0,4,3.0,0.0,3.0,3.0,3.0,3,3,4.0,0.0,0.75,0.75,0.5,0.25,12.0,4.24,0,2,0,2,Medium
750,8468.0,1693.6,3338.0,408.0,1059.72,1648.0,5,8.0,0.0,8.0,8.0,3.0,3,3,5.0,0.0,0.4,0.0,0.4,0.4,13.6,6.11,0,2,1,2,Medium
751,16618.0,2769.67,4776.0,1021.0,1238.59,2817.5,6,10.0,0.0,10.0,10.0,10.0,10,10,1.0,0.0,0.33,0.83,0.33,0.5,15.17,7.76,1,1,3,1,High
752,4865.0,1621.67,4320.0,133.0,2340.99,412.0,3,10.0,0.0,10.0,10.0,4.0,4,4,2.0,0.0,0.0,0.0,0.67,0.33,10.33,6.66,0,1,1,1,Low
753,12849.0,2569.8,4466.0,326.0,1921.88,3148.0,5,7.0,0.0,7.0,7.0,5.0,5,5,1.0,0.0,0.2,0.4,0.2,0.4,11.0,8.8,2,0,2,1,Medium
754,13968.0,2328.0,4418.0,1195.0,1245.71,1957.5,6,7.0,0.0,7.0,7.0,6.0,6,6,5.0,0.0,0.33,0.33,0.17,0.17,9.33,7.99,0,1,3,2,Medium
755,13257.0,2651.4,4123.0,1082.0,1283.54,2165.0,5,10.0,0.0,10.0,10.0,1.0,1,1,2.0,0.0,0.2,0.0,0.4,0.4,13.0,5.29,2,2,1,0,Medium
756,24000.0,2666.67,4957.0,262.0,1982.09,2055.0,9,2.0,0.0,2.0,2.0,8.0,8,8,2.0,0.0,0.33,0.33,0.56,0.11,10.67,5.41,1,5,1,2,High
757,11966.0,1709.43,4121.0,302.0,1619.93,653.0,7,6.0,0.0,6.0,6.0,6.0,6,6,1.0,0.0,0.43,0.14,0.29,0.14,12.43,4.89,2,3,1,1,Medium
758,18956.0,2708.0,4758.0,391.0,1861.17,3030.0,7,10.0,0.0,10.0,10.0,10.0,10,10,3.0,0.0,0.57,0.29,0.43,0.14,10.71,5.38,3,1,0,3,High
759,16074.0,2296.29,4985.0,223.0,1612.16,2307.0,7,10.0,0.0,10.0,10.0,9.0,9,9,4.0,0.0,0.43,0.14,0.0,0.43,15.43,7.0,0,2,2,3,Medium
760,13020.0,2604.0,4569.0,578.0,1810.54,2715.0,5,3.0,0.0,3.0,3.0,5.0,5,5,1.0,0.0,0.2,0.4,0.2,0.4,10.8,8.17,2,0,2,1,Medium
761,18263.0,2029.22,4378.0,122.0,1470.28,2199.0,9,7.0,0.0,7.0,7.0,7.0,7,7,3.0,0.0,0.11,0.22,0.22,0.44,13.33,7.18,4,2,1,2,High
762,21613.0,2701.62,4647.0,959.0,1281.35,2260.0,8,4.0,0.0,4.0,4.0,4.0,4,4,4.0,0.0,0.5,0.5,0.25,0.25,13.75,6.11,2,1,4,1,High
763,5578.0,1859.33,2391.0,1114.0,664.77,2073.0,3,8.0,0.0,8.0,8.0,6.0,6,6,3.0,0.0,0.33,0.67,0.33,0.33,14.67,4.93,1,1,1,0,Low
764,14699.0,2449.83,4006.0,855.0,1083.91,2420.0,6,8.0,0.0,8.0,8.0,6.0,6,6,3.0,0.0,0.5,0.0,0.0,0.17,11.5,7.87,0,4,0,2,Medium
765,6279.0,2093.0,2997.0,646.0,1266.07,2636.0,3,6.0,0.0,6.0,6.0,4.0,4,4,5.0,0.0,0.0,0.0,0.33,0.0,8.33,8.08,2,0,0,1,Low
766,19941.0,3323.5,4438.0,1217.0,1290.24,3900.5,6,3.0,0.0,3.0,3.0,6.0,6,6,2.0,0.0,0.5,0.0,0.17,0.33,15.0,4.82,2,2,0,2,High
767,4999.0,1666.33,2364.0,1159.0,624.64,1476.0,3,6.0,0.0,6.0,6.0,8.0,8,8,2.0,0.0,0.33,0.33,0.67,0.0,5.33,4.04,0,1,2,0,Low
768,17340.0,2890.0,4762.0,1502.0,1468.49,2463.5,6,6.0,0.0,6.0,6.0,5.0,5,5,5.0,0.0,0.0,0.67,0.5,0.17,10.0,6.36,3,3,0,0,High
769,2043.0,1021.5,1288.0,755.0,376.89,1021.5,2,3.0,0.0,3.0,3.0,2.0,2,2,5.0,0.0,0.5,0.5,0.0,0.5,18.0,5.66,0,0,1,1,Low
770,13819.0,2303.17,4809.0,716.0,1574.43,2202.5,6,4.0,0.0,4.0,4.0,9.0,9,9,2.0,0.0,0.17,0.33,0.33,0.33,9.67,7.31,0,4,1,1,Medium
771,16197.0,2699.5,3970.0,544.0,1350.08,2979.0,6,2.0,0.0,2.0,2.0,4.0,4,4,5.0,0.0,0.17,0.5,0.17,0.67,16.0,8.27,3,2,0,1,Medium
772,18089.0,3617.8,7315.0,590.0,2510.75,3299.0,5,1.0,0.0,1.0,1.0,4.0,4,4,3.0,0.0,0.4,0.2,0.0,0.6,19.2,3.9,3,0,2,0,High
773,14740.0,2948.0,4935.0,573.0,1759.91,3184.0,5,2.0,0.0,2.0,2.0,7.0,7,7,3.0,0.0,0.6,0.2,0.2,0.2,12.4,5.5,3,1,1,0,Medium
774,16457.0,2742.83,4137.0,708.0,1464.77,3105.5,6,7.0,0.0,7.0,7.0,10.0,10,10,3.0,0.0,0.67,0.5,0.67,0.17,10.33,5.65,1,4,0,1,Medium
775,17648.0,1960.89,4776.0,188.0,1634.15,1326.0,9,10.0,0.0,10.0,10.0,10.0,10,10,2.0,0.0,0.22,0.33,0.11,0.44,13.22,7.28,1,3,4,1,High
776,12629.0,2104.83,3614.0,406.0,1167.22,1950.0,6,5.0,0.0,5.0,5.0,6.0,6,6,2.0,0.0,0.33,0.17,0.17,0.17,9.67,7.06,1,1,2,2,Medium
777,4009.0,1336.33,1544.0,954.0,331.52,1511.0,3,9.0,0.0,9.0,9.0,4.0,4,4,2.0,0.0,0.33,0.67,0.33,0.33,14.67,7.64,1,1,0,1,Low
778,19197.0,3199.5,4349.0,2460.0,750.74,2905.5,6,3.0,0.0,3.0,3.0,6.0,6,6,2.0,0.0,0.33,0.0,0.17,0.33,12.83,8.11,0,1,3,2,High
779,3867.0,3867.0,3867.0,3867.0,,3867.0,1,2.0,,2.0,2.0,3.0,3,3,4.0,,0.0,0.0,0.0,0.0,1.0,,1,0,0,0,Low
780,14669.0,2444.83,4124.0,1561.0,963.68,2045.0,6,4.0,0.0,4.0,4.0,7.0,7,7,4.0,0.0,0.67,0.33,0.5,0.0,9.17,5.31,1,4,0,1,Medium
781,5371.0,1790.33,2405.0,575.0,1052.53,2391.0,3,2.0,0.0,2.0,2.0,6.0,6,6,2.0,0.0,0.67,0.33,0.0,0.33,16.33,3.51,1,0,1,1,Low
782,13569.0,2261.5,4490.0,369.0,1350.4,2129.5,6,7.0,0.0,7.0,7.0,3.0,3,3,4.0,0.0,0.33,0.33,0.67,0.0,6.0,4.47,2,1,1,2,Medium
783,26071.0,2896.78,4745.0,800.0,1199.16,2836.0,9,10.0,0.0,10.0,10.0,1.0,1,1,2.0,0.0,0.44,0.33,0.22,0.44,15.0,7.04,2,1,3,3,High
784,10412.0,2603.0,4223.0,471.0,1819.95,2859.0,4,6.0,0.0,6.0,6.0,10.0,10,10,2.0,0.0,0.25,0.25,0.0,0.25,9.75,10.5,1,1,2,0,Medium
785,15601.0,1950.12,4563.0,69.0,1608.39,1930.5,8,8.0,0.0,8.0,8.0,5.0,5,5,2.0,0.0,0.25,0.12,0.12,0.25,12.88,7.16,2,3,0,3,Medium
786,24070.0,2674.44,3681.0,626.0,1160.64,3363.0,9,5.0,0.0,5.0,5.0,10.0,10,10,3.0,0.0,0.33,0.11,0.44,0.22,8.89,7.27,1,2,3,3,High
787,17561.0,2508.71,4139.0,335.0,1291.71,2775.0,7,2.0,0.0,2.0,2.0,2.0,2,2,2.0,0.0,0.29,0.57,0.14,0.29,10.14,9.01,0,2,3,2,High
788,13184.0,3296.0,4484.0,2451.0,893.21,3124.5,4,4.0,0.0,4.0,4.0,7.0,7,7,1.0,0.0,1.0,0.5,0.25,0.0,12.5,1.73,0,3,1,0,Medium
789,12221.0,4073.67,4651.0,3353.0,660.76,4217.0,3,1.0,0.0,1.0,1.0,7.0,7,7,5.0,0.0,0.33,0.67,0.33,0.33,10.67,7.51,0,3,0,0,Medium
790,25440.0,2826.67,4958.0,120.0,1704.93,3051.0,9,2.0,0.0,2.0,2.0,4.0,4,4,1.0,0.0,0.44,0.33,0.44,0.22,8.78,6.91,2,3,3,1,High
791,3821.0,3821.0,3821.0,3821.0,,3821.0,1,4.0,,4.0,4.0,6.0,6,6,2.0,,0.0,0.0,1.0,0.0,8.0,,0,1,0,0,Low
792,24027.0,3003.38,4704.0,617.0,1379.38,3499.0,8,6.0,0.0,6.0,6.0,1.0,1,1,4.0,0.0,0.25,0.5,0.25,0.0,6.38,5.32,2,4,1,1,High
793,14361.0,2051.57,3636.0,214.0,1230.8,2432.0,7,4.0,0.0,4.0,4.0,2.0,2,2,2.0,0.0,0.14,0.14,0.14,0.29,9.71,7.61,0,5,2,0,Medium
794,34357.0,2642.85,4320.0,358.0,1113.8,2688.0,13,4.0,0.0,4.0,4.0,6.0,6,6,5.0,0.0,0.23,0.31,0.31,0.38,12.46,7.99,5,5,1,2,High
795,27331.0,3904.43,4693.0,2763.0,751.86,3978.0,7,10.0,0.0,10.0,10.0,2.0,2,2,3.0,0.0,0.43,0.14,0.14,0.14,12.57,7.28,2,2,2,1,High
796,3961.0,1980.5,2757.0,1204.0,1098.14,1980.5,2,10.0,0.0,10.0,10.0,4.0,4,4,3.0,0.0,1.0,0.5,0.5,0.0,12.0,4.24,0,1,0,1,Low
797,15476.0,2579.33,3803.0,234.0,1325.4,2787.0,6,2.0,0.0,2.0,2.0,4.0,4,4,4.0,0.0,0.0,0.33,0.0,0.5,12.33,9.58,1,2,2,1,Medium
798,4860.0,1620.0,2973.0,621.0,1215.3,1266.0,3,9.0,0.0,9.0,9.0,10.0,10,10,1.0,0.0,0.0,0.0,0.0,0.33,11.0,10.39,1,1,0,1,Low
799,14045.0,2340.83,4588.0,579.0,1511.38,2412.0,6,10.0,0.0,10.0,10.0,9.0,9,9,3.0,0.0,0.33,0.17,0.0,0.5,15.83,6.85,1,1,1,3,Medium
800,17620.0,3524.0,4872.0,1711.0,1214.47,3707.0,5,8.0,0.0,8.0,8.0,10.0,10,10,4.0,0.0,0.4,0.8,0.2,0.4,15.8,6.42,0,0,2,3,High
801,11543.0,1649.0,3673.0,266.0,1206.06,1186.0,7,8.0,0.0,8.0,8.0,7.0,7,7,1.0,0.0,0.57,0.43,0.14,0.0,10.86,6.44,1,3,2,1,Medium
802,2094.0,523.5,1404.0,119.0,599.94,285.5,4,5.0,0.0,5.0,5.0,7.0,7,7,2.0,0.0,0.25,0.5,0.25,0.25,10.25,7.68,0,4,0,0,Low
803,11711.0,2342.2,3523.0,1630.0,788.16,2188.0,5,3.0,0.0,3.0,3.0,1.0,1,1,3.0,0.0,0.0,0.8,0.0,0.6,14.8,9.88,1,1,2,1,Medium
804,8973.0,2991.0,4836.0,880.0,1991.37,3257.0,3,6.0,0.0,6.0,6.0,5.0,5,5,3.0,0.0,0.67,0.0,0.67,0.0,10.33,2.08,0,2,0,1,Medium
805,12671.0,2534.2,4584.0,105.0,2187.86,3159.0,5,9.0,0.0,9.0,9.0,3.0,3,3,3.0,0.0,0.8,0.0,0.0,0.2,16.6,3.13,0,3,0,2,Medium
806,17410.0,1934.44,4336.0,171.0,1554.99,940.0,9,8.0,0.0,8.0,8.0,3.0,3,3,3.0,0.0,0.56,0.33,0.44,0.11,10.11,6.11,5,0,3,1,High
807,9847.0,2461.75,3075.0,1391.0,736.5,2690.5,4,7.0,0.0,7.0,7.0,6.0,6,6,3.0,0.0,0.0,0.5,0.0,0.25,10.75,9.67,1,2,0,1,Medium
808,26353.0,3764.71,4870.0,2039.0,1020.67,3998.0,7,8.0,0.0,8.0,8.0,4.0,4,4,2.0,0.0,0.29,0.0,0.0,0.14,10.57,8.66,2,2,1,2,High
810,19398.0,2771.14,4554.0,74.0,1719.09,3321.0,7,6.0,0.0,6.0,6.0,4.0,4,4,2.0,0.0,0.14,0.43,0.29,0.57,17.57,6.0,1,2,3,1,High
811,11951.0,2987.75,4920.0,368.0,1967.06,3331.5,4,6.0,0.0,6.0,6.0,8.0,8,8,3.0,0.0,0.5,0.75,0.5,0.0,6.75,3.86,0,1,2,1,Medium
812,8096.0,2024.0,3319.0,95.0,1429.15,2341.0,4,2.0,0.0,2.0,2.0,4.0,4,4,2.0,0.0,0.75,0.0,0.5,0.0,8.75,3.4,2,0,0,2,Medium
813,21674.0,3096.29,4819.0,94.0,1446.76,3255.0,7,8.0,0.0,8.0,8.0,3.0,3,3,1.0,0.0,0.29,0.43,0.14,0.29,15.57,4.43,2,4,1,0,High
814,21373.0,2137.3,4900.0,248.0,1748.02,1622.0,10,3.0,0.0,3.0,3.0,5.0,5,5,4.0,0.0,0.6,0.2,0.4,0.2,12.6,4.6,1,2,5,2,High
815,6459.0,3229.5,4763.0,1696.0,2168.7,3229.5,2,5.0,0.0,5.0,5.0,5.0,5,5,4.0,0.0,0.5,0.0,0.5,0.0,11.0,5.66,0,1,0,1,Low
816,11524.0,3841.33,4780.0,2727.0,1037.71,4017.0,3,8.0,0.0,8.0,8.0,10.0,10,10,2.0,0.0,0.67,0.33,0.0,0.33,16.0,3.46,2,0,1,0,Medium
817,10077.0,2519.25,3877.0,895.0,1237.11,2652.5,4,9.0,0.0,9.0,9.0,10.0,10,10,2.0,0.0,0.25,0.25,0.25,0.75,17.5,5.74,2,2,0,0,Medium
818,10837.0,1548.14,3497.0,78.0,1075.87,1580.0,7,9.0,0.0,9.0,9.0,1.0,1,1,3.0,0.0,0.29,0.43,0.29,0.57,15.86,8.61,4,0,1,2,Medium
819,19758.0,2469.75,4496.0,807.0,1306.54,2110.5,8,5.0,0.0,5.0,5.0,8.0,8,8,1.0,0.0,0.38,0.5,0.5,0.25,10.88,7.68,0,4,4,0,High
820,4636.0,1545.33,2792.0,672.0,1108.21,1172.0,3,2.0,0.0,2.0,2.0,8.0,8,8,2.0,0.0,0.0,0.0,0.0,0.67,15.0,8.66,1,0,1,1,Low
821,19290.0,2755.71,4744.0,1036.0,1462.04,2642.0,7,7.0,0.0,7.0,7.0,8.0,8,8,5.0,0.0,0.14,0.29,0.57,0.14,10.43,6.9,1,4,2,0,High
822,9192.0,3064.0,3732.0,2460.0,638.41,3000.0,3,7.0,0.0,7.0,7.0,10.0,10,10,4.0,0.0,0.33,0.33,0.0,0.0,6.67,7.64,1,1,1,0,Medium
823,27427.0,3918.14,4616.0,2828.0,627.67,3841.0,7,8.0,0.0,8.0,8.0,4.0,4,4,1.0,0.0,0.71,0.29,0.57,0.14,11.0,5.74,3,1,3,0,High
824,9486.0,1581.0,3848.0,28.0,1378.17,1621.0,6,8.0,0.0,8.0,8.0,9.0,9,9,4.0,0.0,0.33,0.17,0.17,0.33,9.67,8.36,2,2,1,1,Medium
825,18592.0,3098.67,4967.0,705.0,1925.7,3155.0,6,5.0,0.0,5.0,5.0,10.0,10,10,2.0,0.0,0.67,0.17,0.17,0.0,11.33,4.84,4,1,1,0,High
826,6906.0,2302.0,4123.0,323.0,1904.92,2460.0,3,6.0,0.0,6.0,6.0,3.0,3,3,2.0,0.0,0.0,0.67,0.0,0.33,8.0,11.27,1,0,1,1,Low
827,11668.0,2917.0,4796.0,2025.0,1266.95,2423.5,4,4.0,0.0,4.0,4.0,7.0,7,7,3.0,0.0,0.5,0.5,0.0,0.0,12.0,7.39,2,1,1,0,Medium
828,18193.0,2021.44,3580.0,603.0,1264.8,2189.0,9,4.0,0.0,4.0,4.0,6.0,6,6,1.0,0.0,0.11,0.22,0.33,0.33,11.78,7.5,5,2,1,1,High
829,4050.0,2025.0,3930.0,120.0,2694.08,2025.0,2,3.0,0.0,3.0,3.0,9.0,9,9,4.0,0.0,0.5,0.5,0.0,0.0,7.5,6.36,0,1,0,1,Low
830,22998.0,3285.43,4997.0,622.0,1392.5,3634.0,7,8.0,0.0,8.0,8.0,4.0,4,4,2.0,0.0,0.29,0.14,0.14,0.0,6.0,5.66,1,4,2,0,High
831,13554.0,3388.5,4762.0,2270.0,1029.08,3261.0,4,3.0,0.0,3.0,3.0,4.0,4,4,3.0,0.0,0.25,0.25,0.0,0.25,11.25,9.95,1,2,1,0,Medium
832,20386.0,2912.29,4828.0,1662.0,1227.24,2841.0,7,5.0,0.0,5.0,5.0,6.0,6,6,1.0,0.0,0.14,0.43,0.29,0.29,9.43,7.48,1,4,1,1,High
833,24905.0,2490.5,4863.0,540.0,1630.03,2354.5,10,2.0,0.0,2.0,2.0,8.0,8,8,4.0,0.0,0.5,0.1,0.2,0.1,11.2,5.87,2,3,3,2,High
834,21192.0,2649.0,4284.0,865.0,1114.72,2802.0,8,6.0,0.0,6.0,6.0,3.0,3,3,1.0,0.0,0.38,0.5,0.38,0.25,11.0,6.23,0,2,4,2,High
835,10327.0,2581.75,4232.0,338.0,1823.56,2878.5,4,6.0,0.0,6.0,6.0,8.0,8,8,1.0,0.0,0.25,0.25,0.25,0.25,11.25,7.5,2,1,1,0,Medium
836,13760.0,2293.33,4038.0,667.0,1279.27,2335.5,6,6.0,0.0,6.0,6.0,8.0,8,8,1.0,0.0,0.33,0.33,0.33,0.17,9.5,5.54,4,0,1,1,Medium
837,9766.0,1627.67,3885.0,115.0,1672.73,1060.0,6,6.0,0.0,6.0,6.0,7.0,7,7,4.0,0.0,0.17,0.33,0.17,0.17,8.17,7.55,1,2,2,1,Medium
838,3660.0,1220.0,2028.0,196.0,934.91,1436.0,3,1.0,0.0,1.0,1.0,7.0,7,7,2.0,0.0,0.33,0.33,0.67,0.0,10.67,5.69,1,1,1,0,Low
839,8852.0,2213.0,3488.0,770.0,1363.89,2297.0,4,5.0,0.0,5.0,5.0,5.0,5,5,4.0,0.0,0.25,0.75,0.25,0.5,13.5,9.68,0,1,3,0,Medium
840,14341.0,2048.71,3770.0,37.0,1331.8,1922.0,7,2.0,0.0,2.0,2.0,2.0,2,2,1.0,0.0,0.57,0.57,0.43,0.29,13.71,5.59,1,1,1,4,Medium
841,3219.0,3219.0,3219.0,3219.0,,3219.0,1,10.0,,10.0,10.0,2.0,2,2,1.0,,0.0,0.0,0.0,0.0,1.0,,0,1,0,0,Low
842,13593.0,2265.5,3320.0,763.0,979.02,2222.0,6,5.0,0.0,5.0,5.0,10.0,10,10,2.0,0.0,0.17,0.33,0.0,0.0,6.67,7.2,1,3,1,1,Medium
843,10789.0,1798.17,3399.0,37.0,1501.93,1935.5,6,10.0,0.0,10.0,10.0,8.0,8,8,1.0,0.0,0.5,0.17,0.0,0.33,16.67,5.24,1,1,0,4,Medium
844,15749.0,3149.8,4831.0,1079.0,1458.86,3235.0,5,9.0,0.0,9.0,9.0,6.0,6,6,4.0,0.0,0.2,0.4,0.4,0.2,7.6,8.38,3,1,0,1,Medium
845,21656.0,3093.71,4380.0,421.0,1619.31,3785.0,7,4.0,0.0,4.0,4.0,8.0,8,8,2.0,0.0,0.43,0.14,0.14,0.14,10.0,6.53,2,0,2,3,High
846,9764.0,2441.0,4076.0,791.0,1404.89,2448.5,4,8.0,0.0,8.0,8.0,3.0,3,3,3.0,0.0,0.5,0.5,0.5,0.25,11.5,6.81,0,1,1,2,Medium
847,20887.0,2320.78,4227.0,577.0,1127.48,2198.0,9,1.0,0.0,1.0,1.0,1.0,1,1,5.0,0.0,0.11,0.11,0.11,0.44,13.0,8.23,3,2,2,2,High
848,9491.0,2372.75,4917.0,401.0,2003.66,2086.5,4,8.0,0.0,8.0,8.0,6.0,6,6,1.0,0.0,0.25,0.75,0.0,0.25,14.75,7.93,0,2,0,2,Medium
849,16945.0,2420.71,4906.0,458.0,1852.34,1640.0,7,6.0,0.0,6.0,6.0,2.0,2,2,1.0,0.0,0.14,0.29,0.29,0.43,11.71,9.05,0,2,2,3,High
850,24950.0,3118.75,7315.0,729.0,2259.79,2936.0,8,8.0,0.0,8.0,8.0,9.0,9,9,5.0,0.0,0.5,0.5,0.12,0.12,11.88,6.71,3,2,2,1,High
851,7840.0,1960.0,4162.0,172.0,1669.46,1753.0,4,6.0,0.0,6.0,6.0,5.0,5,5,3.0,0.0,0.0,0.0,0.0,0.75,16.25,10.9,1,1,1,1,Medium
852,12129.0,2425.8,4217.0,285.0,1501.46,2387.0,5,3.0,0.0,3.0,3.0,5.0,5,5,5.0,0.0,0.2,0.6,0.0,0.2,10.4,8.47,1,1,2,1,Medium
853,14265.0,1783.12,4810.0,23.0,1791.82,918.5,8,8.0,0.0,8.0,8.0,10.0,10,10,3.0,0.0,0.25,0.25,0.38,0.25,11.12,7.08,2,4,0,2,Medium
854,32442.0,3604.67,4912.0,1426.0,1220.09,3643.0,9,5.0,0.0,5.0,5.0,8.0,8,8,1.0,0.0,0.22,0.11,0.22,0.33,12.0,7.23,4,2,2,1,High
855,13304.0,2217.33,4788.0,1075.0,1368.44,1671.5,6,6.0,0.0,6.0,6.0,6.0,6,6,1.0,0.0,0.33,0.33,0.33,0.33,15.0,4.77,3,0,1,2,Medium
856,12450.0,2075.0,3800.0,703.0,1313.46,1840.5,6,5.0,0.0,5.0,5.0,3.0,3,3,4.0,0.0,0.5,0.33,0.17,0.17,10.5,7.58,2,1,2,1,Medium
857,17484.0,4371.0,4883.0,3208.0,793.65,4696.5,4,7.0,0.0,7.0,7.0,9.0,9,9,3.0,0.0,0.75,0.5,0.0,0.25,14.75,3.5,0,0,2,2,High
858,11334.0,3778.0,4594.0,2753.0,938.13,3987.0,3,10.0,0.0,10.0,10.0,10.0,10,10,4.0,0.0,0.33,0.67,0.0,0.33,14.0,9.0,0,1,2,0,Medium
859,16089.0,2681.5,4901.0,400.0,2042.72,2489.5,6,9.0,0.0,9.0,9.0,4.0,4,4,5.0,0.0,0.5,0.33,0.17,0.17,11.0,6.29,2,2,1,1,Medium
860,3599.0,1199.67,1730.0,624.0,554.39,1245.0,3,7.0,0.0,7.0,7.0,10.0,10,10,4.0,0.0,0.0,0.67,0.0,0.0,7.0,8.89,1,2,0,0,Low
861,6344.0,1586.0,3031.0,571.0,1088.35,1371.0,4,6.0,0.0,6.0,6.0,4.0,4,4,2.0,0.0,0.5,0.0,0.25,0.25,13.0,5.03,3,0,1,0,Low
862,11593.0,2898.25,4384.0,1772.0,1120.36,2718.5,4,5.0,0.0,5.0,5.0,2.0,2,2,1.0,0.0,0.0,0.25,0.5,0.25,8.0,7.44,0,1,2,1,Medium
863,10287.0,3429.0,4662.0,1603.0,1613.41,4022.0,3,9.0,0.0,9.0,9.0,3.0,3,3,3.0,0.0,0.0,0.33,0.0,0.0,3.67,0.58,2,0,0,1,Medium
864,25798.0,2149.83,3356.0,868.0,855.58,2460.0,12,10.0,0.0,10.0,10.0,4.0,4,4,3.0,0.0,0.25,0.33,0.25,0.25,11.08,6.32,2,2,4,4,High
865,24578.0,2457.8,4864.0,563.0,1594.91,2534.5,10,2.0,0.0,2.0,2.0,7.0,7,7,2.0,0.0,0.3,0.3,0.3,0.2,9.5,6.6,3,1,4,2,High
866,15258.0,3814.5,4794.0,2243.0,1160.66,4110.5,4,6.0,0.0,6.0,6.0,3.0,3,3,4.0,0.0,0.5,0.75,0.5,0.25,13.25,6.4,1,1,0,2,Medium
867,12065.0,2413.0,3581.0,925.0,1315.58,3073.0,5,8.0,0.0,8.0,8.0,8.0,8,8,1.0,0.0,0.4,0.4,0.6,0.0,7.8,4.76,1,2,1,1,Medium
868,11596.0,2899.0,3684.0,1429.0,1043.15,3241.5,4,8.0,0.0,8.0,8.0,8.0,8,8,3.0,0.0,0.5,0.25,0.25,0.25,12.25,6.6,0,1,2,1,Medium
869,16316.0,2719.33,4521.0,142.0,1813.0,3083.0,6,2.0,0.0,2.0,2.0,10.0,10,10,3.0,0.0,0.83,0.67,0.67,0.0,10.5,3.39,2,1,0,3,Medium
870,3919.0,1306.33,1939.0,105.0,1040.88,1875.0,3,8.0,0.0,8.0,8.0,2.0,2,2,2.0,0.0,0.33,0.67,0.33,0.33,9.67,9.02,2,0,0,1,Low
871,22842.0,2538.0,4861.0,295.0,1342.52,2540.0,9,5.0,0.0,5.0,5.0,4.0,4,4,3.0,0.0,0.22,0.11,0.22,0.22,10.22,8.24,3,3,2,1,High
872,17249.0,3449.8,4482.0,1361.0,1215.06,3896.0,5,2.0,0.0,2.0,2.0,8.0,8,8,5.0,0.0,0.6,0.0,0.2,0.2,14.8,4.97,3,0,2,0,High
873,6031.0,1206.2,3215.0,86.0,1306.74,726.0,5,7.0,0.0,7.0,7.0,1.0,1,1,1.0,0.0,0.2,0.0,0.0,0.4,11.8,7.89,3,0,1,1,Low
874,10214.0,2042.8,4079.0,52.0,1480.36,1986.0,5,7.0,0.0,7.0,7.0,1.0,1,1,3.0,0.0,0.2,0.2,0.2,0.4,11.2,9.98,0,2,2,1,Medium
875,4382.0,1460.67,2214.0,487.0,884.33,1681.0,3,3.0,0.0,3.0,3.0,4.0,4,4,3.0,0.0,0.67,0.0,1.0,0.0,8.67,2.52,1,1,0,1,Low
876,7129.0,1425.8,4738.0,119.0,1878.95,874.0,5,1.0,0.0,1.0,1.0,2.0,2,2,3.0,0.0,0.4,0.2,0.2,0.2,11.2,8.29,0,1,2,2,Low
877,6805.0,2268.33,3090.0,1222.0,954.05,2493.0,3,4.0,0.0,4.0,4.0,1.0,1,1,3.0,0.0,0.0,0.33,0.0,0.33,7.33,9.24,0,0,3,0,Low
878,9143.0,3047.67,4623.0,1910.0,1408.46,2610.0,3,2.0,0.0,2.0,2.0,8.0,8,8,2.0,0.0,0.67,0.0,0.33,0.33,15.67,7.02,0,1,1,1,Medium
879,9582.0,2395.5,3920.0,1582.0,1064.75,2040.0,4,4.0,0.0,4.0,4.0,2.0,2,2,1.0,0.0,0.0,0.0,0.25,0.0,2.75,2.5,0,2,1,1,Medium
880,10091.0,2522.75,4829.0,173.0,2567.96,2544.5,4,8.0,0.0,8.0,8.0,4.0,4,4,3.0,0.0,0.5,0.5,0.25,0.25,13.75,6.7,1,1,1,1,Medium
881,14062.0,2812.4,4694.0,420.0,1701.48,3525.0,5,2.0,0.0,2.0,2.0,3.0,3,3,4.0,0.0,0.8,0.2,0.4,0.0,11.0,3.94,1,1,1,2,Medium
882,7777.0,2592.33,4562.0,598.0,1982.12,2617.0,3,1.0,0.0,1.0,1.0,2.0,2,2,3.0,0.0,0.0,0.33,0.0,1.0,20.0,2.0,1,1,1,0,Low
883,11290.0,2822.5,4752.0,1326.0,1524.86,2606.0,4,3.0,0.0,3.0,3.0,8.0,8,8,4.0,0.0,0.0,0.0,0.5,0.5,13.75,8.38,2,0,1,1,Medium
884,9331.0,2332.75,4503.0,61.0,2253.31,2383.5,4,10.0,0.0,10.0,10.0,3.0,3,3,1.0,0.0,0.75,0.0,0.25,0.25,14.75,4.19,1,2,0,1,Medium
885,27775.0,2525.0,4122.0,643.0,1328.15,2938.0,11,7.0,0.0,7.0,7.0,9.0,9,9,2.0,0.0,0.09,0.18,0.09,0.36,11.18,7.87,2,4,2,3,High
886,25183.0,3147.88,4973.0,230.0,1838.04,3842.0,8,6.0,0.0,6.0,6.0,10.0,10,10,3.0,0.0,0.25,0.0,0.0,0.38,11.88,8.59,5,0,2,1,High
887,8096.0,2024.0,3847.0,107.0,2035.34,2071.0,4,6.0,0.0,6.0,6.0,5.0,5,5,3.0,0.0,0.75,0.0,0.25,0.0,12.0,2.94,0,0,3,1,Medium
888,5621.0,1405.25,2122.0,926.0,570.69,1286.5,4,7.0,0.0,7.0,7.0,9.0,9,9,5.0,0.0,0.25,0.0,0.5,0.25,10.5,9.29,1,1,1,1,Low
889,5784.0,1928.0,2460.0,1531.0,478.99,1793.0,3,8.0,0.0,8.0,8.0,3.0,3,3,4.0,0.0,0.0,0.33,0.0,0.33,10.67,10.69,0,3,0,0,Low
890,6373.0,1593.25,4732.0,60.0,2157.53,790.5,4,3.0,0.0,3.0,3.0,5.0,5,5,1.0,0.0,0.25,0.5,0.0,0.25,9.25,7.93,3,0,0,1,Low
891,10467.0,3489.0,4364.0,1756.0,1500.85,4347.0,3,3.0,0.0,3.0,3.0,10.0,10,10,3.0,0.0,0.33,0.33,0.33,0.33,12.33,9.45,1,2,0,0,Medium
892,7816.0,2605.33,4560.0,1549.0,1694.63,1707.0,3,10.0,0.0,10.0,10.0,6.0,6,6,1.0,0.0,0.33,0.67,0.67,0.0,6.67,2.08,1,1,0,1,Medium
893,20728.0,3454.67,4897.0,2460.0,816.39,3319.5,6,8.0,0.0,8.0,8.0,9.0,9,9,1.0,0.0,0.33,0.33,0.5,0.33,11.17,6.15,1,1,3,1,High
894,7436.0,2478.67,3351.0,1905.0,767.87,2180.0,3,7.0,0.0,7.0,7.0,8.0,8,8,4.0,0.0,0.33,0.0,0.33,0.33,12.33,6.03,2,1,0,0,Low
895,11869.0,1483.62,4549.0,173.0,1394.48,1249.0,8,10.0,0.0,10.0,10.0,2.0,2,2,1.0,0.0,0.25,0.25,0.25,0.38,12.5,7.29,2,1,3,2,Medium
896,8024.0,1604.8,2539.0,670.0,873.14,1274.0,5,5.0,0.0,5.0,5.0,2.0,2,2,2.0,0.0,0.4,0.8,0.2,0.2,12.8,7.85,1,4,0,0,Medium
897,6984.0,1164.0,2536.0,195.0,962.76,968.5,6,4.0,0.0,4.0,4.0,5.0,5,5,4.0,0.0,0.5,0.33,0.17,0.0,10.0,5.51,1,3,0,2,Low
898,19588.0,2448.5,4406.0,89.0,1326.01,2252.0,8,6.0,0.0,6.0,6.0,5.0,5,5,4.0,0.0,0.25,0.25,0.0,0.62,17.38,6.02,4,1,1,2,High
899,11928.0,2385.6,4559.0,1161.0,1507.21,1670.0,5,9.0,0.0,9.0,9.0,5.0,5,5,2.0,0.0,0.6,0.2,0.2,0.0,10.6,3.97,1,1,3,0,Medium
900,11465.0,2866.25,4731.0,18.0,2028.61,3358.0,4,6.0,0.0,6.0,6.0,4.0,4,4,2.0,0.0,0.5,0.75,0.25,0.0,10.5,5.45,3,1,0,0,Medium
901,3091.0,1545.5,2269.0,822.0,1023.18,1545.5,2,8.0,0.0,8.0,8.0,8.0,8,8,1.0,0.0,0.5,0.5,0.0,0.0,8.5,7.78,1,1,0,0,Low
902,12958.0,2159.67,4662.0,459.0,1570.17,2353.5,6,1.0,0.0,1.0,1.0,5.0,5,5,1.0,0.0,0.5,0.0,0.0,0.17,11.5,7.09,1,0,2,3,Medium
903,17248.0,2874.67,4362.0,425.0,1380.64,3118.5,6,6.0,0.0,6.0,6.0,1.0,1,1,2.0,0.0,0.67,0.33,0.0,0.17,12.0,5.33,1,1,3,1,High
904,20086.0,2510.75,4083.0,887.0,1180.26,2396.5,8,2.0,0.0,2.0,2.0,10.0,10,10,1.0,0.0,0.62,0.25,0.5,0.12,10.75,6.56,2,2,2,2,High
905,19396.0,2424.5,4899.0,341.0,1890.13,2122.5,8,3.0,0.0,3.0,3.0,5.0,5,5,2.0,0.0,0.12,0.38,0.25,0.12,9.38,6.37,7,0,0,1,High
906,13497.0,2699.4,4914.0,282.0,2037.76,2722.0,5,6.0,0.0,6.0,6.0,1.0,1,1,3.0,0.0,0.4,0.2,0.2,0.0,6.6,5.81,3,1,0,1,Medium
907,3429.0,1714.5,3379.0,50.0,2353.96,1714.5,2,2.0,0.0,2.0,2.0,4.0,4,4,5.0,0.0,0.0,0.5,0.0,0.5,12.0,11.31,1,0,0,1,Low
908,7049.0,2349.67,3487.0,1596.0,1002.18,1966.0,3,4.0,0.0,4.0,4.0,1.0,1,1,4.0,0.0,0.0,0.0,0.0,0.33,12.33,9.87,1,0,0,2,Low
909,12704.0,2117.33,4513.0,215.0,1761.15,2067.5,6,6.0,0.0,6.0,6.0,6.0,6,6,3.0,0.0,0.17,0.17,0.33,0.5,13.17,8.47,0,0,3,3,Medium
910,14195.0,2839.0,4501.0,609.0,1479.38,3293.0,5,5.0,0.0,5.0,5.0,6.0,6,6,1.0,0.0,0.4,0.0,0.4,0.2,12.0,6.52,3,0,1,1,Medium
911,12646.0,2529.2,3546.0,534.0,1164.84,2956.0,5,6.0,0.0,6.0,6.0,1.0,1,1,3.0,0.0,0.0,0.6,0.0,0.2,6.8,9.07,1,1,0,3,Medium
912,13115.0,2623.0,4668.0,53.0,2119.47,3214.0,5,6.0,0.0,6.0,6.0,8.0,8,8,4.0,0.0,0.8,0.0,0.4,0.2,13.6,3.85,0,3,1,1,Medium
913,11723.0,2930.75,4612.0,1974.0,1243.88,2568.5,4,8.0,0.0,8.0,8.0,4.0,4,4,4.0,0.0,0.25,0.0,0.5,0.0,7.0,3.16,0,0,2,2,Medium
914,12993.0,2598.6,4762.0,432.0,1721.73,3181.0,5,9.0,0.0,9.0,9.0,2.0,2,2,2.0,0.0,0.0,0.6,0.2,0.4,10.0,9.38,1,1,1,2,Medium
915,16739.0,2092.38,3773.0,602.0,1011.11,1885.5,8,5.0,0.0,5.0,5.0,1.0,1,1,5.0,0.0,0.12,0.38,0.12,0.12,8.38,8.48,4,0,0,4,High
916,18406.0,2045.11,4616.0,10.0,1633.78,2136.0,9,6.0,0.0,6.0,6.0,3.0,3,3,2.0,0.0,0.44,0.33,0.44,0.0,9.78,5.49,3,1,3,2,High
917,16007.0,2667.83,4706.0,1413.0,1257.52,2460.0,6,6.0,0.0,6.0,6.0,7.0,7,7,2.0,0.0,0.0,0.5,0.33,0.17,8.17,7.57,1,3,0,2,Medium
918,9674.0,2418.5,4272.0,647.0,1880.34,2377.5,4,6.0,0.0,6.0,6.0,10.0,10,10,3.0,0.0,0.25,0.0,0.0,0.0,4.0,5.48,1,1,1,1,Medium
919,9074.0,2268.5,3317.0,828.0,1161.72,2464.5,4,2.0,0.0,2.0,2.0,10.0,10,10,3.0,0.0,0.0,0.5,0.0,0.5,12.0,11.05,2,1,1,0,Medium
920,5981.0,1993.67,2633.0,1673.0,553.68,1675.0,3,4.0,0.0,4.0,4.0,8.0,8,8,4.0,0.0,0.33,0.33,0.67,0.33,11.33,5.86,0,1,0,2,Low
921,11234.0,2808.5,3836.0,1316.0,1096.05,3041.0,4,1.0,0.0,1.0,1.0,5.0,5,5,3.0,0.0,0.25,0.0,0.0,0.25,17.25,2.87,0,2,1,1,Medium
922,286.0,286.0,286.0,286.0,,286.0,1,1.0,,1.0,1.0,7.0,7,7,3.0,,0.0,1.0,0.0,0.0,17.0,,0,0,0,1,Low
923,21334.0,1939.45,2759.0,1000.0,596.28,1617.0,11,1.0,0.0,1.0,1.0,2.0,2,2,4.0,0.0,0.27,0.45,0.0,0.27,12.82,8.32,2,1,3,5,High
924,15589.0,2598.17,4126.0,823.0,1090.49,2598.5,6,7.0,0.0,7.0,7.0,4.0,4,4,4.0,0.0,0.33,0.33,0.17,0.5,16.67,5.16,2,2,1,1,Medium
925,25714.0,3673.43,4968.0,1668.0,1381.78,4286.0,7,1.0,0.0,1.0,1.0,6.0,6,6,1.0,0.0,0.43,0.14,0.29,0.14,9.14,6.84,2,1,3,1,High
926,17256.0,2465.14,4157.0,364.0,1474.31,2694.0,7,6.0,0.0,6.0,6.0,5.0,5,5,1.0,0.0,0.14,0.29,0.0,0.14,9.71,7.57,1,1,4,1,High
927,6448.0,2149.33,4964.0,559.0,2444.43,925.0,3,2.0,0.0,2.0,2.0,6.0,6,6,5.0,0.0,0.0,0.0,0.33,0.33,9.33,10.07,0,1,0,2,Low
928,19199.0,2742.71,4152.0,270.0,1479.08,3523.0,7,6.0,0.0,6.0,6.0,2.0,2,2,2.0,0.0,0.57,0.14,0.29,0.14,11.14,6.31,3,3,1,0,High
929,1335.0,667.5,1264.0,71.0,843.58,667.5,2,6.0,0.0,6.0,6.0,7.0,7,7,4.0,0.0,0.0,1.0,0.5,0.0,4.0,5.66,0,2,0,0,Low
930,23861.0,2386.1,4381.0,90.0,1193.09,2311.5,10,3.0,0.0,3.0,3.0,8.0,8,8,1.0,0.0,0.4,0.2,0.3,0.1,10.8,6.39,2,2,3,3,High
931,11821.0,2364.2,4335.0,527.0,1626.88,2440.0,5,8.0,0.0,8.0,8.0,9.0,9,9,4.0,0.0,0.2,0.4,0.2,0.2,8.2,7.73,3,0,0,2,Medium
932,4120.0,1373.33,2941.0,34.0,1466.89,1145.0,3,4.0,0.0,4.0,4.0,6.0,6,6,2.0,0.0,0.33,0.33,0.67,0.33,12.67,7.64,2,0,0,1,Low
933,17358.0,2893.0,4762.0,500.0,1852.94,3550.5,6,7.0,0.0,7.0,7.0,7.0,7,7,1.0,0.0,0.0,0.5,0.17,0.17,9.0,8.56,3,1,0,2,High
934,13207.0,3301.75,4808.0,1039.0,1625.24,3680.0,4,4.0,0.0,4.0,4.0,1.0,1,1,1.0,0.0,0.25,0.25,0.0,0.5,15.5,8.23,2,1,0,1,Medium
935,16155.0,2307.86,4863.0,475.0,1591.44,2431.0,7,1.0,0.0,1.0,1.0,9.0,9,9,5.0,0.0,0.29,0.29,0.43,0.14,8.0,6.68,3,1,3,0,Medium
936,5115.0,2557.5,4916.0,199.0,3335.42,2557.5,2,6.0,0.0,6.0,6.0,6.0,6,6,1.0,0.0,0.0,0.0,0.0,1.0,22.5,0.71,0,1,0,1,Low
937,8717.0,1743.4,4849.0,73.0,2150.52,402.0,5,5.0,0.0,5.0,5.0,4.0,4,4,2.0,0.0,0.4,0.6,0.6,0.0,8.4,3.85,3,0,1,1,Medium
938,4276.0,2138.0,2375.0,1901.0,335.17,2138.0,2,9.0,0.0,9.0,9.0,10.0,10,10,3.0,0.0,0.5,0.5,0.5,0.5,13.5,6.36,2,0,0,0,Low
939,12446.0,2489.2,4671.0,515.0,1557.85,2171.0,5,9.0,0.0,9.0,9.0,9.0,9,9,5.0,0.0,0.6,0.2,0.8,0.0,7.6,3.97,1,2,0,2,Medium
940,20808.0,2312.0,4713.0,25.0,1591.43,2168.0,9,8.0,0.0,8.0,8.0,1.0,1,1,4.0,0.0,0.56,0.11,0.33,0.0,11.0,4.44,1,5,2,1,High
941,14194.0,3548.5,4430.0,2460.0,900.49,3652.0,4,7.0,0.0,7.0,7.0,2.0,2,2,5.0,0.0,0.5,0.0,0.0,0.5,17.25,2.99,2,1,0,1,Medium
942,22242.0,3177.43,4825.0,939.0,1274.6,3493.0,7,2.0,0.0,2.0,2.0,3.0,3,3,3.0,0.0,0.57,0.29,0.29,0.14,9.57,6.32,3,2,2,0,High
943,12583.0,3145.75,4537.0,1780.0,1290.91,3133.0,4,8.0,0.0,8.0,8.0,1.0,1,1,4.0,0.0,0.25,0.0,0.5,0.25,10.75,8.96,2,0,0,2,Medium
944,28010.0,2801.0,4756.0,681.0,1493.73,3129.5,10,3.0,0.0,3.0,3.0,2.0,2,2,1.0,0.0,0.2,0.1,0.3,0.1,8.6,6.42,3,2,1,4,High
945,11326.0,2265.2,4639.0,1179.0,1431.4,1639.0,5,6.0,0.0,6.0,6.0,2.0,2,2,4.0,0.0,0.4,0.4,0.6,0.0,6.6,4.39,2,1,0,2,Medium
946,8062.0,2015.5,3659.0,852.0,1257.73,1775.5,4,10.0,0.0,10.0,10.0,7.0,7,7,1.0,0.0,0.0,0.25,0.5,0.5,13.0,5.77,1,1,0,2,Medium
947,10655.0,2663.75,4134.0,150.0,1742.4,3185.5,4,7.0,0.0,7.0,7.0,10.0,10,10,3.0,0.0,0.75,0.5,0.0,0.0,11.0,6.68,3,0,1,0,Medium
948,16412.0,2051.5,4040.0,188.0,1468.92,2279.0,8,6.0,0.0,6.0,6.0,6.0,6,6,1.0,0.0,0.25,0.12,0.25,0.38,11.38,8.12,2,2,3,1,Medium
949,10484.0,1747.33,2201.0,1281.0,325.0,1711.0,6,5.0,0.0,5.0,5.0,9.0,9,9,2.0,0.0,0.17,0.33,0.17,0.17,11.33,8.33,1,2,1,2,Medium
951,2091.0,1045.5,1204.0,887.0,224.15,1045.5,2,2.0,0.0,2.0,2.0,9.0,9,9,3.0,0.0,0.5,0.5,0.0,0.5,18.0,2.83,0,1,0,1,Low
952,10566.0,1761.0,3568.0,76.0,1472.03,1541.5,6,9.0,0.0,9.0,9.0,10.0,10,10,4.0,0.0,0.33,0.0,0.0,0.5,14.83,6.27,1,1,2,2,Medium
953,13239.0,2647.8,4629.0,1543.0,1423.85,1778.0,5,7.0,0.0,7.0,7.0,9.0,9,9,1.0,0.0,0.4,0.2,0.6,0.0,6.8,4.6,0,0,2,3,Medium
954,14857.0,2122.43,4500.0,132.0,1699.04,1583.0,7,7.0,0.0,7.0,7.0,2.0,2,2,4.0,0.0,0.57,0.57,0.14,0.0,8.71,5.68,2,2,3,0,Medium
955,17244.0,2874.0,4690.0,633.0,1728.91,3173.0,6,4.0,0.0,4.0,4.0,9.0,9,9,3.0,0.0,0.17,0.33,0.17,0.5,13.67,6.65,2,1,1,2,High
956,3948.0,1316.0,2177.0,730.0,761.69,1041.0,3,5.0,0.0,5.0,5.0,3.0,3,3,2.0,0.0,0.67,0.0,0.0,0.0,15.0,2.65,1,1,1,0,Low
957,12351.0,4117.0,4916.0,3287.0,814.94,4148.0,3,6.0,0.0,6.0,6.0,3.0,3,3,3.0,0.0,0.0,0.67,0.67,0.33,12.67,8.08,2,0,0,1,Medium
958,14942.0,2988.4,4442.0,1296.0,1214.3,3176.0,5,2.0,0.0,2.0,2.0,9.0,9,9,4.0,0.0,0.4,0.2,0.2,0.2,11.6,8.2,0,2,2,1,Medium
959,30654.0,2786.73,3986.0,1340.0,771.57,2784.0,11,4.0,0.0,4.0,4.0,7.0,7,7,4.0,0.0,0.18,0.45,0.27,0.36,13.27,7.0,4,0,5,2,High
960,15819.0,3163.8,4506.0,585.0,1511.41,3421.0,5,4.0,0.0,4.0,4.0,8.0,8,8,4.0,0.0,0.2,0.4,0.4,0.6,15.8,6.53,2,1,0,2,Medium
961,4226.0,1408.67,3662.0,210.0,1952.77,354.0,3,4.0,0.0,4.0,4.0,7.0,7,7,1.0,0.0,0.0,0.33,0.0,0.33,12.33,8.96,0,2,1,0,Low
962,12654.0,2109.0,3630.0,229.0,1507.54,2628.5,6,7.0,0.0,7.0,7.0,9.0,9,9,4.0,0.0,0.33,0.5,0.33,0.33,10.83,8.26,0,2,1,3,Medium
963,17066.0,2438.0,4886.0,350.0,2060.03,1644.0,7,7.0,0.0,7.0,7.0,8.0,8,8,5.0,0.0,0.57,0.43,0.29,0.14,10.43,7.04,1,1,3,2,High
964,24420.0,2713.33,4278.0,57.0,1380.71,2919.0,9,6.0,0.0,6.0,6.0,4.0,4,4,4.0,0.0,0.0,0.33,0.22,0.33,11.0,8.87,5,0,3,1,High
965,4884.0,1628.0,2876.0,493.0,1195.51,1515.0,3,7.0,0.0,7.0,7.0,2.0,2,2,4.0,0.0,0.33,0.0,0.33,0.33,10.33,10.5,0,3,0,0,Low
966,6787.0,1696.75,3631.0,29.0,1504.9,1563.5,4,2.0,0.0,2.0,2.0,5.0,5,5,2.0,0.0,0.25,0.25,0.25,0.0,4.5,4.12,0,2,0,2,Low
967,12900.0,2580.0,4509.0,1342.0,1305.78,2796.0,5,5.0,0.0,5.0,5.0,2.0,2,2,4.0,0.0,0.0,0.0,0.2,0.2,6.6,6.8,2,1,0,2,Medium
968,6611.0,1322.2,1994.0,590.0,585.23,1490.0,5,10.0,0.0,10.0,10.0,4.0,4,4,2.0,0.0,0.8,0.4,0.4,0.0,10.6,3.36,2,0,0,3,Low
969,26852.0,2685.2,4846.0,259.0,1779.76,2637.0,10,2.0,0.0,2.0,2.0,2.0,2,2,1.0,0.0,0.3,0.1,0.2,0.3,11.3,8.51,3,2,3,2,High
970,11934.0,2983.5,4944.0,195.0,2000.87,3397.5,4,5.0,0.0,5.0,5.0,5.0,5,5,4.0,0.0,0.25,0.0,0.5,0.5,15.25,7.93,1,0,2,1,Medium
971,4164.0,2082.0,2773.0,1391.0,977.22,2082.0,2,6.0,0.0,6.0,6.0,6.0,6,6,1.0,0.0,0.0,0.0,0.0,0.5,12.5,12.02,1,1,0,0,Low
972,1065.0,1065.0,1065.0,1065.0,,1065.0,1,3.0,,3.0,3.0,1.0,1,1,3.0,,0.0,0.0,0.0,0.0,3.0,,0,0,0,1,Low
973,8433.0,2811.0,4441.0,1191.0,1625.02,2801.0,3,6.0,0.0,6.0,6.0,8.0,8,8,4.0,0.0,0.33,0.33,0.67,0.0,9.33,4.16,2,0,1,0,Medium
974,6081.0,1520.25,4219.0,179.0,1826.72,841.5,4,5.0,0.0,5.0,5.0,2.0,2,2,4.0,0.0,0.25,0.25,0.0,0.0,7.5,8.81,1,1,1,1,Low
975,10555.0,2111.0,3955.0,498.0,1257.78,1955.0,5,4.0,0.0,4.0,4.0,5.0,5,5,5.0,0.0,0.2,0.4,0.6,0.2,9.2,7.79,3,0,1,1,Medium
976,5424.0,1808.0,4667.0,158.0,2485.77,599.0,3,10.0,0.0,10.0,10.0,8.0,8,8,4.0,0.0,0.67,0.0,0.67,0.33,13.67,5.51,1,1,0,1,Low
977,19233.0,3846.6,4980.0,2460.0,1050.56,3608.0,5,9.0,0.0,9.0,9.0,5.0,5,5,1.0,0.0,0.2,0.2,0.2,0.2,9.8,8.17,2,2,1,0,High
978,8047.0,4023.5,4274.0,3773.0,354.26,4023.5,2,8.0,0.0,8.0,8.0,3.0,3,3,2.0,0.0,0.5,0.0,0.0,0.5,17.0,4.24,0,1,1,0,Medium
979,3377.0,1125.67,2460.0,384.0,1157.97,533.0,3,7.0,0.0,7.0,7.0,6.0,6,6,4.0,0.0,0.67,0.33,0.33,0.0,7.67,6.81,2,0,0,1,Low
980,11152.0,2230.4,4279.0,248.0,1770.11,2599.0,5,1.0,0.0,1.0,1.0,1.0,1,1,3.0,0.0,0.6,0.2,0.4,0.4,15.6,5.59,1,1,1,2,Medium
981,8718.0,2906.0,4117.0,1746.0,1186.32,2855.0,3,9.0,0.0,9.0,9.0,1.0,1,1,1.0,0.0,0.0,0.33,0.0,0.33,9.67,8.96,0,1,0,2,Medium
982,17867.0,2233.38,4184.0,349.0,1315.4,2437.0,8,9.0,0.0,9.0,9.0,8.0,8,8,1.0,0.0,0.12,0.62,0.12,0.62,15.88,7.18,2,1,0,5,High
983,12069.0,2413.8,3874.0,813.0,1280.54,2315.0,5,6.0,0.0,6.0,6.0,7.0,7,7,3.0,0.0,0.4,0.2,0.6,0.2,9.8,7.66,1,0,0,4,Medium
984,16146.0,2691.0,3826.0,1324.0,920.45,2687.5,6,7.0,0.0,7.0,7.0,10.0,10,10,1.0,0.0,0.33,0.5,0.17,0.33,11.67,8.02,2,2,2,0,Medium
985,10770.0,2692.5,4873.0,630.0,1758.49,2633.5,4,3.0,0.0,3.0,3.0,10.0,10,10,4.0,0.0,0.25,0.0,0.0,0.0,6.0,6.06,0,0,2,2,Medium
986,15036.0,3007.2,4091.0,545.0,1425.99,3344.0,5,5.0,0.0,5.0,5.0,3.0,3,3,5.0,0.0,0.4,0.2,0.2,0.4,14.6,7.67,1,0,3,1,Medium
987,24000.0,3000.0,4461.0,552.0,1335.6,3291.5,8,7.0,0.0,7.0,7.0,8.0,8,8,1.0,0.0,0.38,0.5,0.38,0.12,8.88,7.47,2,2,3,1,High
988,16165.0,2020.62,4729.0,604.0,1328.75,1882.5,8,1.0,0.0,1.0,1.0,8.0,8,8,1.0,0.0,0.0,0.25,0.12,0.25,7.38,8.0,0,2,2,4,Medium
989,13743.0,2748.6,4668.0,1701.0,1317.06,2003.0,5,1.0,0.0,1.0,1.0,1.0,1,1,1.0,0.0,0.2,0.2,0.0,0.6,15.2,8.17,1,1,2,1,Medium
990,15603.0,3120.6,4835.0,895.0,1925.02,4097.0,5,5.0,0.0,5.0,5.0,10.0,10,10,2.0,0.0,0.4,0.4,0.0,0.6,17.8,4.15,1,0,2,2,Medium
991,16805.0,3361.0,4420.0,1174.0,1380.46,3973.0,5,9.0,0.0,9.0,9.0,7.0,7,7,2.0,0.0,0.4,0.2,0.6,0.4,13.8,6.53,0,2,2,1,High
992,17408.0,1934.22,4526.0,41.0,1747.7,1703.0,9,7.0,0.0,7.0,7.0,2.0,2,2,2.0,0.0,0.22,0.44,0.11,0.56,15.22,7.24,5,2,0,2,High
993,22024.0,3670.67,4935.0,777.0,1517.25,4117.0,6,1.0,0.0,1.0,1.0,2.0,2,2,3.0,0.0,0.33,0.17,0.5,0.17,9.83,5.23,1,4,0,1,High
994,27064.0,2706.4,4704.0,1166.0,1237.42,2730.5,10,5.0,0.0,5.0,5.0,2.0,2,2,2.0,0.0,0.1,0.2,0.3,0.3,12.3,7.38,1,2,6,1,High
995,16503.0,2357.57,3869.0,1252.0,850.36,2460.0,7,8.0,0.0,8.0,8.0,5.0,5,5,3.0,0.0,0.0,0.0,0.14,0.57,15.86,8.78,2,1,3,1,Medium
996,5773.0,1924.33,4963.0,366.0,2631.85,444.0,3,8.0,0.0,8.0,8.0,7.0,7,7,3.0,0.0,0.33,0.33,0.33,0.0,9.0,5.57,0,1,1,1,Low
997,8180.0,2045.0,3201.0,685.0,1065.0,2147.0,4,2.0,0.0,2.0,2.0,4.0,4,4,3.0,0.0,0.0,0.25,0.75,0.0,6.5,1.29,0,3,0,1,Medium
998,14211.0,2842.2,4360.0,984.0,1223.71,2974.0,5,7.0,0.0,7.0,7.0,4.0,4,4,4.0,0.0,0.4,0.2,0.2,0.4,15.6,4.98,2,1,1,1,Medium
999,23962.0,2662.44,4914.0,923.0,1260.63,2554.0,9,10.0,0.0,10.0,10.0,9.0,9,9,3.0,0.0,0.22,0.22,0.33,0.33,12.44,7.6,2,5,2,0,High
1000,9652.0,1608.67,2484.0,463.0,793.06,1847.5,6,5.0,0.0,5.0,5.0,10.0,10,10,1.0,0.0,0.17,0.17,0.33,0.0,12.5,5.28,0,2,3,1,Medium
