Customer_ID,Transaction_Date,Transaction_Amount,Transaction_Type,Satisfaction_Score,Likelihood_to_Recommend,Feedback_Comments,Income_Group,Is_Business_Hours,Is_Weekend
393,2023-01-01 00:00:00,3472.0,Purchase,1.0,3,Excellent,Medium,0,1
826,2023-01-01 01:00:00,2460.0,Bill Payment,6.0,3,Needs Improvement,Medium,0,1
916,2023-01-01 02:00:00,10.0,Purchase,6.0,3,Needs Improvement,Low,0,1
109,2023-01-01 03:00:00,72.0,Investment,3.0,9,Good Service,Low,0,1
889,2023-01-01 04:00:00,1793.0,Investment,8.0,3,Very Satisfied,Medium,0,1
348,2023-01-01 05:00:00,3824.0,Loan Payment,6.0,8,Unsatisfactory,High,0,1
50,2023-01-01 06:00:00,235.0,Loan Payment,6.0,4,Unsatisfactory,Low,0,1
916,2023-01-01 07:00:00,1052.0,Loan Payment,6.0,3,Needs Improvement,Low,0,1
105,2023-01-01 08:00:00,854.0,Purchase,8.0,4,Good Service,Low,0,1
420,2023-01-01 09:00:00,2690.0,Investment,5.0,8,Good Service,Medium,1,1
373,2023-01-01 10:00:00,4129.0,Investment,6.0,6,Needs Improvement,High,1,1
27,2023-01-01 11:00:00,1244.0,Investment,6.0,5,Unsatisfactory,Low,1,1
968,2023-01-01 12:00:00,1994.0,Bill Payment,10.0,4,Needs Improvement,Medium,1,1
800,2023-01-01 13:00:00,4266.0,Purchase,8.0,10,Very Satisfied,High,1,1
769,2023-01-01 14:00:00,1288.0,Purchase,3.0,2,Excellent,Medium,1,1
273,2023-01-01 15:00:00,1604.0,Loan Payment,10.0,7,Needs Improvement,Medium,1,1
649,2023-01-01 16:00:00,2561.0,Bill Payment,10.0,2,Unsatisfactory,Medium,1,1
340,2023-01-01 17:00:00,1962.0,Bill Payment,5.0,9,Good Service,Medium,0,1
301,2023-01-01 18:00:00,1705.0,Investment,7.0,8,Needs Improvement,Medium,0,1
480,2023-01-01 19:00:00,964.0,Loan Payment,2.0,3,Unsatisfactory,Low,0,1
834,2023-01-01 20:00:00,3301.0,Purchase,6.0,3,Unsatisfactory,Medium,0,1
544,2023-01-01 21:00:00,366.0,Bill Payment,5.0,5,Good Service,Low,0,1
557,2023-01-01 22:00:00,3605.0,Investment,2.0,7,Very Satisfied,Medium,0,1
265,2023-01-01 23:00:00,978.0,Purchase,2.0,6,Needs Improvement,Low,0,1
542,2023-01-02 00:00:00,251.0,Investment,9.0,2,Needs Improvement,Low,0,0
596,2023-01-02 01:00:00,3456.0,Purchase,2.0,2,Good Service,Medium,0,0
166,2023-01-02 02:00:00,4244.0,Investment,2.0,2,Very Satisfied,High,0,0
316,2023-01-02 03:00:00,2154.0,Purchase,5.0,2,Very Satisfied,Medium,0,0
1,2023-01-02 04:00:00,156.0,Loan Payment,10.0,9,Very Satisfied,Low,0,0
761,2023-01-02 05:00:00,552.0,Purchase,7.0,7,Good Service,Low,0,0
261,2023-01-02 06:00:00,701.0,Purchase,5.0,9,Good Service,Low,0,0
63,2023-01-02 07:00:00,2460.0,Purchase,8.0,3,Unsatisfactory,Medium,0,0
483,2023-01-02 08:00:00,4060.0,Investment,10.0,5,Needs Improvement,High,0,0
676,2023-01-02 09:00:00,4015.0,Bill Payment,10.0,3,Unsatisfactory,High,1,0
321,2023-01-02 10:00:00,3369.0,Purchase,3.0,7,Good Service,Medium,1,0
846,2023-01-02 11:00:00,2961.0,Purchase,8.0,3,Good Service,Medium,1,0
201,2023-01-02 12:00:00,739.0,Loan Payment,6.0,6,Needs Improvement,Low,1,0
222,2023-01-02 13:00:00,4509.0,Purchase,4.0,4,Unsatisfactory,High,1,0
152,2023-01-02 14:00:00,2565.0,Loan Payment,10.0,7,Needs Improvement,Medium,1,0
644,2023-01-02 15:00:00,1160.0,Purchase,5.0,5,Unsatisfactory,Low,1,0
626,2023-01-02 16:00:00,1745.0,Investment,8.0,2,Good Service,Medium,1,0
462,2023-01-02 17:00:00,1048.0,Bill Payment,8.0,3,Good Service,Low,0,0
217,2023-01-02 18:00:00,2922.0,Bill Payment,2.0,7,Excellent,Medium,0,0
196,2023-01-02 19:00:00,4850.0,Bill Payment,10.0,10,Needs Improvement,High,0,0
793,2023-01-02 20:00:00,2550.0,Investment,4.0,2,Needs Improvement,Medium,0,0
202,2023-01-02 21:00:00,4424.0,Loan Payment,2.0,3,Good Service,High,0,0
995,2023-01-02 22:00:00,1252.0,Bill Payment,8.0,5,Good Service,Low,0,0
647,2023-01-02 23:00:00,782.0,Investment,10.0,5,Very Satisfied,Low,0,0
234,2023-01-03 00:00:00,1926.0,Investment,5.0,10,Needs Improvement,Medium,0,0
141,2023-01-03 01:00:00,3422.0,Purchase,4.0,10,Needs Improvement,Medium,0,0
708,2023-01-03 02:00:00,2509.0,Loan Payment,8.0,7,Very Satisfied,Medium,0,0
498,2023-01-03 03:00:00,3450.0,Investment,8.0,4,Excellent,Medium,0,0
555,2023-01-03 04:00:00,3555.0,Loan Payment,10.0,5,Very Satisfied,Medium,0,0
57,2023-01-03 05:00:00,1223.0,Bill Payment,8.0,2,Very Satisfied,Low,0,0
932,2023-01-03 06:00:00,2941.0,Bill Payment,4.0,6,Needs Improvement,Medium,0,0
504,2023-01-03 07:00:00,428.0,Bill Payment,8.0,3,Good Service,Low,0,0
142,2023-01-03 08:00:00,3791.0,Purchase,6.0,7,Unsatisfactory,High,0,0
722,2023-01-03 09:00:00,4970.0,Purchase,5.0,4,Good Service,High,1,0
584,2023-01-03 10:00:00,798.0,Loan Payment,2.0,7,Very Satisfied,Low,1,0
736,2023-01-03 11:00:00,1881.0,Loan Payment,8.0,2,Unsatisfactory,Medium,1,0
539,2023-01-03 12:00:00,4600.0,Purchase,8.0,6,Very Satisfied,High,1,0
640,2023-01-03 13:00:00,2035.0,Investment,5.0,9,Unsatisfactory,Medium,1,0
106,2023-01-03 14:00:00,2456.0,Loan Payment,1.0,7,Excellent,Medium,1,0
165,2023-01-03 15:00:00,4833.0,Loan Payment,2.0,2,Good Service,High,1,0
215,2023-01-03 16:00:00,570.0,Bill Payment,3.0,9,Very Satisfied,Low,1,0
71,2023-01-03 17:00:00,2661.0,Loan Payment,1.0,5,Excellent,Medium,0,0
716,2023-01-03 18:00:00,3914.0,Loan Payment,4.0,7,Needs Improvement,High,0,0
665,2023-01-03 19:00:00,549.0,Investment,1.0,10,Needs Improvement,Low,0,0
579,2023-01-03 20:00:00,4765.0,Loan Payment,3.0,5,Needs Improvement,High,0,0
90,2023-01-03 21:00:00,3146.0,Investment,2.0,6,Very Satisfied,Medium,0,0
772,2023-01-03 22:00:00,3299.0,Bill Payment,1.0,4,Good Service,Medium,0,0
874,2023-01-03 23:00:00,2620.0,Purchase,7.0,1,Good Service,Medium,0,0
228,2023-01-04 00:00:00,4922.0,Bill Payment,8.0,1,Needs Improvement,High,0,0
79,2023-01-04 01:00:00,1954.0,Investment,8.0,7,Good Service,Medium,0,0
608,2023-01-04 02:00:00,3155.0,Investment,4.0,5,Good Service,Medium,0,0
349,2023-01-04 03:00:00,2768.0,Loan Payment,3.0,10,Needs Improvement,Medium,0,0
842,2023-01-04 04:00:00,3270.0,Loan Payment,5.0,10,Needs Improvement,Medium,0,0
981,2023-01-04 05:00:00,4117.0,Purchase,9.0,1,Unsatisfactory,High,0,0
894,2023-01-04 06:00:00,1905.0,Investment,7.0,8,Very Satisfied,Medium,0,0
246,2023-01-04 07:00:00,2510.0,Investment,9.0,4,Needs Improvement,Medium,0,0
272,2023-01-04 08:00:00,2839.0,Bill Payment,4.0,10,Unsatisfactory,Medium,0,0
403,2023-01-04 09:00:00,3883.0,Purchase,4.0,6,Very Satisfied,High,1,0
669,2023-01-04 10:00:00,57.0,Bill Payment,5.0,5,Very Satisfied,Low,1,0
116,2023-01-04 11:00:00,2374.0,Loan Payment,7.0,8,Unsatisfactory,Medium,1,0
435,2023-01-04 12:00:00,2266.0,Loan Payment,4.0,3,Very Satisfied,Medium,1,0
530,2023-01-04 13:00:00,4682.0,Bill Payment,10.0,10,Good Service,High,1,0
442,2023-01-04 14:00:00,763.0,Loan Payment,7.0,7,Unsatisfactory,Low,1,0
172,2023-01-04 15:00:00,2812.0,Bill Payment,10.0,2,Excellent,Medium,1,0
16,2023-01-04 16:00:00,4659.0,Investment,7.0,2,Excellent,High,1,0
961,2023-01-04 17:00:00,3662.0,Investment,4.0,7,Unsatisfactory,Medium,0,0
752,2023-01-04 18:00:00,412.0,Loan Payment,10.0,4,Needs Improvement,Low,0,0
898,2023-01-04 19:00:00,2096.0,Purchase,6.0,5,Very Satisfied,Medium,0,0
56,2023-01-04 20:00:00,2237.0,Investment,7.0,6,Good Service,Medium,0,0
591,2023-01-04 21:00:00,3420.0,Loan Payment,5.0,4,Good Service,Medium,0,0
103,2023-01-04 22:00:00,3000.0,Purchase,4.0,2,Needs Improvement,Medium,0,0
284,2023-01-04 23:00:00,4653.0,Loan Payment,1.0,1,Good Service,High,0,0
705,2023-01-05 00:00:00,1159.0,Bill Payment,8.0,4,Unsatisfactory,Low,0,0
517,2023-01-05 01:00:00,72.0,Loan Payment,1.0,3,Very Satisfied,Low,0,0
618,2023-01-05 02:00:00,4949.0,Bill Payment,7.0,4,Very Satisfied,High,0,0
278,2023-01-05 03:00:00,3163.0,Investment,7.0,3,Good Service,Medium,0,0
885,2023-01-05 04:00:00,1018.0,Investment,7.0,9,Needs Improvement,Low,0,0
612,2023-01-05 05:00:00,2041.0,Loan Payment,9.0,3,Excellent,Medium,0,0
750,2023-01-05 06:00:00,1332.0,Purchase,8.0,3,Excellent,Medium,0,0
269,2023-01-05 07:00:00,2091.0,Loan Payment,2.0,10,Good Service,Medium,0,0
833,2023-01-05 08:00:00,761.0,Loan Payment,2.0,8,Very Satisfied,Low,0,0
400,2023-01-05 09:00:00,4154.0,Investment,9.0,5,Good Service,High,1,0
503,2023-01-05 10:00:00,667.0,Investment,8.0,2,Good Service,Low,1,0
86,2023-01-05 11:00:00,1670.0,Loan Payment,2.0,8,Very Satisfied,Medium,1,0
320,2023-01-05 12:00:00,710.0,Investment,8.0,9,Excellent,Low,1,0
32,2023-01-05 13:00:00,1090.0,Bill Payment,3.0,7,Needs Improvement,Low,1,0
336,2023-01-05 14:00:00,2166.0,Loan Payment,5.0,6,Good Service,Medium,1,0
51,2023-01-05 15:00:00,1550.0,Investment,8.0,8,Needs Improvement,Medium,1,0
79,2023-01-05 16:00:00,3042.0,Loan Payment,8.0,7,Good Service,Medium,1,0
698,2023-01-05 17:00:00,1993.0,Investment,10.0,8,Good Service,Medium,0,0
174,2023-01-05 18:00:00,324.0,Bill Payment,6.0,2,Good Service,Low,0,0
948,2023-01-05 19:00:00,3091.0,Bill Payment,6.0,6,Unsatisfactory,Medium,0,0
618,2023-01-05 20:00:00,4743.0,Loan Payment,7.0,4,Very Satisfied,High,0,0
501,2023-01-05 21:00:00,2324.0,Bill Payment,1.0,1,Good Service,Medium,0,0
575,2023-01-05 22:00:00,2145.0,Bill Payment,5.0,1,Needs Improvement,Medium,0,0
76,2023-01-05 23:00:00,1659.0,Investment,3.0,9,Very Satisfied,Medium,0,0
316,2023-01-06 00:00:00,3229.0,Loan Payment,5.0,2,Very Satisfied,Medium,0,0
833,2023-01-06 01:00:00,3810.0,Investment,2.0,8,Very Satisfied,High,0,0
373,2023-01-06 02:00:00,2488.0,Investment,6.0,6,Needs Improvement,Medium,0,0
81,2023-01-06 03:00:00,4077.0,Purchase,3.0,8,Very Satisfied,High,0,0
873,2023-01-06 04:00:00,1785.0,Bill Payment,7.0,1,Unsatisfactory,Medium,0,0
640,2023-01-06 05:00:00,1976.0,Investment,5.0,9,Unsatisfactory,Medium,0,0
695,2023-01-06 06:00:00,1777.0,Investment,8.0,5,Needs Improvement,Medium,0,0
755,2023-01-06 07:00:00,3825.0,Investment,10.0,1,Needs Improvement,High,0,0
697,2023-01-06 08:00:00,251.0,Bill Payment,10.0,4,Very Satisfied,Low,0,0
732,2023-01-06 09:00:00,4807.0,Bill Payment,8.0,3,Excellent,High,1,0
71,2023-01-06 10:00:00,2959.0,Bill Payment,1.0,5,Excellent,Medium,1,0
969,2023-01-06 11:00:00,4846.0,Loan Payment,2.0,2,Unsatisfactory,High,1,0
854,2023-01-06 12:00:00,4886.0,Investment,5.0,8,Unsatisfactory,High,1,0
666,2023-01-06 13:00:00,2266.0,Bill Payment,2.0,4,Good Service,Medium,1,0
757,2023-01-06 14:00:00,4121.0,Investment,6.0,6,Unsatisfactory,High,1,0
652,2023-01-06 15:00:00,3378.0,Loan Payment,7.0,9,Good Service,Medium,1,0
71,2023-01-06 16:00:00,376.0,Purchase,1.0,5,Excellent,Low,1,0
46,2023-01-06 17:00:00,2837.0,Loan Payment,6.0,1,Good Service,Medium,0,0
47,2023-01-06 18:00:00,1262.0,Bill Payment,7.0,6,Unsatisfactory,Medium,0,0
591,2023-01-06 19:00:00,2497.0,Bill Payment,5.0,4,Good Service,Medium,0,0
422,2023-01-06 20:00:00,4795.0,Loan Payment,8.0,7,Excellent,High,0,0
149,2023-01-06 21:00:00,3613.0,Investment,5.0,5,Good Service,Medium,0,0
910,2023-01-06 22:00:00,3531.0,Bill Payment,5.0,6,Unsatisfactory,Medium,0,0
130,2023-01-06 23:00:00,4952.0,Bill Payment,1.0,7,Unsatisfactory,High,0,0
456,2023-01-07 00:00:00,4527.0,Loan Payment,4.0,5,Very Satisfied,High,0,1
639,2023-01-07 01:00:00,1653.0,Investment,10.0,4,Unsatisfactory,Medium,0,1
877,2023-01-07 02:00:00,1222.0,Loan Payment,4.0,1,Good Service,Low,0,1
631,2023-01-07 03:00:00,4713.0,Loan Payment,8.0,3,Excellent,High,0,1
966,2023-01-07 04:00:00,29.0,Investment,2.0,5,Needs Improvement,Low,0,1
997,2023-01-07 05:00:00,685.0,Investment,2.0,4,Good Service,Low,0,1
869,2023-01-07 06:00:00,4487.0,Purchase,2.0,10,Good Service,High,0,1
505,2023-01-07 07:00:00,618.0,Loan Payment,7.0,4,Good Service,Low,0,1
929,2023-01-07 08:00:00,71.0,Investment,6.0,7,Very Satisfied,Low,0,1
774,2023-01-07 09:00:00,1275.0,Bill Payment,7.0,10,Good Service,Medium,1,1
244,2023-01-07 10:00:00,2295.0,Purchase,2.0,4,Very Satisfied,Medium,1,1
474,2023-01-07 11:00:00,1164.0,Loan Payment,8.0,4,Good Service,Low,1,1
382,2023-01-07 12:00:00,1638.0,Investment,10.0,4,Unsatisfactory,Medium,1,1
103,2023-01-07 13:00:00,1636.0,Purchase,4.0,2,Needs Improvement,Medium,1,1
489,2023-01-07 14:00:00,3726.0,Purchase,9.0,6,Unsatisfactory,High,1,1
37,2023-01-07 15:00:00,1452.0,Bill Payment,4.0,2,Very Satisfied,Medium,1,1
654,2023-01-07 16:00:00,1663.0,Purchase,4.0,8,Unsatisfactory,Medium,1,1
549,2023-01-07 17:00:00,2512.0,Loan Payment,7.0,3,Needs Improvement,Medium,0,1
520,2023-01-07 18:00:00,3279.0,Investment,5.0,2,Very Satisfied,Medium,0,1
743,2023-01-07 19:00:00,291.0,Purchase,5.0,8,Unsatisfactory,Low,0,1
333,2023-01-07 20:00:00,4991.0,Purchase,3.0,9,Needs Improvement,High,0,1
397,2023-01-07 21:00:00,1034.0,Loan Payment,9.0,8,Excellent,Low,0,1
296,2023-01-07 22:00:00,4828.0,Bill Payment,2.0,4,Excellent,High,0,1
107,2023-01-07 23:00:00,3413.0,Bill Payment,10.0,6,Unsatisfactory,Medium,0,1
860,2023-01-08 00:00:00,1245.0,Investment,7.0,10,Very Satisfied,Low,0,1
954,2023-01-08 01:00:00,4192.0,Loan Payment,7.0,2,Very Satisfied,High,0,1
530,2023-01-08 02:00:00,4770.0,Bill Payment,10.0,10,Good Service,High,0,1
825,2023-01-08 03:00:00,4967.0,Investment,5.0,10,Needs Improvement,High,0,1
83,2023-01-08 04:00:00,795.0,Investment,6.0,2,Good Service,Low,0,1
934,2023-01-08 05:00:00,3327.0,Bill Payment,4.0,1,Unsatisfactory,Medium,0,1
288,2023-01-08 06:00:00,1677.0,Loan Payment,3.0,4,Unsatisfactory,Medium,0,1
982,2023-01-08 07:00:00,3018.0,Purchase,9.0,8,Unsatisfactory,Medium,0,1
706,2023-01-08 08:00:00,3204.0,Bill Payment,1.0,2,Good Service,Medium,0,1
461,2023-01-08 09:00:00,4799.0,Purchase,9.0,8,Excellent,High,1,1
215,2023-01-08 10:00:00,3785.0,Purchase,3.0,9,Very Satisfied,High,1,1
281,2023-01-08 11:00:00,2456.0,Loan Payment,8.0,7,Needs Improvement,Medium,1,1
732,2023-01-08 12:00:00,3800.0,Loan Payment,8.0,3,Excellent,High,1,1
954,2023-01-08 13:00:00,543.0,Investment,7.0,2,Very Satisfied,Low,1,1
459,2023-01-08 14:00:00,411.0,Loan Payment,4.0,4,Needs Improvement,Low,1,1
801,2023-01-08 15:00:00,3673.0,Investment,8.0,7,Unsatisfactory,Medium,1,1
344,2023-01-08 16:00:00,139.0,Bill Payment,3.0,2,Needs Improvement,Low,1,1
194,2023-01-08 17:00:00,2349.0,Purchase,3.0,7,Good Service,Medium,0,1
158,2023-01-08 18:00:00,4381.0,Loan Payment,5.0,4,Very Satisfied,High,0,1
465,2023-01-08 19:00:00,2969.0,Bill Payment,1.0,8,Good Service,Medium,0,1
104,2023-01-08 20:00:00,1868.0,Investment,8.0,5,Good Service,Medium,0,1
34,2023-01-08 21:00:00,2983.0,Loan Payment,3.0,7,Good Service,Medium,0,1
102,2023-01-08 22:00:00,4160.0,Purchase,5.0,4,Unsatisfactory,High,0,1
639,2023-01-08 23:00:00,3659.0,Bill Payment,10.0,4,Unsatisfactory,Medium,0,1
726,2023-01-09 00:00:00,2796.0,Loan Payment,3.0,7,Good Service,Medium,0,0
325,2023-01-09 01:00:00,3107.0,Loan Payment,10.0,8,Needs Improvement,Medium,0,0
944,2023-01-09 02:00:00,3522.0,Bill Payment,3.0,2,Unsatisfactory,Medium,0,0
808,2023-01-09 03:00:00,4870.0,Investment,8.0,4,Needs Improvement,High,0,0
691,2023-01-09 04:00:00,1230.0,Investment,1.0,9,Very Satisfied,Low,0,0
592,2023-01-09 05:00:00,651.0,Loan Payment,9.0,5,Unsatisfactory,Low,0,0
141,2023-01-09 06:00:00,3324.0,Investment,4.0,10,Needs Improvement,Medium,0,0
474,2023-01-09 07:00:00,733.0,Investment,8.0,4,Good Service,Low,0,0
31,2023-01-09 08:00:00,4907.0,Bill Payment,4.0,8,Needs Improvement,High,0,0
884,2023-01-09 09:00:00,747.0,Investment,10.0,3,Unsatisfactory,Low,1,0
935,2023-01-09 10:00:00,4863.0,Investment,1.0,9,Excellent,High,1,0
63,2023-01-09 11:00:00,1309.0,Bill Payment,8.0,3,Unsatisfactory,Medium,1,0
560,2023-01-09 12:00:00,3490.0,Loan Payment,4.0,8,Good Service,Medium,1,0
87,2023-01-09 13:00:00,349.0,Loan Payment,5.0,3,Unsatisfactory,Low,1,0
304,2023-01-09 14:00:00,162.0,Bill Payment,4.0,1,Good Service,Low,1,0
61,2023-01-09 15:00:00,1431.0,Purchase,5.0,3,Good Service,Medium,1,0
396,2023-01-09 16:00:00,3061.0,Bill Payment,10.0,2,Needs Improvement,Medium,1,0
334,2023-01-09 17:00:00,436.0,Purchase,4.0,7,Very Satisfied,Low,0,0
952,2023-01-09 18:00:00,3568.0,Investment,9.0,10,Very Satisfied,Medium,0,0
786,2023-01-09 19:00:00,1145.0,Loan Payment,5.0,10,Good Service,Low,0,0
411,2023-01-09 20:00:00,2460.0,Purchase,6.0,4,Needs Improvement,Medium,0,0
284,2023-01-09 21:00:00,3339.0,Purchase,1.0,1,Good Service,Medium,0,0
466,2023-01-09 22:00:00,959.0,Investment,9.0,10,Unsatisfactory,Low,0,0
80,2023-01-09 23:00:00,1383.0,Loan Payment,8.0,5,Unsatisfactory,Medium,0,0
692,2023-01-10 00:00:00,966.0,Investment,8.0,5,Unsatisfactory,Low,0,0
784,2023-01-10 01:00:00,1711.0,Loan Payment,6.0,10,Needs Improvement,Medium,0,0
77,2023-01-10 02:00:00,2951.0,Loan Payment,9.0,5,Good Service,Medium,0,0
954,2023-01-10 03:00:00,2492.0,Investment,7.0,2,Very Satisfied,Medium,0,0
733,2023-01-10 04:00:00,1313.0,Purchase,5.0,7,Good Service,Medium,0,0
905,2023-01-10 05:00:00,380.0,Bill Payment,3.0,5,Needs Improvement,Low,0,0
794,2023-01-10 06:00:00,2990.0,Loan Payment,4.0,6,Excellent,Medium,0,0
540,2023-01-10 07:00:00,2306.0,Loan Payment,2.0,8,Good Service,Medium,0,0
361,2023-01-10 08:00:00,4808.0,Bill Payment,4.0,2,Good Service,High,0,0
77,2023-01-10 09:00:00,2135.0,Bill Payment,9.0,5,Good Service,Medium,1,0
509,2023-01-10 10:00:00,2976.0,Investment,8.0,10,Good Service,Medium,1,0
164,2023-01-10 11:00:00,4155.0,Loan Payment,5.0,3,Excellent,High,1,0
9,2023-01-10 12:00:00,2752.0,Investment,10.0,9,Good Service,Medium,1,0
175,2023-01-10 13:00:00,4031.0,Bill Payment,7.0,7,Good Service,High,1,0
462,2023-01-10 14:00:00,2374.0,Investment,8.0,3,Good Service,Medium,1,0
307,2023-01-10 15:00:00,772.0,Loan Payment,10.0,1,Very Satisfied,Low,1,0
588,2023-01-10 16:00:00,4072.0,Purchase,2.0,7,Good Service,High,1,0
245,2023-01-10 17:00:00,1014.0,Purchase,5.0,9,Good Service,Low,0,0
122,2023-01-10 18:00:00,3765.0,Loan Payment,5.0,5,Good Service,High,0,0
185,2023-01-10 19:00:00,2856.0,Investment,7.0,5,Excellent,Medium,0,0
32,2023-01-10 20:00:00,359.0,Bill Payment,3.0,7,Needs Improvement,Low,0,0
998,2023-01-10 21:00:00,2974.0,Bill Payment,7.0,4,Very Satisfied,Medium,0,0
963,2023-01-10 22:00:00,696.0,Purchase,7.0,8,Excellent,Low,0,0
762,2023-01-10 23:00:00,4647.0,Investment,4.0,4,Very Satisfied,High,0,0
569,2023-01-11 00:00:00,3136.0,Bill Payment,1.0,6,Unsatisfactory,Medium,0,0
310,2023-01-11 01:00:00,4466.0,Bill Payment,2.0,6,Unsatisfactory,High,0,0
372,2023-01-11 02:00:00,2765.0,Loan Payment,4.0,9,Needs Improvement,Medium,0,0
656,2023-01-11 03:00:00,3534.0,Investment,9.0,9,Needs Improvement,Medium,0,0
830,2023-01-11 04:00:00,3634.0,Investment,8.0,4,Needs Improvement,Medium,0,0
596,2023-01-11 05:00:00,2742.0,Bill Payment,2.0,2,Good Service,Medium,0,0
992,2023-01-11 06:00:00,1703.0,Investment,7.0,2,Needs Improvement,Medium,0,0
56,2023-01-11 07:00:00,2902.0,Investment,7.0,6,Good Service,Medium,0,0
791,2023-01-11 08:00:00,3821.0,Investment,4.0,6,Needs Improvement,High,0,0
273,2023-01-11 09:00:00,4190.0,Loan Payment,10.0,7,Needs Improvement,High,1,0
464,2023-01-11 10:00:00,694.0,Bill Payment,5.0,8,Needs Improvement,Low,1,0
678,2023-01-11 11:00:00,4350.0,Purchase,3.0,9,Needs Improvement,High,1,0
456,2023-01-11 12:00:00,2929.0,Investment,4.0,5,Very Satisfied,Medium,1,0
979,2023-01-11 13:00:00,2460.0,Bill Payment,7.0,6,Very Satisfied,Medium,1,0
670,2023-01-11 14:00:00,3293.0,Purchase,5.0,8,Very Satisfied,Medium,1,0
249,2023-01-11 15:00:00,4701.0,Loan Payment,10.0,7,Needs Improvement,High,1,0
698,2023-01-11 16:00:00,4036.0,Bill Payment,10.0,8,Good Service,High,1,0
994,2023-01-11 17:00:00,1166.0,Loan Payment,5.0,2,Needs Improvement,Low,0,0
78,2023-01-11 18:00:00,3071.0,Bill Payment,6.0,4,Excellent,Medium,0,0
534,2023-01-11 19:00:00,4455.0,Loan Payment,5.0,10,Good Service,High,0,0
108,2023-01-11 20:00:00,2339.0,Bill Payment,2.0,3,Unsatisfactory,Medium,0,0
273,2023-01-11 21:00:00,1302.0,Loan Payment,10.0,7,Needs Improvement,Medium,0,0
764,2023-01-11 22:00:00,1894.0,Purchase,8.0,6,Good Service,Medium,0,0
15,2023-01-11 23:00:00,1570.0,Bill Payment,1.0,10,Needs Improvement,Medium,0,0
370,2023-01-12 00:00:00,993.0,Purchase,10.0,1,Very Satisfied,Low,0,0
304,2023-01-12 01:00:00,2077.0,Investment,4.0,1,Good Service,Medium,0,0
672,2023-01-12 02:00:00,1873.0,Purchase,8.0,5,Good Service,Medium,0,0
205,2023-01-12 03:00:00,1989.0,Bill Payment,1.0,9,Unsatisfactory,Medium,0,0
981,2023-01-12 04:00:00,1746.0,Purchase,9.0,1,Unsatisfactory,Medium,0,0
113,2023-01-12 05:00:00,2462.0,Bill Payment,8.0,8,Good Service,Medium,0,0
680,2023-01-12 06:00:00,1928.0,Loan Payment,4.0,5,Good Service,Medium,0,0
865,2023-01-12 07:00:00,710.0,Investment,2.0,7,Needs Improvement,Low,0,0
253,2023-01-12 08:00:00,2460.0,Purchase,8.0,3,Needs Improvement,Medium,0,0
441,2023-01-12 09:00:00,2083.0,Investment,5.0,3,Good Service,Medium,1,0
186,2023-01-12 10:00:00,4671.0,Purchase,7.0,3,Needs Improvement,High,1,0
859,2023-01-12 11:00:00,3763.0,Bill Payment,9.0,4,Excellent,High,1,0
227,2023-01-12 12:00:00,404.0,Purchase,6.0,7,Very Satisfied,Low,1,0
528,2023-01-12 13:00:00,1966.0,Investment,2.0,2,Excellent,Medium,1,0
668,2023-01-12 14:00:00,3058.0,Purchase,9.0,3,Good Service,Medium,1,0
354,2023-01-12 15:00:00,3462.0,Investment,9.0,8,Unsatisfactory,Medium,1,0
623,2023-01-12 16:00:00,532.0,Investment,8.0,6,Unsatisfactory,Low,1,0
1,2023-01-12 17:00:00,1572.0,Bill Payment,10.0,9,Very Satisfied,Medium,0,0
553,2023-01-12 18:00:00,2919.0,Loan Payment,6.0,9,Very Satisfied,Medium,0,0
560,2023-01-12 19:00:00,2859.0,Loan Payment,4.0,8,Good Service,Medium,0,0
927,2023-01-12 20:00:00,559.0,Purchase,2.0,6,Excellent,Low,0,0
420,2023-01-12 21:00:00,2460.0,Investment,5.0,8,Good Service,Medium,0,0
620,2023-01-12 22:00:00,842.0,Bill Payment,10.0,8,Good Service,Low,0,0
161,2023-01-12 23:00:00,4492.0,Loan Payment,5.0,2,Good Service,High,0,0
161,2023-01-13 00:00:00,2460.0,Bill Payment,5.0,2,Good Service,Medium,0,0
871,2023-01-13 01:00:00,295.0,Bill Payment,5.0,4,Good Service,Low,0,0
128,2023-01-13 02:00:00,2755.0,Investment,5.0,2,Needs Improvement,Medium,0,0
722,2023-01-13 03:00:00,3775.0,Purchase,5.0,4,Good Service,High,0,0
151,2023-01-13 04:00:00,4474.0,Investment,8.0,10,Excellent,High,0,0
444,2023-01-13 05:00:00,1455.0,Loan Payment,10.0,4,Unsatisfactory,Medium,0,0
767,2023-01-13 06:00:00,1476.0,Loan Payment,6.0,8,Needs Improvement,Medium,0,0
471,2023-01-13 07:00:00,1786.0,Bill Payment,6.0,8,Needs Improvement,Medium,0,0
463,2023-01-13 08:00:00,3665.0,Investment,5.0,7,Unsatisfactory,Medium,0,0
730,2023-01-13 09:00:00,924.0,Investment,3.0,1,Very Satisfied,Low,1,0
30,2023-01-13 10:00:00,297.0,Bill Payment,3.0,7,Unsatisfactory,Low,1,0
473,2023-01-13 11:00:00,4200.0,Purchase,10.0,5,Unsatisfactory,High,1,0
557,2023-01-13 12:00:00,2098.0,Bill Payment,2.0,7,Very Satisfied,Medium,1,0
80,2023-01-13 13:00:00,4436.0,Bill Payment,8.0,5,Unsatisfactory,High,1,0
39,2023-01-13 14:00:00,1814.0,Loan Payment,1.0,7,Good Service,Medium,1,0
240,2023-01-13 15:00:00,1188.0,Investment,3.0,6,Needs Improvement,Low,1,0
557,2023-01-13 16:00:00,2561.0,Loan Payment,2.0,7,Very Satisfied,Medium,1,0
590,2023-01-13 17:00:00,4380.0,Bill Payment,6.0,10,Excellent,High,0,0
337,2023-01-13 18:00:00,1598.0,Investment,4.0,2,Good Service,Medium,0,0
908,2023-01-13 19:00:00,1966.0,Bill Payment,4.0,1,Very Satisfied,Medium,0,0
861,2023-01-13 20:00:00,1785.0,Bill Payment,6.0,4,Needs Improvement,Medium,0,0
800,2023-01-13 21:00:00,4872.0,Purchase,8.0,10,Very Satisfied,High,0,0
952,2023-01-13 22:00:00,997.0,Loan Payment,9.0,10,Very Satisfied,Low,0,0
280,2023-01-13 23:00:00,1213.0,Loan Payment,2.0,3,Unsatisfactory,Low,0,0
116,2023-01-14 00:00:00,2460.0,Bill Payment,7.0,8,Unsatisfactory,Medium,0,1
269,2023-01-14 01:00:00,1129.0,Purchase,2.0,10,Good Service,Low,0,1
916,2023-01-14 02:00:00,206.0,Bill Payment,6.0,3,Needs Improvement,Low,0,1
335,2023-01-14 03:00:00,3985.0,Bill Payment,7.0,8,Excellent,High,0,1
312,2023-01-14 04:00:00,535.0,Bill Payment,5.0,3,Needs Improvement,Low,0,1
53,2023-01-14 05:00:00,4737.0,Purchase,6.0,1,Needs Improvement,High,0,1
68,2023-01-14 06:00:00,1420.0,Investment,4.0,1,Excellent,Medium,0,1
694,2023-01-14 07:00:00,4513.0,Purchase,2.0,8,Very Satisfied,High,0,1
34,2023-01-14 08:00:00,1302.0,Bill Payment,3.0,7,Good Service,Medium,0,1
796,2023-01-14 09:00:00,1204.0,Investment,10.0,4,Good Service,Low,1,1
818,2023-01-14 10:00:00,1958.0,Bill Payment,9.0,1,Good Service,Medium,1,1
386,2023-01-14 11:00:00,3665.0,Purchase,4.0,10,Unsatisfactory,Medium,1,1
249,2023-01-14 12:00:00,4796.0,Purchase,10.0,7,Needs Improvement,High,1,1
111,2023-01-14 13:00:00,2227.0,Investment,6.0,5,Good Service,Medium,1,1
94,2023-01-14 14:00:00,4264.0,Purchase,1.0,8,Good Service,High,1,1
410,2023-01-14 15:00:00,3590.0,Bill Payment,1.0,8,Needs Improvement,Medium,1,1
179,2023-01-14 16:00:00,1027.0,Investment,4.0,5,Very Satisfied,Low,1,1
47,2023-01-14 17:00:00,3163.0,Loan Payment,7.0,6,Unsatisfactory,Medium,0,1
794,2023-01-14 18:00:00,3600.0,Bill Payment,4.0,6,Excellent,Medium,0,1
852,2023-01-14 19:00:00,4217.0,Loan Payment,3.0,5,Excellent,High,0,1
874,2023-01-14 20:00:00,4079.0,Investment,7.0,1,Good Service,High,0,1
604,2023-01-14 21:00:00,57.0,Investment,1.0,6,Unsatisfactory,Low,0,1
376,2023-01-14 22:00:00,3673.0,Bill Payment,7.0,9,Very Satisfied,Medium,0,1
724,2023-01-14 23:00:00,4481.0,Purchase,4.0,1,Needs Improvement,High,0,1
587,2023-01-15 00:00:00,837.0,Bill Payment,4.0,2,Needs Improvement,Low,0,1
890,2023-01-15 01:00:00,4732.0,Purchase,3.0,5,Unsatisfactory,High,0,1
202,2023-01-15 02:00:00,2099.0,Purchase,2.0,3,Good Service,Medium,0,1
445,2023-01-15 03:00:00,2066.0,Bill Payment,9.0,10,Very Satisfied,Medium,0,1
919,2023-01-15 04:00:00,828.0,Investment,2.0,10,Good Service,Low,0,1
933,2023-01-15 05:00:00,4762.0,Bill Payment,7.0,7,Unsatisfactory,High,0,1
297,2023-01-15 06:00:00,3994.0,Loan Payment,1.0,4,Good Service,High,0,1
308,2023-01-15 07:00:00,3690.0,Investment,1.0,5,Unsatisfactory,High,0,1
723,2023-01-15 08:00:00,1821.0,Purchase,1.0,9,Unsatisfactory,Medium,0,1
493,2023-01-15 09:00:00,2460.0,Investment,1.0,5,Good Service,Medium,1,1
338,2023-01-15 10:00:00,3124.0,Bill Payment,6.0,1,Unsatisfactory,Medium,1,1
945,2023-01-15 11:00:00,1639.0,Investment,6.0,2,Very Satisfied,Medium,1,1
923,2023-01-15 12:00:00,1553.0,Purchase,1.0,2,Very Satisfied,Medium,1,1
646,2023-01-15 13:00:00,3589.0,Purchase,7.0,3,Good Service,Medium,1,1
842,2023-01-15 14:00:00,1914.0,Investment,5.0,10,Needs Improvement,Medium,1,1
66,2023-01-15 15:00:00,1446.0,Loan Payment,6.0,5,Good Service,Medium,1,1
792,2023-01-15 16:00:00,3327.0,Purchase,6.0,1,Very Satisfied,Medium,1,1
422,2023-01-15 17:00:00,3530.0,Loan Payment,8.0,7,Excellent,Medium,0,1
540,2023-01-15 18:00:00,3069.0,Purchase,2.0,8,Good Service,Medium,0,1
924,2023-01-15 19:00:00,4126.0,Investment,7.0,4,Very Satisfied,High,0,1
629,2023-01-15 20:00:00,1008.0,Purchase,7.0,8,Very Satisfied,Low,0,1
493,2023-01-15 21:00:00,1441.0,Loan Payment,1.0,5,Good Service,Medium,0,1
882,2023-01-15 22:00:00,4562.0,Loan Payment,1.0,2,Good Service,High,0,1
999,2023-01-15 23:00:00,3071.0,Investment,10.0,9,Good Service,Medium,0,1
962,2023-01-16 00:00:00,274.0,Loan Payment,7.0,9,Very Satisfied,Low,0,0
317,2023-01-16 01:00:00,3741.0,Loan Payment,5.0,4,Good Service,High,0,0
942,2023-01-16 02:00:00,2284.0,Investment,2.0,3,Good Service,Medium,0,0
837,2023-01-16 03:00:00,3885.0,Purchase,6.0,7,Very Satisfied,High,0,0
626,2023-01-16 04:00:00,3327.0,Investment,8.0,2,Good Service,Medium,0,0
75,2023-01-16 05:00:00,2056.0,Purchase,7.0,6,Needs Improvement,Medium,0,0
714,2023-01-16 06:00:00,3154.0,Purchase,6.0,1,Needs Improvement,Medium,0,0
939,2023-01-16 07:00:00,3231.0,Purchase,9.0,9,Excellent,Medium,0,0
59,2023-01-16 08:00:00,3150.0,Bill Payment,2.0,7,Excellent,Medium,0,0
386,2023-01-16 09:00:00,4910.0,Purchase,4.0,10,Unsatisfactory,High,1,0
15,2023-01-16 10:00:00,2460.0,Investment,1.0,10,Needs Improvement,Medium,1,0
231,2023-01-16 11:00:00,732.0,Investment,5.0,10,Unsatisfactory,Low,1,0
617,2023-01-16 12:00:00,93.0,Investment,1.0,8,Unsatisfactory,Low,1,0
677,2023-01-16 13:00:00,4845.0,Bill Payment,9.0,1,Good Service,High,1,0
199,2023-01-16 14:00:00,3380.0,Loan Payment,5.0,3,Excellent,Medium,1,0
916,2023-01-16 15:00:00,3829.0,Bill Payment,6.0,3,Needs Improvement,High,1,0
354,2023-01-16 16:00:00,3374.0,Investment,9.0,8,Unsatisfactory,Medium,1,0
35,2023-01-16 17:00:00,1767.0,Investment,6.0,9,Needs Improvement,Medium,0,0
162,2023-01-16 18:00:00,4328.0,Loan Payment,6.0,5,Unsatisfactory,High,0,0
757,2023-01-16 19:00:00,2790.0,Bill Payment,6.0,6,Unsatisfactory,Medium,0,0
982,2023-01-16 20:00:00,3297.0,Investment,9.0,8,Unsatisfactory,Medium,0,0
799,2023-01-16 21:00:00,2462.0,Purchase,10.0,9,Good Service,Medium,0,0
895,2023-01-16 22:00:00,338.0,Purchase,10.0,2,Unsatisfactory,Low,0,0
471,2023-01-16 23:00:00,435.0,Investment,6.0,8,Needs Improvement,Low,0,0
531,2023-01-17 00:00:00,779.0,Purchase,8.0,7,Needs Improvement,Low,0,0
964,2023-01-17 01:00:00,3985.0,Loan Payment,6.0,4,Very Satisfied,High,0,0
792,2023-01-17 02:00:00,617.0,Investment,6.0,1,Very Satisfied,Low,0,0
852,2023-01-17 03:00:00,1862.0,Bill Payment,3.0,5,Excellent,Medium,0,0
423,2023-01-17 04:00:00,2682.0,Investment,6.0,10,Unsatisfactory,Medium,0,0
348,2023-01-17 05:00:00,2134.0,Loan Payment,6.0,8,Unsatisfactory,Medium,0,0
694,2023-01-17 06:00:00,1310.0,Bill Payment,2.0,8,Very Satisfied,Medium,0,0
935,2023-01-17 07:00:00,475.0,Loan Payment,1.0,9,Excellent,Low,0,0
913,2023-01-17 08:00:00,1974.0,Purchase,8.0,4,Very Satisfied,Medium,0,0
147,2023-01-17 09:00:00,1955.0,Purchase,5.0,2,Excellent,Medium,1,0
374,2023-01-17 10:00:00,2549.0,Purchase,7.0,8,Needs Improvement,Medium,1,0
688,2023-01-17 11:00:00,2370.0,Loan Payment,2.0,4,Excellent,Medium,1,0
675,2023-01-17 12:00:00,2049.0,Loan Payment,1.0,2,Unsatisfactory,Medium,1,0
416,2023-01-17 13:00:00,1194.0,Investment,3.0,5,Good Service,Low,1,0
687,2023-01-17 14:00:00,3944.0,Bill Payment,8.0,2,Excellent,High,1,0
494,2023-01-17 15:00:00,3227.0,Bill Payment,7.0,7,Needs Improvement,Medium,1,0
559,2023-01-17 16:00:00,2792.0,Loan Payment,6.0,5,Unsatisfactory,Medium,1,0
256,2023-01-17 17:00:00,787.0,Loan Payment,2.0,5,Very Satisfied,Low,0,0
960,2023-01-17 18:00:00,3389.0,Purchase,4.0,8,Very Satisfied,Medium,0,0
686,2023-01-17 19:00:00,2428.0,Loan Payment,5.0,8,Good Service,Medium,0,0
103,2023-01-17 20:00:00,4087.0,Purchase,4.0,2,Needs Improvement,High,0,0
121,2023-01-17 21:00:00,4272.0,Loan Payment,7.0,1,Very Satisfied,High,0,0
419,2023-01-17 22:00:00,2449.0,Bill Payment,3.0,6,Unsatisfactory,Medium,0,0
350,2023-01-17 23:00:00,4841.0,Investment,5.0,9,Good Service,High,0,0
657,2023-01-18 00:00:00,1999.0,Loan Payment,1.0,3,Very Satisfied,Medium,0,0
42,2023-01-18 01:00:00,1076.0,Purchase,9.0,3,Unsatisfactory,Low,0,0
367,2023-01-18 02:00:00,954.0,Investment,2.0,6,Unsatisfactory,Low,0,0
29,2023-01-18 03:00:00,38.0,Purchase,2.0,7,Good Service,Low,0,0
966,2023-01-18 04:00:00,1907.0,Purchase,2.0,5,Needs Improvement,Medium,0,0
892,2023-01-18 05:00:00,1707.0,Investment,10.0,6,Unsatisfactory,Medium,0,0
785,2023-01-18 06:00:00,2824.0,Investment,8.0,5,Needs Improvement,Medium,0,0
977,2023-01-18 07:00:00,3375.0,Investment,9.0,5,Unsatisfactory,Medium,0,0
14,2023-01-18 08:00:00,2498.0,Loan Payment,10.0,5,Very Satisfied,Medium,0,0
920,2023-01-18 09:00:00,1675.0,Investment,4.0,8,Very Satisfied,Medium,1,0
953,2023-01-18 10:00:00,4629.0,Loan Payment,7.0,9,Unsatisfactory,High,1,0
818,2023-01-18 11:00:00,1580.0,Bill Payment,9.0,1,Good Service,Medium,1,0
825,2023-01-18 12:00:00,1743.0,Bill Payment,5.0,10,Needs Improvement,Medium,1,0
485,2023-01-18 13:00:00,769.0,Purchase,9.0,6,Excellent,Low,1,0
189,2023-01-18 14:00:00,2167.0,Purchase,1.0,3,Very Satisfied,Medium,1,0
872,2023-01-18 15:00:00,1361.0,Loan Payment,2.0,8,Excellent,Medium,1,0
295,2023-01-18 16:00:00,3486.0,Purchase,1.0,9,Excellent,Medium,1,0
183,2023-01-18 17:00:00,1278.0,Bill Payment,4.0,8,Needs Improvement,Medium,0,0
864,2023-01-18 18:00:00,2460.0,Loan Payment,10.0,4,Good Service,Medium,0,0
548,2023-01-18 19:00:00,3959.0,Loan Payment,6.0,10,Needs Improvement,High,0,0
882,2023-01-18 20:00:00,2617.0,Investment,1.0,2,Good Service,Medium,0,0
37,2023-01-18 21:00:00,2460.0,Loan Payment,4.0,2,Very Satisfied,Medium,0,0
14,2023-01-18 22:00:00,2640.0,Purchase,10.0,5,Very Satisfied,Medium,0,0
923,2023-01-18 23:00:00,2456.0,Bill Payment,1.0,2,Very Satisfied,Medium,0,0
635,2023-01-19 00:00:00,1679.0,Purchase,7.0,9,Needs Improvement,Medium,0,0
595,2023-01-19 01:00:00,248.0,Bill Payment,1.0,3,Needs Improvement,Low,0,0
159,2023-01-19 02:00:00,3546.0,Investment,1.0,3,Good Service,Medium,0,0
494,2023-01-19 03:00:00,3871.0,Bill Payment,7.0,7,Needs Improvement,High,0,0
329,2023-01-19 04:00:00,3113.0,Investment,10.0,3,Very Satisfied,Medium,0,0
614,2023-01-19 05:00:00,1156.0,Purchase,10.0,10,Very Satisfied,Low,0,0
849,2023-01-19 06:00:00,1567.0,Investment,6.0,2,Unsatisfactory,Medium,0,0
83,2023-01-19 07:00:00,3748.0,Loan Payment,6.0,2,Good Service,High,0,0
556,2023-01-19 08:00:00,2167.0,Loan Payment,5.0,7,Very Satisfied,Medium,0,0
580,2023-01-19 09:00:00,3461.0,Bill Payment,1.0,4,Very Satisfied,Medium,1,0
560,2023-01-19 10:00:00,309.0,Purchase,4.0,8,Good Service,Low,1,0
569,2023-01-19 11:00:00,3708.0,Purchase,1.0,6,Unsatisfactory,High,1,0
587,2023-01-19 12:00:00,4063.0,Bill Payment,4.0,2,Needs Improvement,High,1,0
22,2023-01-19 13:00:00,4869.0,Loan Payment,7.0,7,Unsatisfactory,High,1,0
132,2023-01-19 14:00:00,258.0,Investment,10.0,3,Good Service,Low,1,0
465,2023-01-19 15:00:00,2578.0,Bill Payment,1.0,8,Good Service,Medium,1,0
456,2023-01-19 16:00:00,4139.0,Investment,4.0,5,Very Satisfied,High,1,0
302,2023-01-19 17:00:00,4333.0,Investment,6.0,1,Good Service,High,0,0
955,2023-01-19 18:00:00,4690.0,Purchase,4.0,9,Good Service,High,0,0
930,2023-01-19 19:00:00,2870.0,Loan Payment,3.0,8,Unsatisfactory,Medium,0,0
267,2023-01-19 20:00:00,733.0,Investment,1.0,4,Good Service,Low,0,0
799,2023-01-19 21:00:00,579.0,Loan Payment,10.0,9,Good Service,Low,0,0
395,2023-01-19 22:00:00,229.0,Purchase,6.0,8,Needs Improvement,Low,0,0
120,2023-01-19 23:00:00,1404.0,Bill Payment,4.0,2,Good Service,Medium,0,0
246,2023-01-20 00:00:00,2844.0,Bill Payment,9.0,4,Needs Improvement,Medium,0,0
568,2023-01-20 01:00:00,2132.0,Purchase,8.0,3,Good Service,Medium,0,0
38,2023-01-20 02:00:00,4241.0,Purchase,6.0,2,Good Service,High,0,0
245,2023-01-20 03:00:00,4010.0,Investment,5.0,9,Good Service,High,0,0
21,2023-01-20 04:00:00,4359.0,Purchase,5.0,2,Unsatisfactory,High,0,0
110,2023-01-20 05:00:00,3099.0,Bill Payment,1.0,4,Needs Improvement,Medium,0,0
606,2023-01-20 06:00:00,59.0,Loan Payment,7.0,3,Needs Improvement,Low,0,0
394,2023-01-20 07:00:00,524.0,Loan Payment,10.0,2,Unsatisfactory,Low,0,0
410,2023-01-20 08:00:00,2801.0,Loan Payment,1.0,8,Needs Improvement,Medium,0,0
987,2023-01-20 09:00:00,2788.0,Loan Payment,7.0,8,Unsatisfactory,Medium,1,0
648,2023-01-20 10:00:00,2628.0,Purchase,8.0,5,Needs Improvement,Medium,1,0
743,2023-01-20 11:00:00,1847.0,Purchase,5.0,8,Unsatisfactory,Medium,1,0
8,2023-01-20 12:00:00,4681.0,Loan Payment,7.0,5,Needs Improvement,High,1,0
444,2023-01-20 13:00:00,1175.0,Purchase,10.0,4,Unsatisfactory,Low,1,0
328,2023-01-20 14:00:00,2259.0,Investment,7.0,2,Excellent,Medium,1,0
887,2023-01-20 15:00:00,424.0,Purchase,6.0,5,Good Service,Low,1,0
290,2023-01-20 16:00:00,2278.0,Investment,4.0,10,Needs Improvement,Medium,1,0
763,2023-01-20 17:00:00,1114.0,Investment,8.0,6,Good Service,Low,0,0
511,2023-01-20 18:00:00,4868.0,Purchase,10.0,3,Needs Improvement,High,0,0
912,2023-01-20 19:00:00,4668.0,Loan Payment,6.0,8,Very Satisfied,High,0,0
361,2023-01-20 20:00:00,3366.0,Investment,4.0,2,Good Service,Medium,0,0
909,2023-01-20 21:00:00,2426.0,Purchase,6.0,6,Good Service,Medium,0,0
599,2023-01-20 22:00:00,1944.0,Bill Payment,5.0,7,Unsatisfactory,Medium,0,0
716,2023-01-20 23:00:00,213.0,Loan Payment,4.0,7,Needs Improvement,Low,0,0
219,2023-01-21 00:00:00,78.0,Bill Payment,9.0,3,Good Service,Low,0,1
406,2023-01-21 01:00:00,525.0,Investment,7.0,5,Excellent,Low,0,1
992,2023-01-21 02:00:00,3573.0,Bill Payment,7.0,2,Needs Improvement,Medium,0,1
753,2023-01-21 03:00:00,4466.0,Purchase,7.0,5,Unsatisfactory,High,0,1
923,2023-01-21 04:00:00,1474.0,Loan Payment,1.0,2,Very Satisfied,Medium,0,1
832,2023-01-21 05:00:00,1662.0,Investment,5.0,6,Unsatisfactory,Medium,0,1
770,2023-01-21 06:00:00,716.0,Purchase,4.0,9,Needs Improvement,Low,0,1
621,2023-01-21 07:00:00,1635.0,Loan Payment,7.0,10,Good Service,Medium,0,1
768,2023-01-21 08:00:00,4762.0,Investment,6.0,5,Excellent,High,0,1
993,2023-01-21 09:00:00,3795.0,Investment,1.0,2,Good Service,High,1,1
794,2023-01-21 10:00:00,1355.0,Investment,4.0,6,Excellent,Medium,1,1
220,2023-01-21 11:00:00,353.0,Investment,4.0,8,Unsatisfactory,Low,1,1
595,2023-01-21 12:00:00,3796.0,Bill Payment,1.0,3,Needs Improvement,High,1,1
107,2023-01-21 13:00:00,545.0,Bill Payment,10.0,6,Unsatisfactory,Low,1,1
581,2023-01-21 14:00:00,364.0,Bill Payment,8.0,2,Very Satisfied,Low,1,1
609,2023-01-21 15:00:00,3552.0,Investment,10.0,1,Good Service,Medium,1,1
724,2023-01-21 16:00:00,2460.0,Bill Payment,4.0,1,Needs Improvement,Medium,1,1
286,2023-01-21 17:00:00,1355.0,Loan Payment,7.0,4,Excellent,Medium,0,1
749,2023-01-21 18:00:00,3019.0,Investment,3.0,3,Very Satisfied,Medium,0,1
8,2023-01-21 19:00:00,536.0,Loan Payment,7.0,5,Needs Improvement,Low,0,1
806,2023-01-21 20:00:00,940.0,Loan Payment,8.0,3,Good Service,Low,0,1
189,2023-01-21 21:00:00,2766.0,Bill Payment,1.0,3,Very Satisfied,Medium,0,1
81,2023-01-21 22:00:00,2292.0,Investment,3.0,8,Very Satisfied,Medium,0,1
108,2023-01-21 23:00:00,1956.0,Bill Payment,2.0,3,Unsatisfactory,Medium,0,1
321,2023-01-22 00:00:00,3937.0,Bill Payment,3.0,7,Good Service,High,0,1
579,2023-01-22 01:00:00,2551.0,Bill Payment,3.0,5,Needs Improvement,Medium,0,1
686,2023-01-22 02:00:00,1926.0,Investment,5.0,8,Good Service,Medium,0,1
346,2023-01-22 03:00:00,3370.0,Investment,8.0,6,Unsatisfactory,Medium,0,1
863,2023-01-22 04:00:00,1603.0,Bill Payment,9.0,3,Good Service,Medium,0,1
328,2023-01-22 05:00:00,2935.0,Loan Payment,7.0,2,Excellent,Medium,0,1
555,2023-01-22 06:00:00,3635.0,Loan Payment,10.0,5,Very Satisfied,Medium,0,1
699,2023-01-22 07:00:00,1233.0,Investment,6.0,3,Good Service,Low,0,1
302,2023-01-22 08:00:00,1969.0,Purchase,6.0,1,Good Service,Medium,0,1
200,2023-01-22 09:00:00,975.0,Bill Payment,4.0,8,Unsatisfactory,Low,1,1
893,2023-01-22 10:00:00,3688.0,Bill Payment,8.0,9,Unsatisfactory,High,1,1
419,2023-01-22 11:00:00,4322.0,Purchase,3.0,6,Unsatisfactory,High,1,1
39,2023-01-22 12:00:00,632.0,Investment,1.0,7,Good Service,Low,1,1
732,2023-01-22 13:00:00,4458.0,Loan Payment,8.0,3,Excellent,High,1,1
307,2023-01-22 14:00:00,4797.0,Investment,10.0,1,Very Satisfied,High,1,1
4,2023-01-22 15:00:00,4736.0,Loan Payment,7.0,4,Needs Improvement,High,1,1
633,2023-01-22 16:00:00,2382.0,Loan Payment,9.0,5,Good Service,Medium,1,1
848,2023-01-22 17:00:00,2958.0,Investment,8.0,6,Unsatisfactory,Medium,0,1
77,2023-01-22 18:00:00,3309.0,Bill Payment,9.0,5,Good Service,Medium,0,1
468,2023-01-22 19:00:00,1178.0,Bill Payment,8.0,9,Good Service,Low,0,1
179,2023-01-22 20:00:00,4759.0,Bill Payment,4.0,5,Very Satisfied,High,0,1
645,2023-01-22 21:00:00,401.0,Loan Payment,3.0,6,Needs Improvement,Low,0,1
823,2023-01-22 22:00:00,3819.0,Bill Payment,8.0,4,Unsatisfactory,High,0,1
741,2023-01-22 23:00:00,2417.0,Loan Payment,7.0,9,Good Service,Medium,0,1
276,2023-01-23 00:00:00,4874.0,Bill Payment,10.0,5,Good Service,High,0,0
152,2023-01-23 01:00:00,4902.0,Investment,10.0,7,Needs Improvement,High,0,0
164,2023-01-23 02:00:00,4270.0,Purchase,5.0,3,Excellent,High,0,0
290,2023-01-23 03:00:00,4838.0,Loan Payment,4.0,10,Needs Improvement,High,0,0
378,2023-01-23 04:00:00,590.0,Investment,5.0,4,Good Service,Low,0,0
621,2023-01-23 05:00:00,830.0,Loan Payment,7.0,10,Good Service,Low,0,0
638,2023-01-23 06:00:00,1257.0,Loan Payment,3.0,4,Unsatisfactory,Low,0,0
752,2023-01-23 07:00:00,133.0,Investment,10.0,4,Needs Improvement,Low,0,0
310,2023-01-23 08:00:00,4449.0,Bill Payment,2.0,6,Unsatisfactory,High,0,0
930,2023-01-23 09:00:00,1884.0,Loan Payment,3.0,8,Unsatisfactory,Medium,1,0
979,2023-01-23 10:00:00,533.0,Purchase,7.0,6,Very Satisfied,Low,1,0
913,2023-01-23 11:00:00,3133.0,Purchase,8.0,4,Very Satisfied,Medium,1,0
389,2023-01-23 12:00:00,4234.0,Investment,7.0,5,Very Satisfied,High,1,0
857,2023-01-23 13:00:00,3208.0,Purchase,7.0,9,Good Service,Medium,1,0
658,2023-01-23 14:00:00,2795.0,Investment,1.0,10,Needs Improvement,Medium,1,0
764,2023-01-23 15:00:00,2128.0,Investment,8.0,6,Good Service,Medium,1,0
183,2023-01-23 16:00:00,1220.0,Loan Payment,4.0,8,Needs Improvement,Low,1,0
821,2023-01-23 17:00:00,1036.0,Investment,7.0,8,Excellent,Low,0,0
306,2023-01-23 18:00:00,4127.0,Investment,7.0,7,Very Satisfied,High,0,0
72,2023-01-23 19:00:00,4271.0,Bill Payment,3.0,4,Unsatisfactory,High,0,0
219,2023-01-23 20:00:00,507.0,Loan Payment,9.0,3,Good Service,Low,0,0
719,2023-01-23 21:00:00,4539.0,Purchase,9.0,10,Needs Improvement,High,0,0
173,2023-01-23 22:00:00,2815.0,Bill Payment,7.0,2,Needs Improvement,Medium,0,0
653,2023-01-23 23:00:00,4942.0,Bill Payment,7.0,7,Needs Improvement,High,0,0
272,2023-01-24 00:00:00,1703.0,Loan Payment,4.0,10,Unsatisfactory,Medium,0,0
726,2023-01-24 01:00:00,4768.0,Loan Payment,3.0,7,Good Service,High,0,0
468,2023-01-24 02:00:00,734.0,Bill Payment,8.0,9,Good Service,Low,0,0
269,2023-01-24 03:00:00,385.0,Loan Payment,2.0,10,Good Service,Low,0,0
20,2023-01-24 04:00:00,4408.0,Loan Payment,9.0,10,Good Service,High,0,0
578,2023-01-24 05:00:00,2462.0,Investment,1.0,7,Excellent,Medium,0,0
995,2023-01-24 06:00:00,3869.0,Loan Payment,8.0,5,Good Service,High,0,0
815,2023-01-24 07:00:00,1696.0,Investment,5.0,5,Very Satisfied,Medium,0,0
503,2023-01-24 08:00:00,4813.0,Bill Payment,8.0,2,Good Service,High,0,0
147,2023-01-24 09:00:00,266.0,Bill Payment,5.0,2,Excellent,Low,1,0
429,2023-01-24 10:00:00,4504.0,Purchase,6.0,4,Needs Improvement,High,1,0
165,2023-01-24 11:00:00,3610.0,Loan Payment,2.0,2,Good Service,Medium,1,0
890,2023-01-24 12:00:00,60.0,Bill Payment,3.0,5,Unsatisfactory,Low,1,0
310,2023-01-24 13:00:00,604.0,Investment,2.0,6,Unsatisfactory,Low,1,0
518,2023-01-24 14:00:00,4923.0,Bill Payment,2.0,6,Good Service,High,1,0
14,2023-01-24 15:00:00,4741.0,Loan Payment,10.0,5,Very Satisfied,High,1,0
132,2023-01-24 16:00:00,3883.0,Purchase,10.0,3,Good Service,High,1,0
854,2023-01-24 17:00:00,2460.0,Purchase,5.0,8,Unsatisfactory,Medium,0,0
755,2023-01-24 18:00:00,1082.0,Bill Payment,10.0,1,Needs Improvement,Low,0,0
439,2023-01-24 19:00:00,1486.0,Purchase,2.0,2,Good Service,Medium,0,0
743,2023-01-24 20:00:00,4880.0,Loan Payment,5.0,8,Unsatisfactory,High,0,0
740,2023-01-24 21:00:00,3030.0,Loan Payment,9.0,6,Good Service,Medium,0,0
674,2023-01-24 22:00:00,1674.0,Purchase,7.0,1,Unsatisfactory,Medium,0,0
795,2023-01-24 23:00:00,4502.0,Investment,10.0,2,Good Service,High,0,0
263,2023-01-25 00:00:00,2740.0,Purchase,9.0,6,Very Satisfied,Medium,0,0
643,2023-01-25 01:00:00,1405.0,Purchase,9.0,9,Needs Improvement,Medium,0,0
943,2023-01-25 02:00:00,3907.0,Bill Payment,8.0,1,Very Satisfied,High,0,0
225,2023-01-25 03:00:00,4634.0,Investment,7.0,5,Unsatisfactory,High,0,0
258,2023-01-25 04:00:00,4790.0,Purchase,4.0,1,Good Service,High,0,0
234,2023-01-25 05:00:00,4055.0,Bill Payment,5.0,10,Needs Improvement,High,0,0
336,2023-01-25 06:00:00,2670.0,Bill Payment,5.0,6,Good Service,Medium,0,0
409,2023-01-25 07:00:00,2243.0,Bill Payment,4.0,7,Good Service,Medium,0,0
828,2023-01-25 08:00:00,3332.0,Loan Payment,4.0,6,Unsatisfactory,Medium,0,0
975,2023-01-25 09:00:00,2460.0,Bill Payment,4.0,5,Excellent,Medium,1,0
24,2023-01-25 10:00:00,4228.0,Bill Payment,2.0,7,Good Service,High,1,0
271,2023-01-25 11:00:00,2111.0,Loan Payment,1.0,3,Excellent,Medium,1,0
95,2023-01-25 12:00:00,1316.0,Loan Payment,8.0,5,Good Service,Medium,1,0
142,2023-01-25 13:00:00,1647.0,Bill Payment,6.0,7,Unsatisfactory,Medium,1,0
694,2023-01-25 14:00:00,1150.0,Purchase,2.0,8,Very Satisfied,Low,1,0
718,2023-01-25 15:00:00,625.0,Investment,7.0,4,Needs Improvement,Low,1,0
902,2023-01-25 16:00:00,4662.0,Loan Payment,1.0,5,Unsatisfactory,High,1,0
974,2023-01-25 17:00:00,4219.0,Investment,5.0,2,Very Satisfied,High,0,0
81,2023-01-25 18:00:00,1576.0,Loan Payment,3.0,8,Very Satisfied,Medium,0,0
274,2023-01-25 19:00:00,986.0,Bill Payment,4.0,5,Excellent,Low,0,0
276,2023-01-25 20:00:00,4806.0,Loan Payment,10.0,5,Good Service,High,0,0
883,2023-01-25 21:00:00,1326.0,Bill Payment,3.0,8,Very Satisfied,Medium,0,0
958,2023-01-25 22:00:00,2349.0,Investment,2.0,9,Very Satisfied,Medium,0,0
465,2023-01-25 23:00:00,4366.0,Purchase,1.0,8,Good Service,High,0,0
208,2023-01-26 00:00:00,2106.0,Bill Payment,2.0,2,Excellent,Medium,0,0
296,2023-01-26 01:00:00,388.0,Investment,2.0,4,Excellent,Low,0,0
39,2023-01-26 02:00:00,3475.0,Investment,1.0,7,Good Service,Medium,0,0
948,2023-01-26 03:00:00,2281.0,Loan Payment,6.0,6,Unsatisfactory,Medium,0,0
288,2023-01-26 04:00:00,1056.0,Bill Payment,3.0,4,Unsatisfactory,Low,0,0
124,2023-01-26 05:00:00,1017.0,Investment,8.0,2,Good Service,Low,0,0
876,2023-01-26 06:00:00,119.0,Purchase,1.0,2,Good Service,Low,0,0
969,2023-01-26 07:00:00,2781.0,Loan Payment,2.0,2,Unsatisfactory,Medium,0,0
283,2023-01-26 08:00:00,3893.0,Loan Payment,6.0,5,Unsatisfactory,High,0,0
878,2023-01-26 09:00:00,2610.0,Investment,2.0,8,Needs Improvement,Medium,1,0
180,2023-01-26 10:00:00,3253.0,Bill Payment,1.0,9,Good Service,Medium,1,0
97,2023-01-26 11:00:00,1015.0,Loan Payment,5.0,8,Unsatisfactory,Low,1,0
191,2023-01-26 12:00:00,7315.0,Bill Payment,7.0,7,Good Service,High,1,0
74,2023-01-26 13:00:00,315.0,Investment,7.0,9,Unsatisfactory,Low,1,0
447,2023-01-26 14:00:00,968.0,Investment,5.0,6,Needs Improvement,Low,1,0
785,2023-01-26 15:00:00,963.0,Bill Payment,8.0,5,Needs Improvement,Low,1,0
497,2023-01-26 16:00:00,2678.0,Purchase,1.0,5,Needs Improvement,Medium,1,0
561,2023-01-26 17:00:00,3548.0,Loan Payment,7.0,7,Needs Improvement,Medium,0,0
484,2023-01-26 18:00:00,2687.0,Investment,5.0,10,Excellent,Medium,0,0
849,2023-01-26 19:00:00,1640.0,Purchase,6.0,2,Unsatisfactory,Medium,0,0
722,2023-01-26 20:00:00,1801.0,Purchase,5.0,4,Good Service,Medium,0,0
116,2023-01-26 21:00:00,2613.0,Bill Payment,7.0,8,Unsatisfactory,Medium,0,0
535,2023-01-26 22:00:00,1981.0,Bill Payment,3.0,2,Good Service,Medium,0,0
98,2023-01-26 23:00:00,76.0,Bill Payment,2.0,9,Very Satisfied,Low,0,0
328,2023-01-27 00:00:00,844.0,Purchase,7.0,2,Excellent,Low,0,0
909,2023-01-27 01:00:00,215.0,Loan Payment,6.0,6,Good Service,Low,0,0
407,2023-01-27 02:00:00,2843.0,Bill Payment,4.0,3,Good Service,Medium,0,0
313,2023-01-27 03:00:00,4260.0,Loan Payment,8.0,6,Needs Improvement,High,0,0
702,2023-01-27 04:00:00,1724.0,Bill Payment,10.0,10,Very Satisfied,Medium,0,0
694,2023-01-27 05:00:00,1542.0,Purchase,2.0,8,Very Satisfied,Medium,0,0
148,2023-01-27 06:00:00,3155.0,Loan Payment,10.0,1,Unsatisfactory,Medium,0,0
342,2023-01-27 07:00:00,3130.0,Loan Payment,3.0,2,Unsatisfactory,Medium,0,0
495,2023-01-27 08:00:00,717.0,Purchase,6.0,7,Good Service,Low,0,0
948,2023-01-27 09:00:00,188.0,Loan Payment,6.0,6,Unsatisfactory,Low,1,0
23,2023-01-27 10:00:00,122.0,Purchase,8.0,6,Good Service,Low,1,0
105,2023-01-27 11:00:00,766.0,Purchase,8.0,4,Good Service,Low,1,0
675,2023-01-27 12:00:00,906.0,Investment,1.0,2,Unsatisfactory,Low,1,0
579,2023-01-27 13:00:00,2878.0,Bill Payment,3.0,5,Needs Improvement,Medium,1,0
802,2023-01-27 14:00:00,168.0,Investment,5.0,7,Needs Improvement,Low,1,0
801,2023-01-27 15:00:00,795.0,Purchase,8.0,7,Unsatisfactory,Low,1,0
558,2023-01-27 16:00:00,1813.0,Purchase,1.0,1,Good Service,Medium,1,0
593,2023-01-27 17:00:00,1849.0,Loan Payment,4.0,8,Excellent,Medium,0,0
941,2023-01-27 18:00:00,3178.0,Purchase,7.0,2,Excellent,Medium,0,0
659,2023-01-27 19:00:00,2308.0,Purchase,5.0,5,Excellent,Medium,0,0
222,2023-01-27 20:00:00,4088.0,Purchase,4.0,4,Unsatisfactory,High,0,0
855,2023-01-27 21:00:00,1552.0,Bill Payment,6.0,6,Unsatisfactory,Medium,0,0
15,2023-01-27 22:00:00,4218.0,Investment,1.0,10,Needs Improvement,High,0,0
891,2023-01-27 23:00:00,4364.0,Investment,3.0,10,Good Service,High,0,0
633,2023-01-28 00:00:00,2164.0,Bill Payment,9.0,5,Good Service,Medium,0,1
78,2023-01-28 01:00:00,584.0,Bill Payment,6.0,4,Excellent,Low,0,1
322,2023-01-28 02:00:00,3048.0,Bill Payment,5.0,1,Good Service,Medium,0,1
807,2023-01-28 03:00:00,1391.0,Investment,7.0,6,Good Service,Medium,0,1
241,2023-01-28 04:00:00,1232.0,Investment,2.0,3,Needs Improvement,Low,0,1
18,2023-01-28 05:00:00,2484.0,Purchase,7.0,9,Unsatisfactory,Medium,0,1
768,2023-01-28 06:00:00,1511.0,Investment,6.0,5,Excellent,Medium,0,1
454,2023-01-28 07:00:00,868.0,Loan Payment,9.0,2,Unsatisfactory,Low,0,1
443,2023-01-28 08:00:00,3584.0,Investment,1.0,2,Good Service,Medium,0,1
928,2023-01-28 09:00:00,3739.0,Bill Payment,6.0,2,Needs Improvement,High,1,1
277,2023-01-28 10:00:00,2975.0,Investment,1.0,4,Good Service,Medium,1,1
424,2023-01-28 11:00:00,3201.0,Purchase,5.0,7,Very Satisfied,Medium,1,1
476,2023-01-28 12:00:00,1606.0,Investment,10.0,1,Good Service,Medium,1,1
27,2023-01-28 13:00:00,1571.0,Bill Payment,6.0,5,Unsatisfactory,Medium,1,1
514,2023-01-28 14:00:00,2532.0,Loan Payment,1.0,8,Very Satisfied,Medium,1,1
865,2023-01-28 15:00:00,2609.0,Bill Payment,2.0,7,Needs Improvement,Medium,1,1
464,2023-01-28 16:00:00,2401.0,Loan Payment,5.0,8,Needs Improvement,Medium,1,1
807,2023-01-28 17:00:00,2685.0,Purchase,7.0,6,Good Service,Medium,0,1
982,2023-01-28 18:00:00,2193.0,Purchase,9.0,8,Unsatisfactory,Medium,0,1
824,2023-01-28 19:00:00,286.0,Investment,8.0,9,Very Satisfied,Low,0,1
363,2023-01-28 20:00:00,3892.0,Purchase,2.0,6,Needs Improvement,High,0,1
383,2023-01-28 21:00:00,3614.0,Purchase,7.0,10,Unsatisfactory,Medium,0,1
751,2023-01-28 22:00:00,2088.0,Bill Payment,10.0,10,Unsatisfactory,Medium,0,1
525,2023-01-28 23:00:00,4352.0,Bill Payment,7.0,1,Excellent,High,0,1
382,2023-01-29 00:00:00,4516.0,Investment,10.0,4,Unsatisfactory,High,0,1
184,2023-01-29 01:00:00,4087.0,Investment,3.0,5,Unsatisfactory,High,0,1
194,2023-01-29 02:00:00,4178.0,Investment,3.0,7,Good Service,High,0,1
462,2023-01-29 03:00:00,1130.0,Investment,8.0,3,Good Service,Low,0,1
56,2023-01-29 04:00:00,2460.0,Bill Payment,7.0,6,Good Service,Medium,0,1
230,2023-01-29 05:00:00,2533.0,Investment,2.0,2,Good Service,Medium,0,1
489,2023-01-29 06:00:00,3380.0,Investment,9.0,6,Unsatisfactory,Medium,0,1
28,2023-01-29 07:00:00,4392.0,Purchase,6.0,2,Good Service,High,0,1
832,2023-01-29 08:00:00,1918.0,Investment,5.0,6,Unsatisfactory,Medium,0,1
583,2023-01-29 09:00:00,3530.0,Loan Payment,10.0,3,Very Satisfied,Medium,1,1
722,2023-01-29 10:00:00,4317.0,Purchase,5.0,4,Good Service,High,1,1
960,2023-01-29 11:00:00,4506.0,Bill Payment,4.0,8,Very Satisfied,High,1,1
184,2023-01-29 12:00:00,4760.0,Loan Payment,3.0,5,Unsatisfactory,High,1,1
425,2023-01-29 13:00:00,3115.0,Investment,5.0,4,Unsatisfactory,Medium,1,1
375,2023-01-29 14:00:00,507.0,Purchase,7.0,7,Unsatisfactory,Low,1,1
868,2023-01-29 15:00:00,3597.0,Investment,8.0,8,Good Service,Medium,1,1
41,2023-01-29 16:00:00,4203.0,Purchase,3.0,10,Excellent,High,1,1
484,2023-01-29 17:00:00,2423.0,Investment,5.0,10,Excellent,Medium,0,1
260,2023-01-29 18:00:00,3810.0,Loan Payment,3.0,1,Good Service,High,0,1
441,2023-01-29 19:00:00,472.0,Bill Payment,5.0,3,Good Service,Low,0,1
926,2023-01-29 20:00:00,2770.0,Loan Payment,6.0,5,Unsatisfactory,Medium,0,1
856,2023-01-29 21:00:00,3467.0,Loan Payment,5.0,3,Very Satisfied,Medium,0,1
84,2023-01-29 22:00:00,282.0,Bill Payment,2.0,5,Very Satisfied,Low,0,1
46,2023-01-29 23:00:00,1160.0,Purchase,6.0,1,Good Service,Low,0,1
440,2023-01-30 00:00:00,3399.0,Purchase,7.0,6,Good Service,Medium,0,0
671,2023-01-30 01:00:00,28.0,Bill Payment,9.0,3,Needs Improvement,Low,0,0
856,2023-01-30 02:00:00,1626.0,Investment,5.0,3,Very Satisfied,Medium,0,0
519,2023-01-30 03:00:00,3188.0,Purchase,9.0,5,Needs Improvement,Medium,0,0
986,2023-01-30 04:00:00,4091.0,Loan Payment,5.0,3,Excellent,High,0,0
845,2023-01-30 05:00:00,421.0,Bill Payment,4.0,8,Needs Improvement,Low,0,0
438,2023-01-30 06:00:00,751.0,Loan Payment,9.0,8,Unsatisfactory,Low,0,0
136,2023-01-30 07:00:00,2681.0,Purchase,5.0,2,Needs Improvement,Medium,0,0
183,2023-01-30 08:00:00,2789.0,Bill Payment,4.0,8,Needs Improvement,Medium,0,0
709,2023-01-30 09:00:00,2634.0,Bill Payment,7.0,3,Unsatisfactory,Medium,1,0
172,2023-01-30 10:00:00,524.0,Purchase,10.0,2,Excellent,Low,1,0
909,2023-01-30 11:00:00,216.0,Purchase,6.0,6,Good Service,Low,1,0
861,2023-01-30 12:00:00,957.0,Bill Payment,6.0,4,Needs Improvement,Low,1,0
788,2023-01-30 13:00:00,2451.0,Investment,4.0,7,Unsatisfactory,Medium,1,0
590,2023-01-30 14:00:00,1838.0,Bill Payment,6.0,10,Excellent,Medium,1,0
928,2023-01-30 15:00:00,3608.0,Investment,6.0,2,Needs Improvement,Medium,1,0
956,2023-01-30 16:00:00,2177.0,Loan Payment,5.0,3,Needs Improvement,Medium,1,0
690,2023-01-30 17:00:00,1666.0,Investment,10.0,7,Very Satisfied,Medium,0,0
539,2023-01-30 18:00:00,611.0,Investment,8.0,6,Very Satisfied,Low,0,0
120,2023-01-30 19:00:00,721.0,Purchase,4.0,2,Good Service,Low,0,0
281,2023-01-30 20:00:00,1213.0,Bill Payment,8.0,7,Needs Improvement,Low,0,0
308,2023-01-30 21:00:00,1401.0,Loan Payment,1.0,5,Unsatisfactory,Medium,0,0
708,2023-01-30 22:00:00,2706.0,Bill Payment,8.0,7,Very Satisfied,Medium,0,0
277,2023-01-30 23:00:00,3282.0,Investment,1.0,4,Good Service,Medium,0,0
530,2023-01-31 00:00:00,4935.0,Investment,10.0,10,Good Service,High,0,0
295,2023-01-31 01:00:00,3141.0,Investment,1.0,9,Excellent,Medium,0,0
783,2023-01-31 02:00:00,3740.0,Bill Payment,10.0,1,Needs Improvement,High,0,0
53,2023-01-31 03:00:00,2676.0,Investment,6.0,1,Needs Improvement,Medium,0,0
806,2023-01-31 04:00:00,559.0,Bill Payment,8.0,3,Good Service,Low,0,0
432,2023-01-31 05:00:00,4751.0,Loan Payment,8.0,3,Needs Improvement,High,0,0
52,2023-01-31 06:00:00,3992.0,Loan Payment,6.0,7,Good Service,High,0,0
728,2023-01-31 07:00:00,1254.0,Bill Payment,6.0,2,Unsatisfactory,Low,0,0
72,2023-01-31 08:00:00,3896.0,Loan Payment,3.0,4,Unsatisfactory,High,0,0
28,2023-01-31 09:00:00,4022.0,Purchase,6.0,2,Good Service,High,1,0
469,2023-01-31 10:00:00,2559.0,Investment,6.0,10,Needs Improvement,Medium,1,0
912,2023-01-31 11:00:00,3214.0,Investment,6.0,8,Very Satisfied,Medium,1,0
764,2023-01-31 12:00:00,855.0,Investment,8.0,6,Good Service,Low,1,0
886,2023-01-31 13:00:00,4555.0,Purchase,6.0,10,Good Service,High,1,0
912,2023-01-31 14:00:00,53.0,Investment,6.0,8,Very Satisfied,Low,1,0
547,2023-01-31 15:00:00,668.0,Bill Payment,8.0,2,Very Satisfied,Low,1,0
401,2023-01-31 16:00:00,4833.0,Investment,3.0,1,Good Service,High,1,0
201,2023-01-31 17:00:00,3940.0,Bill Payment,6.0,6,Needs Improvement,High,0,0
761,2023-01-31 18:00:00,2877.0,Loan Payment,7.0,7,Good Service,Medium,0,0
611,2023-01-31 19:00:00,3657.0,Bill Payment,8.0,10,Needs Improvement,Medium,0,0
820,2023-01-31 20:00:00,2792.0,Bill Payment,2.0,8,Needs Improvement,Medium,0,0
989,2023-01-31 21:00:00,1701.0,Bill Payment,1.0,1,Unsatisfactory,Medium,0,0
999,2023-01-31 22:00:00,2235.0,Investment,10.0,9,Good Service,Medium,0,0
466,2023-01-31 23:00:00,3076.0,Purchase,9.0,10,Unsatisfactory,Medium,0,0
652,2023-02-01 00:00:00,1957.0,Purchase,7.0,9,Good Service,Medium,0,0
595,2023-02-01 01:00:00,1375.0,Bill Payment,1.0,3,Needs Improvement,Medium,0,0
560,2023-02-01 02:00:00,3140.0,Investment,4.0,8,Good Service,Medium,0,0
790,2023-02-01 03:00:00,4543.0,Purchase,2.0,4,Unsatisfactory,High,0,0
379,2023-02-01 04:00:00,4531.0,Loan Payment,3.0,7,Very Satisfied,High,0,0
760,2023-02-01 05:00:00,977.0,Loan Payment,3.0,5,Unsatisfactory,Low,0,0
895,2023-02-01 06:00:00,1414.0,Investment,10.0,2,Unsatisfactory,Medium,0,0
177,2023-02-01 07:00:00,495.0,Loan Payment,8.0,4,Needs Improvement,Low,0,0
52,2023-02-01 08:00:00,1765.0,Loan Payment,6.0,7,Good Service,Medium,0,0
79,2023-02-01 09:00:00,3640.0,Loan Payment,8.0,7,Good Service,Medium,1,0
385,2023-02-01 10:00:00,2978.0,Purchase,10.0,4,Needs Improvement,Medium,1,0
834,2023-02-01 11:00:00,1589.0,Loan Payment,6.0,3,Unsatisfactory,Medium,1,0
576,2023-02-01 12:00:00,2805.0,Bill Payment,4.0,3,Unsatisfactory,Medium,1,0
8,2023-02-01 13:00:00,60.0,Bill Payment,7.0,5,Needs Improvement,Low,1,0
214,2023-02-01 14:00:00,1669.0,Loan Payment,8.0,1,Needs Improvement,Medium,1,0
25,2023-02-01 15:00:00,4310.0,Bill Payment,1.0,8,Good Service,High,1,0
450,2023-02-01 16:00:00,2797.0,Purchase,7.0,10,Very Satisfied,Medium,1,0
768,2023-02-01 17:00:00,4638.0,Investment,6.0,5,Excellent,High,0,0
755,2023-02-01 18:00:00,2165.0,Bill Payment,10.0,1,Needs Improvement,Medium,0,0
969,2023-02-01 19:00:00,4356.0,Loan Payment,2.0,2,Unsatisfactory,High,0,0
457,2023-02-01 20:00:00,4240.0,Investment,7.0,8,Good Service,High,0,0
461,2023-02-01 21:00:00,3171.0,Investment,9.0,8,Excellent,Medium,0,0
198,2023-02-01 22:00:00,1624.0,Loan Payment,10.0,7,Needs Improvement,Medium,0,0
94,2023-02-01 23:00:00,2746.0,Bill Payment,1.0,8,Good Service,Medium,0,0
719,2023-02-02 00:00:00,416.0,Purchase,9.0,10,Needs Improvement,Low,0,0
947,2023-02-02 01:00:00,3389.0,Bill Payment,7.0,10,Good Service,Medium,0,0
437,2023-02-02 02:00:00,4207.0,Bill Payment,6.0,1,Very Satisfied,High,0,0
527,2023-02-02 03:00:00,1394.0,Purchase,9.0,2,Very Satisfied,Medium,0,0
690,2023-02-02 04:00:00,3705.0,Investment,10.0,7,Very Satisfied,High,0,0
967,2023-02-02 05:00:00,4509.0,Purchase,5.0,2,Very Satisfied,High,0,0
378,2023-02-02 06:00:00,4919.0,Purchase,5.0,4,Good Service,High,0,0
587,2023-02-02 07:00:00,2912.0,Loan Payment,4.0,2,Needs Improvement,Medium,0,0
104,2023-02-02 08:00:00,1639.0,Loan Payment,8.0,5,Good Service,Medium,0,0
806,2023-02-02 09:00:00,3272.0,Bill Payment,8.0,3,Good Service,Medium,1,0
680,2023-02-02 10:00:00,1036.0,Loan Payment,4.0,5,Good Service,Low,1,0
962,2023-02-02 11:00:00,2999.0,Purchase,7.0,9,Very Satisfied,Medium,1,0
627,2023-02-02 12:00:00,2234.0,Purchase,4.0,5,Very Satisfied,Medium,1,0
39,2023-02-02 13:00:00,2930.0,Loan Payment,1.0,7,Good Service,Medium,1,0
458,2023-02-02 14:00:00,4325.0,Loan Payment,7.0,8,Needs Improvement,High,1,0
364,2023-02-02 15:00:00,4278.0,Loan Payment,3.0,4,Good Service,High,1,0
785,2023-02-02 16:00:00,2793.0,Purchase,8.0,5,Needs Improvement,Medium,1,0
135,2023-02-02 17:00:00,1423.0,Investment,4.0,5,Excellent,Medium,0,0
374,2023-02-02 18:00:00,4607.0,Investment,7.0,8,Needs Improvement,High,0,0
232,2023-02-02 19:00:00,3658.0,Loan Payment,2.0,6,Very Satisfied,Medium,0,0
39,2023-02-02 20:00:00,2818.0,Bill Payment,1.0,7,Good Service,Medium,0,0
964,2023-02-02 21:00:00,3341.0,Bill Payment,6.0,4,Very Satisfied,Medium,0,0
803,2023-02-02 22:00:00,2188.0,Investment,3.0,1,Good Service,Medium,0,0
819,2023-02-02 23:00:00,807.0,Loan Payment,5.0,8,Unsatisfactory,Low,0,0
47,2023-02-03 00:00:00,2856.0,Purchase,7.0,6,Unsatisfactory,Medium,0,0
36,2023-02-03 01:00:00,939.0,Bill Payment,9.0,8,Very Satisfied,Low,0,0
832,2023-02-03 02:00:00,4828.0,Bill Payment,5.0,6,Unsatisfactory,High,0,0
95,2023-02-03 03:00:00,3101.0,Purchase,8.0,5,Good Service,Medium,0,0
985,2023-02-03 04:00:00,2272.0,Purchase,3.0,10,Very Satisfied,Medium,0,0
361,2023-02-03 05:00:00,1343.0,Loan Payment,4.0,2,Good Service,Medium,0,0
525,2023-02-03 06:00:00,1284.0,Purchase,7.0,1,Excellent,Medium,0,0
146,2023-02-03 07:00:00,4593.0,Purchase,4.0,8,Unsatisfactory,High,0,0
917,2023-02-03 08:00:00,3490.0,Purchase,6.0,7,Needs Improvement,Medium,0,0
368,2023-02-03 09:00:00,3352.0,Investment,2.0,2,Good Service,Medium,1,0
65,2023-02-03 10:00:00,1227.0,Purchase,8.0,5,Needs Improvement,Low,1,0
228,2023-02-03 11:00:00,1474.0,Bill Payment,8.0,1,Needs Improvement,Medium,1,0
754,2023-02-03 12:00:00,4418.0,Loan Payment,7.0,6,Excellent,High,1,0
520,2023-02-03 13:00:00,4184.0,Loan Payment,5.0,2,Very Satisfied,High,1,0
816,2023-02-03 14:00:00,4780.0,Loan Payment,8.0,10,Needs Improvement,High,1,0
853,2023-02-03 15:00:00,23.0,Investment,8.0,10,Good Service,Low,1,0
555,2023-02-03 16:00:00,2303.0,Bill Payment,10.0,5,Very Satisfied,Medium,1,0
756,2023-02-03 17:00:00,2055.0,Purchase,2.0,8,Needs Improvement,Medium,0,0
181,2023-02-03 18:00:00,1047.0,Bill Payment,2.0,9,Good Service,Low,0,0
501,2023-02-03 19:00:00,4138.0,Loan Payment,1.0,1,Good Service,High,0,0
597,2023-02-03 20:00:00,1469.0,Purchase,3.0,6,Needs Improvement,Medium,0,0
155,2023-02-03 21:00:00,266.0,Loan Payment,3.0,1,Needs Improvement,Low,0,0
787,2023-02-03 22:00:00,4139.0,Loan Payment,2.0,2,Needs Improvement,High,0,0
535,2023-02-03 23:00:00,4083.0,Loan Payment,3.0,2,Good Service,High,0,0
627,2023-02-04 00:00:00,1293.0,Bill Payment,4.0,5,Very Satisfied,Medium,0,1
818,2023-02-04 01:00:00,3497.0,Bill Payment,9.0,1,Good Service,Medium,0,1
435,2023-02-04 02:00:00,2194.0,Loan Payment,4.0,3,Very Satisfied,Medium,0,1
811,2023-02-04 03:00:00,368.0,Loan Payment,6.0,8,Good Service,Low,0,1
99,2023-02-04 04:00:00,3801.0,Purchase,5.0,1,Good Service,High,0,1
616,2023-02-04 05:00:00,4859.0,Loan Payment,7.0,6,Excellent,High,0,1
372,2023-02-04 06:00:00,3197.0,Loan Payment,4.0,9,Needs Improvement,Medium,0,1
563,2023-02-04 07:00:00,4509.0,Loan Payment,8.0,8,Good Service,High,0,1
362,2023-02-04 08:00:00,1235.0,Loan Payment,5.0,3,Excellent,Low,0,1
112,2023-02-04 09:00:00,2307.0,Bill Payment,10.0,3,Very Satisfied,Medium,1,1
453,2023-02-04 10:00:00,287.0,Loan Payment,7.0,9,Good Service,Low,1,1
756,2023-02-04 11:00:00,4217.0,Investment,2.0,8,Needs Improvement,High,1,1
169,2023-02-04 12:00:00,1996.0,Loan Payment,7.0,2,Good Service,Medium,1,1
584,2023-02-04 13:00:00,3554.0,Bill Payment,2.0,7,Very Satisfied,Medium,1,1
139,2023-02-04 14:00:00,2803.0,Investment,4.0,10,Needs Improvement,Medium,1,1
848,2023-02-04 15:00:00,401.0,Investment,8.0,6,Unsatisfactory,Low,1,1
231,2023-02-04 16:00:00,978.0,Loan Payment,5.0,10,Unsatisfactory,Low,1,1
239,2023-02-04 17:00:00,2200.0,Loan Payment,4.0,4,Good Service,Medium,0,1
984,2023-02-04 18:00:00,2238.0,Bill Payment,7.0,10,Unsatisfactory,Medium,0,1
253,2023-02-04 19:00:00,2636.0,Investment,8.0,3,Needs Improvement,Medium,0,1
981,2023-02-04 20:00:00,2855.0,Investment,9.0,1,Unsatisfactory,Medium,0,1
436,2023-02-04 21:00:00,4374.0,Bill Payment,7.0,9,Good Service,High,0,1
919,2023-02-04 22:00:00,3317.0,Loan Payment,2.0,10,Good Service,Medium,0,1
561,2023-02-04 23:00:00,2610.0,Purchase,7.0,7,Needs Improvement,Medium,0,1
422,2023-02-05 00:00:00,2690.0,Purchase,8.0,7,Excellent,Medium,0,1
303,2023-02-05 01:00:00,4380.0,Investment,5.0,4,Good Service,High,0,1
72,2023-02-05 02:00:00,4848.0,Investment,3.0,4,Unsatisfactory,High,0,1
263,2023-02-05 03:00:00,95.0,Loan Payment,9.0,6,Very Satisfied,Low,0,1
834,2023-02-05 04:00:00,3144.0,Purchase,6.0,3,Unsatisfactory,Medium,0,1
222,2023-02-05 05:00:00,4509.0,Investment,4.0,4,Unsatisfactory,High,0,1
77,2023-02-05 06:00:00,2249.0,Loan Payment,9.0,5,Good Service,Medium,0,1
62,2023-02-05 07:00:00,3374.0,Purchase,8.0,5,Good Service,Medium,0,1
471,2023-02-05 08:00:00,2055.0,Bill Payment,6.0,8,Needs Improvement,Medium,0,1
157,2023-02-05 09:00:00,1064.0,Investment,7.0,2,Unsatisfactory,Low,1,1
806,2023-02-05 10:00:00,3411.0,Bill Payment,8.0,3,Good Service,Medium,1,1
125,2023-02-05 11:00:00,3739.0,Purchase,2.0,1,Needs Improvement,High,1,1
741,2023-02-05 12:00:00,2679.0,Loan Payment,7.0,9,Good Service,Medium,1,1
852,2023-02-05 13:00:00,285.0,Loan Payment,3.0,5,Excellent,Low,1,1
161,2023-02-05 14:00:00,4756.0,Purchase,5.0,2,Good Service,High,1,1
541,2023-02-05 15:00:00,4100.0,Bill Payment,2.0,8,Needs Improvement,High,1,1
626,2023-02-05 16:00:00,1115.0,Loan Payment,8.0,2,Good Service,Low,1,1
591,2023-02-05 17:00:00,4691.0,Investment,5.0,4,Good Service,High,0,1
535,2023-02-05 18:00:00,2460.0,Bill Payment,3.0,2,Good Service,Medium,0,1
106,2023-02-05 19:00:00,138.0,Bill Payment,1.0,7,Excellent,Low,0,1
131,2023-02-05 20:00:00,4361.0,Investment,8.0,7,Needs Improvement,High,0,1
357,2023-02-05 21:00:00,4336.0,Purchase,10.0,9,Needs Improvement,High,0,1
989,2023-02-05 22:00:00,3578.0,Loan Payment,1.0,1,Unsatisfactory,Medium,0,1
685,2023-02-05 23:00:00,2412.0,Bill Payment,4.0,7,Good Service,Medium,0,1
776,2023-02-06 00:00:00,1657.0,Loan Payment,5.0,6,Needs Improvement,Medium,0,0
854,2023-02-06 01:00:00,3566.0,Loan Payment,5.0,8,Unsatisfactory,Medium,0,0
885,2023-02-06 02:00:00,3901.0,Bill Payment,7.0,9,Needs Improvement,High,0,0
797,2023-02-06 03:00:00,2203.0,Purchase,2.0,4,Very Satisfied,Medium,0,0
2,2023-02-06 04:00:00,2057.0,Bill Payment,3.0,3,Very Satisfied,Medium,0,0
233,2023-02-06 05:00:00,3114.0,Purchase,10.0,6,Unsatisfactory,Medium,0,0
369,2023-02-06 06:00:00,4365.0,Investment,1.0,6,Very Satisfied,High,0,0
251,2023-02-06 07:00:00,2144.0,Purchase,10.0,2,Unsatisfactory,Medium,0,0
946,2023-02-06 08:00:00,852.0,Purchase,10.0,7,Unsatisfactory,Low,0,0
833,2023-02-06 09:00:00,1981.0,Bill Payment,2.0,8,Very Satisfied,Medium,1,0
108,2023-02-06 10:00:00,4370.0,Loan Payment,2.0,3,Unsatisfactory,High,1,0
276,2023-02-06 11:00:00,3913.0,Loan Payment,10.0,5,Good Service,High,1,0
180,2023-02-06 12:00:00,3623.0,Purchase,1.0,9,Good Service,Medium,1,0
725,2023-02-06 13:00:00,401.0,Purchase,10.0,5,Unsatisfactory,Low,1,0
293,2023-02-06 14:00:00,2289.0,Bill Payment,8.0,4,Needs Improvement,Medium,1,0
584,2023-02-06 15:00:00,2460.0,Purchase,2.0,7,Very Satisfied,Medium,1,0
795,2023-02-06 16:00:00,4693.0,Bill Payment,10.0,2,Good Service,High,1,0
175,2023-02-06 17:00:00,2504.0,Investment,7.0,7,Good Service,Medium,0,0
123,2023-02-06 18:00:00,1162.0,Purchase,2.0,4,Good Service,Low,0,0
227,2023-02-06 19:00:00,1304.0,Investment,6.0,7,Very Satisfied,Medium,0,0
902,2023-02-06 20:00:00,475.0,Purchase,1.0,5,Unsatisfactory,Low,0,0
444,2023-02-06 21:00:00,2185.0,Purchase,10.0,4,Unsatisfactory,Medium,0,0
813,2023-02-06 22:00:00,3255.0,Investment,8.0,3,Unsatisfactory,Medium,0,0
428,2023-02-06 23:00:00,497.0,Investment,4.0,4,Unsatisfactory,Low,0,0
83,2023-02-07 00:00:00,2948.0,Bill Payment,6.0,2,Good Service,Medium,0,0
765,2023-02-07 01:00:00,2636.0,Bill Payment,6.0,4,Excellent,Medium,0,0
658,2023-02-07 02:00:00,2460.0,Investment,1.0,10,Needs Improvement,Medium,0,0
632,2023-02-07 03:00:00,4511.0,Purchase,2.0,6,Good Service,High,0,0
65,2023-02-07 04:00:00,1059.0,Bill Payment,8.0,5,Needs Improvement,Low,0,0
281,2023-02-07 05:00:00,4085.0,Purchase,8.0,7,Needs Improvement,High,0,0
795,2023-02-07 06:00:00,4469.0,Loan Payment,10.0,2,Good Service,High,0,0
391,2023-02-07 07:00:00,1400.0,Bill Payment,8.0,8,Good Service,Medium,0,0
428,2023-02-07 08:00:00,1093.0,Bill Payment,4.0,4,Unsatisfactory,Low,0,0
618,2023-02-07 09:00:00,4656.0,Bill Payment,7.0,4,Very Satisfied,High,1,0
925,2023-02-07 10:00:00,1668.0,Loan Payment,1.0,6,Unsatisfactory,Medium,1,0
991,2023-02-07 11:00:00,4397.0,Investment,9.0,7,Needs Improvement,High,1,0
812,2023-02-07 12:00:00,1827.0,Purchase,2.0,4,Needs Improvement,Medium,1,0
107,2023-02-07 13:00:00,200.0,Loan Payment,10.0,6,Unsatisfactory,Low,1,0
548,2023-02-07 14:00:00,470.0,Investment,6.0,10,Needs Improvement,Low,1,0
659,2023-02-07 15:00:00,2531.0,Bill Payment,5.0,5,Excellent,Medium,1,0
262,2023-02-07 16:00:00,3486.0,Investment,10.0,8,Excellent,Medium,1,0
921,2023-02-07 17:00:00,2715.0,Investment,1.0,5,Good Service,Medium,0,0
159,2023-02-07 18:00:00,4376.0,Investment,1.0,3,Good Service,High,0,0
265,2023-02-07 19:00:00,1167.0,Purchase,2.0,6,Needs Improvement,Low,0,0
468,2023-02-07 20:00:00,4276.0,Investment,8.0,9,Good Service,High,0,0
202,2023-02-07 21:00:00,37.0,Investment,2.0,3,Good Service,Low,0,0
933,2023-02-07 22:00:00,4241.0,Investment,7.0,7,Unsatisfactory,High,0,0
155,2023-02-07 23:00:00,2982.0,Investment,3.0,1,Needs Improvement,Medium,0,0
13,2023-02-08 00:00:00,3034.0,Loan Payment,7.0,5,Very Satisfied,Medium,0,0
297,2023-02-08 01:00:00,4993.0,Loan Payment,1.0,4,Good Service,High,0,0
896,2023-02-08 02:00:00,1274.0,Investment,5.0,2,Needs Improvement,Medium,0,0
834,2023-02-08 03:00:00,865.0,Investment,6.0,3,Unsatisfactory,Low,0,0
498,2023-02-08 04:00:00,4035.0,Investment,8.0,4,Excellent,High,0,0
597,2023-02-08 05:00:00,1261.0,Bill Payment,3.0,6,Needs Improvement,Medium,0,0
993,2023-02-08 06:00:00,4614.0,Investment,1.0,2,Good Service,High,0,0
792,2023-02-08 07:00:00,3880.0,Investment,6.0,1,Very Satisfied,High,0,0
245,2023-02-08 08:00:00,1336.0,Loan Payment,5.0,9,Good Service,Medium,0,0
300,2023-02-08 09:00:00,1035.0,Loan Payment,7.0,5,Unsatisfactory,Low,1,0
362,2023-02-08 10:00:00,371.0,Loan Payment,5.0,3,Excellent,Low,1,0
354,2023-02-08 11:00:00,1228.0,Purchase,9.0,8,Unsatisfactory,Low,1,0
828,2023-02-08 12:00:00,615.0,Bill Payment,4.0,6,Unsatisfactory,Low,1,0
521,2023-02-08 13:00:00,1680.0,Investment,7.0,10,Good Service,Medium,1,0
386,2023-02-08 14:00:00,4821.0,Loan Payment,4.0,10,Unsatisfactory,High,1,0
759,2023-02-08 15:00:00,2307.0,Purchase,10.0,9,Very Satisfied,Medium,1,0
312,2023-02-08 16:00:00,2204.0,Investment,5.0,3,Needs Improvement,Medium,1,0
414,2023-02-08 17:00:00,4453.0,Investment,3.0,1,Good Service,High,0,0
278,2023-02-08 18:00:00,1287.0,Loan Payment,7.0,3,Good Service,Medium,0,0
750,2023-02-08 19:00:00,408.0,Investment,8.0,3,Excellent,Low,0,0
715,2023-02-08 20:00:00,2182.0,Investment,1.0,6,Needs Improvement,Medium,0,0
759,2023-02-08 21:00:00,2820.0,Investment,10.0,9,Very Satisfied,Medium,0,0
747,2023-02-08 22:00:00,2662.0,Loan Payment,8.0,1,Unsatisfactory,Medium,0,0
593,2023-02-08 23:00:00,2949.0,Purchase,4.0,8,Excellent,Medium,0,0
356,2023-02-09 00:00:00,831.0,Investment,9.0,2,Good Service,Low,0,0
525,2023-02-09 01:00:00,954.0,Purchase,7.0,1,Excellent,Low,0,0
839,2023-02-09 02:00:00,3488.0,Investment,5.0,5,Very Satisfied,Medium,0,0
16,2023-02-09 03:00:00,2789.0,Loan Payment,7.0,2,Excellent,Medium,0,0
993,2023-02-09 04:00:00,4439.0,Purchase,1.0,2,Good Service,High,0,0
45,2023-02-09 05:00:00,4460.0,Loan Payment,4.0,3,Needs Improvement,High,0,0
321,2023-02-09 06:00:00,1206.0,Bill Payment,3.0,7,Good Service,Low,0,0
651,2023-02-09 07:00:00,1222.0,Investment,3.0,6,Very Satisfied,Low,0,0
326,2023-02-09 08:00:00,833.0,Bill Payment,6.0,1,Unsatisfactory,Low,0,0
148,2023-02-09 09:00:00,1906.0,Bill Payment,10.0,1,Unsatisfactory,Medium,1,0
355,2023-02-09 10:00:00,4273.0,Bill Payment,2.0,6,Very Satisfied,High,1,0
236,2023-02-09 11:00:00,2425.0,Investment,6.0,6,Unsatisfactory,Medium,1,0
703,2023-02-09 12:00:00,545.0,Loan Payment,6.0,7,Good Service,Low,1,0
613,2023-02-09 13:00:00,3020.0,Bill Payment,1.0,10,Needs Improvement,Medium,1,0
105,2023-02-09 14:00:00,2637.0,Purchase,8.0,4,Good Service,Medium,1,0
474,2023-02-09 15:00:00,3787.0,Investment,8.0,4,Good Service,High,1,0
762,2023-02-09 16:00:00,959.0,Loan Payment,4.0,4,Very Satisfied,Low,1,0
396,2023-02-09 17:00:00,3518.0,Loan Payment,10.0,2,Needs Improvement,Medium,0,0
446,2023-02-09 18:00:00,4312.0,Bill Payment,1.0,9,Very Satisfied,High,0,0
606,2023-02-09 19:00:00,553.0,Investment,7.0,3,Needs Improvement,Low,0,0
220,2023-02-09 20:00:00,3910.0,Bill Payment,4.0,8,Unsatisfactory,High,0,0
987,2023-02-09 21:00:00,3763.0,Purchase,7.0,8,Unsatisfactory,High,0,0
810,2023-02-09 22:00:00,4234.0,Loan Payment,6.0,4,Needs Improvement,High,0,0
851,2023-02-09 23:00:00,2092.0,Loan Payment,6.0,5,Good Service,Medium,0,0
965,2023-02-10 00:00:00,2876.0,Investment,7.0,2,Very Satisfied,Medium,0,0
442,2023-02-10 01:00:00,2256.0,Loan Payment,7.0,7,Unsatisfactory,Medium,0,0
645,2023-02-10 02:00:00,1846.0,Investment,3.0,6,Needs Improvement,Medium,0,0
873,2023-02-10 03:00:00,86.0,Bill Payment,7.0,1,Unsatisfactory,Low,0,0
667,2023-02-10 04:00:00,378.0,Purchase,4.0,5,Excellent,Low,0,0
28,2023-02-10 05:00:00,4631.0,Investment,6.0,2,Good Service,High,0,0
794,2023-02-10 06:00:00,358.0,Bill Payment,4.0,6,Excellent,Low,0,0
475,2023-02-10 07:00:00,4611.0,Purchase,6.0,5,Very Satisfied,High,0,0
628,2023-02-10 08:00:00,4748.0,Loan Payment,8.0,7,Needs Improvement,High,0,0
305,2023-02-10 09:00:00,4343.0,Purchase,8.0,3,Excellent,High,1,0
746,2023-02-10 10:00:00,1465.0,Purchase,4.0,9,Very Satisfied,Medium,1,0
405,2023-02-10 11:00:00,2195.0,Purchase,8.0,8,Needs Improvement,Medium,1,0
513,2023-02-10 12:00:00,3821.0,Loan Payment,4.0,9,Good Service,High,1,0
502,2023-02-10 13:00:00,3282.0,Investment,3.0,6,Good Service,Medium,1,0
348,2023-02-10 14:00:00,3692.0,Investment,6.0,8,Unsatisfactory,High,1,0
240,2023-02-10 15:00:00,1856.0,Purchase,3.0,6,Needs Improvement,Medium,1,0
570,2023-02-10 16:00:00,2460.0,Bill Payment,9.0,3,Good Service,Medium,1,0
847,2023-02-10 17:00:00,2995.0,Bill Payment,1.0,1,Excellent,Medium,0,0
695,2023-02-10 18:00:00,4460.0,Purchase,8.0,5,Needs Improvement,High,0,0
337,2023-02-10 19:00:00,2635.0,Purchase,4.0,2,Good Service,Medium,0,0
26,2023-02-10 20:00:00,2904.0,Bill Payment,7.0,10,Good Service,Medium,0,0
980,2023-02-10 21:00:00,568.0,Purchase,1.0,1,Good Service,Low,0,0
409,2023-02-10 22:00:00,2906.0,Purchase,4.0,7,Good Service,Medium,0,0
77,2023-02-10 23:00:00,1927.0,Investment,9.0,5,Good Service,Medium,0,0
929,2023-02-11 00:00:00,1264.0,Investment,6.0,7,Very Satisfied,Medium,0,1
217,2023-02-11 01:00:00,1691.0,Purchase,2.0,7,Excellent,Medium,0,1
328,2023-02-11 02:00:00,1824.0,Purchase,7.0,2,Excellent,Medium,0,1
837,2023-02-11 03:00:00,672.0,Loan Payment,6.0,7,Very Satisfied,Low,0,1
774,2023-02-11 04:00:00,4126.0,Investment,7.0,10,Good Service,High,0,1
23,2023-02-11 05:00:00,3335.0,Purchase,8.0,6,Good Service,Medium,0,1
756,2023-02-11 06:00:00,1251.0,Loan Payment,2.0,8,Needs Improvement,Low,0,1
670,2023-02-11 07:00:00,3153.0,Loan Payment,5.0,8,Very Satisfied,Medium,0,1
718,2023-02-11 08:00:00,3047.0,Loan Payment,7.0,4,Needs Improvement,Medium,0,1
310,2023-02-11 09:00:00,171.0,Loan Payment,2.0,6,Unsatisfactory,Low,1,1
599,2023-02-11 10:00:00,4235.0,Investment,5.0,7,Unsatisfactory,High,1,1
267,2023-02-11 11:00:00,1960.0,Loan Payment,1.0,4,Good Service,Medium,1,1
415,2023-02-11 12:00:00,4330.0,Investment,5.0,5,Excellent,High,1,1
646,2023-02-11 13:00:00,1791.0,Loan Payment,7.0,3,Good Service,Medium,1,1
267,2023-02-11 14:00:00,4685.0,Loan Payment,1.0,4,Good Service,High,1,1
333,2023-02-11 15:00:00,1487.0,Bill Payment,3.0,9,Needs Improvement,Medium,1,1
780,2023-02-11 16:00:00,3040.0,Investment,4.0,7,Very Satisfied,Medium,1,1
450,2023-02-11 17:00:00,3996.0,Bill Payment,7.0,10,Very Satisfied,High,0,1
565,2023-02-11 18:00:00,116.0,Bill Payment,7.0,10,Unsatisfactory,Low,0,1
611,2023-02-11 19:00:00,2678.0,Loan Payment,8.0,10,Needs Improvement,Medium,0,1
247,2023-02-11 20:00:00,4945.0,Investment,1.0,4,Very Satisfied,High,0,1
36,2023-02-11 21:00:00,1174.0,Purchase,9.0,8,Very Satisfied,Low,0,1
401,2023-02-11 22:00:00,1167.0,Loan Payment,3.0,1,Good Service,Low,0,1
28,2023-02-11 23:00:00,2256.0,Investment,6.0,2,Good Service,Medium,0,1
220,2023-02-12 00:00:00,676.0,Bill Payment,4.0,8,Unsatisfactory,Low,0,1
406,2023-02-12 01:00:00,2136.0,Investment,7.0,5,Excellent,Medium,0,1
614,2023-02-12 02:00:00,2951.0,Loan Payment,10.0,10,Very Satisfied,Medium,0,1
775,2023-02-12 03:00:00,521.0,Investment,10.0,10,Needs Improvement,Low,0,1
271,2023-02-12 04:00:00,259.0,Bill Payment,1.0,3,Excellent,Low,0,1
736,2023-02-12 05:00:00,898.0,Investment,8.0,2,Unsatisfactory,Low,0,1
651,2023-02-12 06:00:00,1033.0,Investment,3.0,6,Very Satisfied,Low,0,1
792,2023-02-12 07:00:00,4704.0,Bill Payment,6.0,1,Very Satisfied,High,0,1
511,2023-02-12 08:00:00,4858.0,Loan Payment,10.0,3,Needs Improvement,High,0,1
963,2023-02-12 09:00:00,609.0,Purchase,7.0,8,Excellent,Low,1,1
286,2023-02-12 10:00:00,3032.0,Bill Payment,7.0,4,Excellent,Medium,1,1
454,2023-02-12 11:00:00,2540.0,Bill Payment,9.0,2,Unsatisfactory,Medium,1,1
762,2023-02-12 12:00:00,2893.0,Loan Payment,4.0,4,Very Satisfied,Medium,1,1
834,2023-02-12 13:00:00,2074.0,Loan Payment,6.0,3,Unsatisfactory,Medium,1,1
317,2023-02-12 14:00:00,1768.0,Investment,5.0,4,Good Service,Medium,1,1
590,2023-02-12 15:00:00,3579.0,Bill Payment,6.0,10,Excellent,Medium,1,1
297,2023-02-12 16:00:00,1252.0,Investment,1.0,4,Good Service,Low,1,1
338,2023-02-12 17:00:00,4339.0,Investment,6.0,1,Unsatisfactory,High,0,1
307,2023-02-12 18:00:00,2305.0,Loan Payment,10.0,1,Very Satisfied,Medium,0,1
428,2023-02-12 19:00:00,1935.0,Loan Payment,4.0,4,Unsatisfactory,Medium,0,1
351,2023-02-12 20:00:00,2072.0,Investment,9.0,8,Very Satisfied,Medium,0,1
511,2023-02-12 21:00:00,3405.0,Bill Payment,10.0,3,Needs Improvement,Medium,0,1
525,2023-02-12 22:00:00,450.0,Bill Payment,7.0,1,Excellent,Low,0,1
858,2023-02-12 23:00:00,2753.0,Investment,10.0,10,Very Satisfied,Medium,0,1
492,2023-02-13 00:00:00,16.0,Purchase,7.0,5,Needs Improvement,Low,0,0
908,2023-02-13 01:00:00,1596.0,Purchase,4.0,1,Very Satisfied,Medium,0,0
594,2023-02-13 02:00:00,835.0,Loan Payment,5.0,5,Needs Improvement,Low,0,0
9,2023-02-13 03:00:00,3834.0,Bill Payment,10.0,9,Good Service,High,0,0
497,2023-02-13 04:00:00,1278.0,Investment,1.0,5,Needs Improvement,Medium,0,0
725,2023-02-13 05:00:00,3446.0,Investment,10.0,5,Unsatisfactory,Medium,0,0
560,2023-02-13 06:00:00,3448.0,Bill Payment,4.0,8,Good Service,Medium,0,0
561,2023-02-13 07:00:00,1320.0,Loan Payment,7.0,7,Needs Improvement,Medium,0,0
821,2023-02-13 08:00:00,4043.0,Loan Payment,7.0,8,Excellent,High,0,0
440,2023-02-13 09:00:00,1637.0,Purchase,7.0,6,Good Service,Medium,1,0
552,2023-02-13 10:00:00,1046.0,Bill Payment,1.0,8,Excellent,Low,1,0
875,2023-02-13 11:00:00,487.0,Bill Payment,3.0,4,Good Service,Low,1,0
792,2023-02-13 12:00:00,2688.0,Investment,6.0,1,Very Satisfied,Medium,1,0
738,2023-02-13 13:00:00,724.0,Bill Payment,2.0,10,Good Service,Low,1,0
968,2023-02-13 14:00:00,1686.0,Purchase,10.0,4,Needs Improvement,Medium,1,0
108,2023-02-13 15:00:00,2172.0,Bill Payment,2.0,3,Unsatisfactory,Medium,1,0
245,2023-02-13 16:00:00,518.0,Investment,5.0,9,Good Service,Low,1,0
255,2023-02-13 17:00:00,391.0,Purchase,8.0,9,Good Service,Low,0,0
33,2023-02-13 18:00:00,1190.0,Investment,2.0,10,Unsatisfactory,Low,0,0
23,2023-02-13 19:00:00,1855.0,Bill Payment,8.0,6,Good Service,Medium,0,0
845,2023-02-13 20:00:00,4380.0,Loan Payment,4.0,8,Needs Improvement,High,0,0
566,2023-02-13 21:00:00,1728.0,Bill Payment,10.0,1,Unsatisfactory,Medium,0,0
821,2023-02-13 22:00:00,1110.0,Bill Payment,7.0,8,Excellent,Low,0,0
49,2023-02-13 23:00:00,1870.0,Investment,10.0,1,Very Satisfied,Medium,0,0
462,2023-02-14 00:00:00,2101.0,Loan Payment,8.0,3,Good Service,Medium,0,0
590,2023-02-14 01:00:00,727.0,Bill Payment,6.0,10,Excellent,Low,0,0
336,2023-02-14 02:00:00,327.0,Purchase,5.0,6,Good Service,Low,0,0
945,2023-02-14 03:00:00,4639.0,Purchase,6.0,2,Very Satisfied,High,0,0
358,2023-02-14 04:00:00,1786.0,Investment,10.0,9,Needs Improvement,Medium,0,0
122,2023-02-14 05:00:00,2294.0,Investment,5.0,5,Good Service,Medium,0,0
444,2023-02-14 06:00:00,1254.0,Loan Payment,10.0,4,Unsatisfactory,Low,0,0
359,2023-02-14 07:00:00,1343.0,Investment,6.0,3,Unsatisfactory,Medium,0,0
602,2023-02-14 08:00:00,2460.0,Loan Payment,3.0,8,Very Satisfied,Medium,0,0
346,2023-02-14 09:00:00,1210.0,Bill Payment,8.0,6,Unsatisfactory,Low,1,0
193,2023-02-14 10:00:00,1804.0,Purchase,1.0,4,Needs Improvement,Medium,1,0
416,2023-02-14 11:00:00,2711.0,Purchase,3.0,5,Good Service,Medium,1,0
377,2023-02-14 12:00:00,1464.0,Purchase,4.0,9,Very Satisfied,Medium,1,0
463,2023-02-14 13:00:00,1943.0,Investment,5.0,7,Unsatisfactory,Medium,1,0
756,2023-02-14 14:00:00,756.0,Investment,2.0,8,Needs Improvement,Low,1,0
661,2023-02-14 15:00:00,850.0,Bill Payment,10.0,4,Unsatisfactory,Low,1,0
146,2023-02-14 16:00:00,2505.0,Investment,4.0,8,Unsatisfactory,Medium,1,0
478,2023-02-14 17:00:00,1098.0,Loan Payment,3.0,8,Needs Improvement,Low,0,0
828,2023-02-14 18:00:00,802.0,Purchase,4.0,6,Unsatisfactory,Low,0,0
890,2023-02-14 19:00:00,1277.0,Bill Payment,3.0,5,Unsatisfactory,Medium,0,0
653,2023-02-14 20:00:00,1560.0,Loan Payment,7.0,7,Needs Improvement,Medium,0,0
408,2023-02-14 21:00:00,2700.0,Loan Payment,9.0,10,Unsatisfactory,Medium,0,0
286,2023-02-14 22:00:00,302.0,Investment,7.0,4,Excellent,Low,0,0
898,2023-02-14 23:00:00,4032.0,Investment,6.0,5,Very Satisfied,High,0,0
851,2023-02-15 00:00:00,1414.0,Purchase,6.0,5,Good Service,Medium,0,0
111,2023-02-15 01:00:00,1658.0,Bill Payment,6.0,5,Good Service,Medium,0,0
620,2023-02-15 02:00:00,2826.0,Loan Payment,10.0,8,Good Service,Medium,0,0
879,2023-02-15 03:00:00,3920.0,Investment,4.0,2,Unsatisfactory,High,0,0
793,2023-02-15 04:00:00,2928.0,Investment,4.0,2,Needs Improvement,Medium,0,0
50,2023-02-15 05:00:00,1407.0,Bill Payment,6.0,4,Unsatisfactory,Medium,0,0
14,2023-02-15 06:00:00,1703.0,Bill Payment,10.0,5,Very Satisfied,Medium,0,0
134,2023-02-15 07:00:00,1047.0,Investment,4.0,9,Unsatisfactory,Low,0,0
588,2023-02-15 08:00:00,3862.0,Investment,2.0,7,Good Service,High,0,0
596,2023-02-15 09:00:00,1572.0,Purchase,2.0,2,Good Service,Medium,1,0
343,2023-02-15 10:00:00,1122.0,Bill Payment,7.0,1,Very Satisfied,Low,1,0
670,2023-02-15 11:00:00,1301.0,Loan Payment,5.0,8,Very Satisfied,Medium,1,0
286,2023-02-15 12:00:00,1171.0,Investment,7.0,4,Excellent,Low,1,0
934,2023-02-15 13:00:00,1039.0,Investment,4.0,1,Unsatisfactory,Low,1,0
314,2023-02-15 14:00:00,4347.0,Investment,6.0,4,Very Satisfied,High,1,0
606,2023-02-15 15:00:00,4267.0,Investment,7.0,3,Needs Improvement,High,1,0
297,2023-02-15 16:00:00,2749.0,Purchase,1.0,4,Good Service,Medium,1,0
606,2023-02-15 17:00:00,988.0,Bill Payment,7.0,3,Needs Improvement,Low,0,0
569,2023-02-15 18:00:00,527.0,Investment,1.0,6,Unsatisfactory,Low,0,0
164,2023-02-15 19:00:00,792.0,Bill Payment,5.0,3,Excellent,Low,0,0
832,2023-02-15 20:00:00,2841.0,Loan Payment,5.0,6,Unsatisfactory,Medium,0,0
497,2023-02-15 21:00:00,4190.0,Loan Payment,1.0,5,Needs Improvement,High,0,0
610,2023-02-15 22:00:00,147.0,Loan Payment,3.0,7,Unsatisfactory,Low,0,0
16,2023-02-15 23:00:00,763.0,Loan Payment,7.0,2,Excellent,Low,0,0
344,2023-02-16 00:00:00,2963.0,Bill Payment,3.0,2,Needs Improvement,Medium,0,0
78,2023-02-16 01:00:00,4818.0,Loan Payment,6.0,4,Excellent,High,0,0
346,2023-02-16 02:00:00,2465.0,Loan Payment,8.0,6,Unsatisfactory,Medium,0,0
72,2023-02-16 03:00:00,2844.0,Investment,3.0,4,Unsatisfactory,Medium,0,0
270,2023-02-16 04:00:00,589.0,Investment,7.0,3,Needs Improvement,Low,0,0
287,2023-02-16 05:00:00,3265.0,Investment,8.0,10,Excellent,Medium,0,0
66,2023-02-16 06:00:00,2460.0,Purchase,6.0,5,Good Service,Medium,0,0
880,2023-02-16 07:00:00,4659.0,Investment,8.0,4,Good Service,High,0,0
68,2023-02-16 08:00:00,405.0,Loan Payment,4.0,1,Excellent,Low,0,0
193,2023-02-16 09:00:00,2460.0,Bill Payment,1.0,4,Needs Improvement,Medium,1,0
55,2023-02-16 10:00:00,4915.0,Loan Payment,1.0,9,Needs Improvement,High,1,0
980,2023-02-16 11:00:00,2599.0,Bill Payment,1.0,1,Good Service,Medium,1,0
379,2023-02-16 12:00:00,3044.0,Loan Payment,3.0,7,Very Satisfied,Medium,1,0
974,2023-02-16 13:00:00,179.0,Purchase,5.0,2,Very Satisfied,Low,1,0
168,2023-02-16 14:00:00,2347.0,Investment,1.0,6,Unsatisfactory,Medium,1,0
409,2023-02-16 15:00:00,3249.0,Loan Payment,4.0,7,Good Service,Medium,1,0
508,2023-02-16 16:00:00,3425.0,Investment,2.0,7,Needs Improvement,Medium,1,0
537,2023-02-16 17:00:00,3578.0,Purchase,1.0,3,Very Satisfied,Medium,0,0
643,2023-02-16 18:00:00,3226.0,Purchase,9.0,9,Needs Improvement,Medium,0,0
837,2023-02-16 19:00:00,3494.0,Investment,6.0,7,Very Satisfied,Medium,0,0
102,2023-02-16 20:00:00,4845.0,Investment,5.0,4,Unsatisfactory,High,0,0
886,2023-02-16 21:00:00,1851.0,Bill Payment,6.0,10,Good Service,Medium,0,0
794,2023-02-16 22:00:00,3770.0,Investment,4.0,6,Excellent,High,0,0
808,2023-02-16 23:00:00,4562.0,Investment,8.0,4,Needs Improvement,High,0,0
806,2023-02-17 00:00:00,3036.0,Bill Payment,8.0,3,Good Service,Medium,0,0
422,2023-02-17 01:00:00,3975.0,Loan Payment,8.0,7,Excellent,High,0,0
964,2023-02-17 02:00:00,1611.0,Bill Payment,6.0,4,Very Satisfied,Medium,0,0
775,2023-02-17 03:00:00,1156.0,Loan Payment,10.0,10,Needs Improvement,Low,0,0
478,2023-02-17 04:00:00,4336.0,Loan Payment,3.0,8,Needs Improvement,High,0,0
926,2023-02-17 05:00:00,2694.0,Loan Payment,6.0,5,Unsatisfactory,Medium,0,0
120,2023-02-17 06:00:00,121.0,Bill Payment,4.0,2,Good Service,Low,0,0
915,2023-02-17 07:00:00,602.0,Bill Payment,5.0,1,Excellent,Low,0,0
743,2023-02-17 08:00:00,2449.0,Purchase,5.0,8,Unsatisfactory,Medium,0,0
291,2023-02-17 09:00:00,1248.0,Loan Payment,4.0,9,Good Service,Low,1,0
488,2023-02-17 10:00:00,2804.0,Bill Payment,9.0,9,Good Service,Medium,1,0
161,2023-02-17 11:00:00,2424.0,Purchase,5.0,2,Good Service,Medium,1,0
673,2023-02-17 12:00:00,2139.0,Loan Payment,2.0,10,Very Satisfied,Medium,1,0
78,2023-02-17 13:00:00,2863.0,Bill Payment,6.0,4,Excellent,Medium,1,0
38,2023-02-17 14:00:00,2879.0,Bill Payment,6.0,2,Good Service,Medium,1,0
394,2023-02-17 15:00:00,3608.0,Bill Payment,10.0,2,Unsatisfactory,Medium,1,0
441,2023-02-17 16:00:00,3813.0,Investment,5.0,3,Good Service,High,1,0
540,2023-02-17 17:00:00,1536.0,Purchase,2.0,8,Good Service,Medium,0,0
462,2023-02-17 18:00:00,1979.0,Bill Payment,8.0,3,Good Service,Medium,0,0
612,2023-02-17 19:00:00,961.0,Investment,9.0,3,Excellent,Low,0,0
294,2023-02-17 20:00:00,1512.0,Purchase,9.0,2,Very Satisfied,Medium,0,0
400,2023-02-17 21:00:00,4477.0,Purchase,9.0,5,Good Service,High,0,0
636,2023-02-17 22:00:00,2460.0,Investment,10.0,9,Unsatisfactory,Medium,0,0
917,2023-02-17 23:00:00,2460.0,Purchase,6.0,7,Needs Improvement,Medium,0,0
92,2023-02-18 00:00:00,3996.0,Investment,7.0,6,Needs Improvement,High,0,1
767,2023-02-18 01:00:00,2364.0,Loan Payment,6.0,8,Needs Improvement,Medium,0,1
609,2023-02-18 02:00:00,235.0,Bill Payment,10.0,1,Good Service,Low,0,1
6,2023-02-18 03:00:00,3021.0,Investment,3.0,1,Needs Improvement,Medium,0,1
681,2023-02-18 04:00:00,4136.0,Purchase,4.0,4,Good Service,High,0,1
895,2023-02-18 05:00:00,623.0,Purchase,10.0,2,Unsatisfactory,Low,0,1
271,2023-02-18 06:00:00,108.0,Loan Payment,1.0,3,Excellent,Low,0,1
620,2023-02-18 07:00:00,820.0,Loan Payment,10.0,8,Good Service,Low,0,1
899,2023-02-18 08:00:00,3347.0,Loan Payment,9.0,5,Needs Improvement,Medium,0,1
811,2023-02-18 09:00:00,2709.0,Loan Payment,6.0,8,Good Service,Medium,1,1
559,2023-02-18 10:00:00,4919.0,Loan Payment,6.0,5,Unsatisfactory,High,1,1
99,2023-02-18 11:00:00,1029.0,Bill Payment,5.0,1,Good Service,Low,1,1
526,2023-02-18 12:00:00,3035.0,Investment,5.0,5,Good Service,Medium,1,1
194,2023-02-18 13:00:00,3538.0,Loan Payment,3.0,7,Good Service,Medium,1,1
157,2023-02-18 14:00:00,3896.0,Loan Payment,7.0,2,Unsatisfactory,High,1,1
900,2023-02-18 15:00:00,2989.0,Bill Payment,6.0,4,Needs Improvement,Medium,1,1
666,2023-02-18 16:00:00,3350.0,Investment,2.0,4,Good Service,Medium,1,1
115,2023-02-18 17:00:00,806.0,Loan Payment,7.0,7,Good Service,Low,0,1
396,2023-02-18 18:00:00,2460.0,Investment,10.0,2,Needs Improvement,Medium,0,1
770,2023-02-18 19:00:00,3076.0,Investment,4.0,9,Needs Improvement,Medium,0,1
657,2023-02-18 20:00:00,3030.0,Bill Payment,1.0,3,Very Satisfied,Medium,0,1
803,2023-02-18 21:00:00,2690.0,Bill Payment,3.0,1,Good Service,Medium,0,1
522,2023-02-18 22:00:00,4451.0,Loan Payment,2.0,8,Excellent,High,0,1
880,2023-02-18 23:00:00,4829.0,Purchase,8.0,4,Good Service,High,0,1
214,2023-02-19 00:00:00,2958.0,Bill Payment,8.0,1,Needs Improvement,Medium,0,1
745,2023-02-19 01:00:00,3741.0,Investment,10.0,2,Unsatisfactory,High,0,1
683,2023-02-19 02:00:00,1111.0,Investment,2.0,4,Good Service,Low,0,1
533,2023-02-19 03:00:00,1047.0,Loan Payment,9.0,1,Very Satisfied,Low,0,1
15,2023-02-19 04:00:00,4241.0,Loan Payment,1.0,10,Needs Improvement,High,0,1
419,2023-02-19 05:00:00,801.0,Loan Payment,3.0,6,Unsatisfactory,Low,0,1
368,2023-02-19 06:00:00,4184.0,Investment,2.0,2,Good Service,High,0,1
638,2023-02-19 07:00:00,1788.0,Bill Payment,3.0,4,Unsatisfactory,Medium,0,1
853,2023-02-19 08:00:00,4810.0,Purchase,8.0,10,Good Service,High,0,1
853,2023-02-19 09:00:00,991.0,Bill Payment,8.0,10,Good Service,Low,1,1
213,2023-02-19 10:00:00,1275.0,Purchase,4.0,4,Very Satisfied,Medium,1,1
700,2023-02-19 11:00:00,753.0,Bill Payment,7.0,5,Needs Improvement,Low,1,1
684,2023-02-19 12:00:00,2441.0,Loan Payment,5.0,5,Very Satisfied,Medium,1,1
992,2023-02-19 13:00:00,384.0,Investment,7.0,2,Needs Improvement,Low,1,1
759,2023-02-19 14:00:00,1763.0,Purchase,10.0,9,Very Satisfied,Medium,1,1
5,2023-02-19 15:00:00,3907.0,Bill Payment,8.0,7,Unsatisfactory,High,1,1
231,2023-02-19 16:00:00,2546.0,Investment,5.0,10,Unsatisfactory,Medium,1,1
201,2023-02-19 17:00:00,2001.0,Purchase,6.0,6,Needs Improvement,Medium,0,1
885,2023-02-19 18:00:00,2938.0,Purchase,7.0,9,Needs Improvement,Medium,0,1
402,2023-02-19 19:00:00,3456.0,Investment,9.0,2,Unsatisfactory,Medium,0,1
149,2023-02-19 20:00:00,601.0,Loan Payment,5.0,5,Good Service,Low,0,1
584,2023-02-19 21:00:00,4638.0,Investment,2.0,7,Very Satisfied,High,0,1
492,2023-02-19 22:00:00,2460.0,Loan Payment,7.0,5,Needs Improvement,Medium,0,1
226,2023-02-19 23:00:00,2882.0,Bill Payment,4.0,5,Needs Improvement,Medium,0,1
586,2023-02-20 00:00:00,1186.0,Bill Payment,4.0,7,Needs Improvement,Low,0,0
819,2023-02-20 01:00:00,1345.0,Investment,5.0,8,Unsatisfactory,Medium,0,0
169,2023-02-20 02:00:00,4703.0,Loan Payment,7.0,2,Good Service,High,0,0
761,2023-02-20 03:00:00,122.0,Bill Payment,7.0,7,Good Service,Low,0,0
792,2023-02-20 04:00:00,3782.0,Loan Payment,6.0,1,Very Satisfied,High,0,0
1000,2023-02-20 05:00:00,1855.0,Loan Payment,5.0,10,Unsatisfactory,Medium,0,0
152,2023-02-20 06:00:00,1997.0,Loan Payment,10.0,7,Needs Improvement,Medium,0,0
224,2023-02-20 07:00:00,4839.0,Investment,6.0,9,Very Satisfied,High,0,0
504,2023-02-20 08:00:00,1995.0,Loan Payment,8.0,3,Good Service,Medium,0,0
737,2023-02-20 09:00:00,3302.0,Investment,4.0,8,Good Service,Medium,1,0
550,2023-02-20 10:00:00,3252.0,Bill Payment,4.0,9,Very Satisfied,Medium,1,0
44,2023-02-20 11:00:00,262.0,Bill Payment,7.0,9,Excellent,Low,1,0
697,2023-02-20 12:00:00,133.0,Purchase,10.0,4,Very Satisfied,Low,1,0
504,2023-02-20 13:00:00,1246.0,Purchase,8.0,3,Good Service,Low,1,0
955,2023-02-20 14:00:00,633.0,Bill Payment,4.0,9,Good Service,Low,1,0
241,2023-02-20 15:00:00,3166.0,Loan Payment,2.0,3,Needs Improvement,Medium,1,0
930,2023-02-20 16:00:00,3146.0,Loan Payment,3.0,8,Unsatisfactory,Medium,1,0
843,2023-02-20 17:00:00,3399.0,Bill Payment,10.0,8,Unsatisfactory,Medium,0,0
351,2023-02-20 18:00:00,3427.0,Bill Payment,9.0,8,Very Satisfied,Medium,0,0
722,2023-02-20 19:00:00,1665.0,Purchase,5.0,4,Good Service,Medium,0,0
23,2023-02-20 20:00:00,1276.0,Loan Payment,8.0,6,Good Service,Medium,0,0
636,2023-02-20 21:00:00,2955.0,Bill Payment,10.0,9,Unsatisfactory,Medium,0,0
598,2023-02-20 22:00:00,1170.0,Purchase,5.0,6,Needs Improvement,Low,0,0
43,2023-02-20 23:00:00,2304.0,Purchase,4.0,1,Good Service,Medium,0,0
466,2023-02-21 00:00:00,450.0,Loan Payment,9.0,10,Unsatisfactory,Low,0,0
40,2023-02-21 01:00:00,2102.0,Purchase,6.0,10,Excellent,Medium,0,0
303,2023-02-21 02:00:00,2715.0,Purchase,5.0,4,Good Service,Medium,0,0
681,2023-02-21 03:00:00,3769.0,Investment,4.0,4,Good Service,High,0,0
175,2023-02-21 04:00:00,563.0,Bill Payment,7.0,7,Good Service,Low,0,0
999,2023-02-21 05:00:00,4914.0,Loan Payment,10.0,9,Good Service,High,0,0
532,2023-02-21 06:00:00,1122.0,Bill Payment,1.0,6,Needs Improvement,Low,0,0
461,2023-02-21 07:00:00,2787.0,Investment,9.0,8,Excellent,Medium,0,0
621,2023-02-21 08:00:00,1843.0,Loan Payment,7.0,10,Good Service,Medium,0,0
193,2023-02-21 09:00:00,1324.0,Bill Payment,1.0,4,Needs Improvement,Medium,1,0
244,2023-02-21 10:00:00,3503.0,Purchase,2.0,4,Very Satisfied,Medium,1,0
836,2023-02-21 11:00:00,3148.0,Loan Payment,6.0,8,Unsatisfactory,Medium,1,0
280,2023-02-21 12:00:00,3122.0,Investment,2.0,3,Unsatisfactory,Medium,1,0
740,2023-02-21 13:00:00,108.0,Purchase,9.0,6,Good Service,Low,1,0
36,2023-02-21 14:00:00,3935.0,Investment,9.0,8,Very Satisfied,High,1,0
557,2023-02-21 15:00:00,1489.0,Purchase,2.0,7,Very Satisfied,Medium,1,0
898,2023-02-21 16:00:00,4406.0,Bill Payment,6.0,5,Very Satisfied,High,1,0
540,2023-02-21 17:00:00,1232.0,Bill Payment,2.0,8,Good Service,Low,0,0
154,2023-02-21 18:00:00,4593.0,Bill Payment,3.0,6,Good Service,High,0,0
23,2023-02-21 19:00:00,1014.0,Investment,8.0,6,Good Service,Low,0,0
719,2023-02-21 20:00:00,486.0,Loan Payment,9.0,10,Needs Improvement,Low,0,0
932,2023-02-21 21:00:00,1145.0,Bill Payment,4.0,6,Needs Improvement,Low,0,0
91,2023-02-21 22:00:00,2866.0,Investment,7.0,2,Needs Improvement,Medium,0,0
390,2023-02-21 23:00:00,1715.0,Purchase,9.0,4,Good Service,Medium,0,0
931,2023-02-22 00:00:00,527.0,Bill Payment,8.0,9,Very Satisfied,Low,0,0
359,2023-02-22 01:00:00,1230.0,Purchase,6.0,3,Unsatisfactory,Low,0,0
550,2023-02-22 02:00:00,2516.0,Bill Payment,4.0,9,Very Satisfied,Medium,0,0
931,2023-02-22 03:00:00,4335.0,Purchase,8.0,9,Very Satisfied,High,0,0
228,2023-02-22 04:00:00,1201.0,Investment,8.0,1,Needs Improvement,Low,0,0
202,2023-02-22 05:00:00,3890.0,Bill Payment,2.0,3,Good Service,High,0,0
350,2023-02-22 06:00:00,3253.0,Investment,5.0,9,Good Service,Medium,0,0
821,2023-02-22 07:00:00,1987.0,Investment,7.0,8,Excellent,Medium,0,0
766,2023-02-22 08:00:00,2252.0,Purchase,3.0,6,Needs Improvement,Medium,0,0
38,2023-02-22 09:00:00,3100.0,Bill Payment,6.0,2,Good Service,Medium,1,0
733,2023-02-22 10:00:00,1897.0,Loan Payment,5.0,7,Good Service,Medium,1,0
500,2023-02-22 11:00:00,4569.0,Loan Payment,1.0,1,Unsatisfactory,High,1,0
699,2023-02-22 12:00:00,983.0,Investment,6.0,3,Good Service,Low,1,0
43,2023-02-22 13:00:00,75.0,Purchase,4.0,1,Good Service,Low,1,0
871,2023-02-22 14:00:00,2916.0,Purchase,5.0,4,Good Service,Medium,1,0
626,2023-02-22 15:00:00,2460.0,Purchase,8.0,2,Good Service,Medium,1,0
772,2023-02-22 16:00:00,7315.0,Bill Payment,1.0,4,Good Service,High,1,0
517,2023-02-22 17:00:00,317.0,Bill Payment,1.0,3,Very Satisfied,Low,0,0
68,2023-02-22 18:00:00,3418.0,Purchase,4.0,1,Excellent,Medium,0,0
740,2023-02-22 19:00:00,3752.0,Loan Payment,9.0,6,Good Service,High,0,0
123,2023-02-22 20:00:00,792.0,Loan Payment,2.0,4,Good Service,Low,0,0
685,2023-02-22 21:00:00,4226.0,Bill Payment,4.0,7,Good Service,High,0,0
336,2023-02-22 22:00:00,775.0,Purchase,5.0,6,Good Service,Low,0,0
153,2023-02-22 23:00:00,3485.0,Loan Payment,5.0,9,Good Service,Medium,0,0
974,2023-02-23 00:00:00,782.0,Loan Payment,5.0,2,Very Satisfied,Low,0,0
779,2023-02-23 01:00:00,3867.0,Bill Payment,2.0,3,Very Satisfied,High,0,0
669,2023-02-23 02:00:00,3195.0,Bill Payment,5.0,5,Very Satisfied,Medium,0,0
162,2023-02-23 03:00:00,549.0,Loan Payment,6.0,5,Unsatisfactory,Low,0,0
214,2023-02-23 04:00:00,2059.0,Purchase,8.0,1,Needs Improvement,Medium,0,0
910,2023-02-23 05:00:00,3293.0,Loan Payment,5.0,6,Unsatisfactory,Medium,0,0
376,2023-02-23 06:00:00,4685.0,Loan Payment,7.0,9,Very Satisfied,High,0,0
920,2023-02-23 07:00:00,1673.0,Purchase,4.0,8,Very Satisfied,Medium,0,0
443,2023-02-23 08:00:00,1057.0,Bill Payment,1.0,2,Good Service,Low,0,0
423,2023-02-23 09:00:00,3846.0,Purchase,6.0,10,Unsatisfactory,High,1,0
538,2023-02-23 10:00:00,3449.0,Purchase,6.0,2,Unsatisfactory,Medium,1,0
939,2023-02-23 11:00:00,515.0,Purchase,9.0,9,Excellent,Low,1,0
804,2023-02-23 12:00:00,3257.0,Purchase,6.0,5,Good Service,Medium,1,0
935,2023-02-23 13:00:00,3510.0,Bill Payment,1.0,9,Excellent,Medium,1,0
701,2023-02-23 14:00:00,1920.0,Loan Payment,4.0,8,Excellent,Medium,1,0
912,2023-02-23 15:00:00,742.0,Investment,6.0,8,Very Satisfied,Low,1,0
634,2023-02-23 16:00:00,3523.0,Bill Payment,6.0,8,Good Service,Medium,1,0
230,2023-02-23 17:00:00,1581.0,Purchase,2.0,2,Good Service,Medium,0,0
59,2023-02-23 18:00:00,4619.0,Loan Payment,2.0,7,Excellent,High,0,0
96,2023-02-23 19:00:00,2952.0,Loan Payment,2.0,1,Unsatisfactory,Medium,0,0
262,2023-02-23 20:00:00,4466.0,Purchase,10.0,8,Excellent,High,0,0
354,2023-02-23 21:00:00,2331.0,Bill Payment,9.0,8,Unsatisfactory,Medium,0,0
312,2023-02-23 22:00:00,3345.0,Purchase,5.0,3,Needs Improvement,Medium,0,0
136,2023-02-23 23:00:00,4632.0,Loan Payment,5.0,2,Needs Improvement,High,0,0
862,2023-02-24 00:00:00,4384.0,Loan Payment,5.0,2,Unsatisfactory,High,0,0
795,2023-02-24 01:00:00,2763.0,Bill Payment,10.0,2,Good Service,Medium,0,0
967,2023-02-24 02:00:00,1382.0,Investment,5.0,2,Very Satisfied,Medium,0,0
923,2023-02-24 03:00:00,1454.0,Purchase,1.0,2,Very Satisfied,Medium,0,0
473,2023-02-24 04:00:00,3386.0,Investment,10.0,5,Unsatisfactory,Medium,0,0
632,2023-02-24 05:00:00,299.0,Loan Payment,2.0,6,Good Service,Low,0,0
430,2023-02-24 06:00:00,2075.0,Investment,7.0,6,Needs Improvement,Medium,0,0
937,2023-02-24 07:00:00,73.0,Purchase,5.0,4,Needs Improvement,Low,0,0
975,2023-02-24 08:00:00,3955.0,Purchase,4.0,5,Excellent,High,0,0
537,2023-02-24 09:00:00,339.0,Loan Payment,1.0,3,Very Satisfied,Low,1,0
854,2023-02-24 10:00:00,4868.0,Bill Payment,5.0,8,Unsatisfactory,High,1,0
146,2023-02-24 11:00:00,1973.0,Bill Payment,4.0,8,Unsatisfactory,Medium,1,0
524,2023-02-24 12:00:00,3098.0,Loan Payment,7.0,3,Good Service,Medium,1,0
87,2023-02-24 13:00:00,2500.0,Purchase,5.0,3,Unsatisfactory,Medium,1,0
947,2023-02-24 14:00:00,150.0,Bill Payment,7.0,10,Good Service,Low,1,0
109,2023-02-24 15:00:00,4549.0,Investment,3.0,9,Good Service,High,1,0
423,2023-02-24 16:00:00,2483.0,Loan Payment,6.0,10,Unsatisfactory,Medium,1,0
345,2023-02-24 17:00:00,3913.0,Investment,6.0,3,Unsatisfactory,High,0,0
266,2023-02-24 18:00:00,459.0,Purchase,1.0,6,Needs Improvement,Low,0,0
734,2023-02-24 19:00:00,1835.0,Bill Payment,1.0,1,Good Service,Medium,0,0
586,2023-02-24 20:00:00,4456.0,Purchase,4.0,7,Needs Improvement,High,0,0
994,2023-02-24 21:00:00,4704.0,Investment,5.0,2,Needs Improvement,High,0,0
494,2023-02-24 22:00:00,4816.0,Purchase,7.0,7,Needs Improvement,High,0,0
333,2023-02-24 23:00:00,879.0,Purchase,3.0,9,Needs Improvement,Low,0,0
822,2023-02-25 00:00:00,2460.0,Loan Payment,7.0,10,Very Satisfied,Medium,0,1
413,2023-02-25 01:00:00,2460.0,Loan Payment,10.0,6,Needs Improvement,Medium,0,1
614,2023-02-25 02:00:00,3612.0,Purchase,10.0,10,Very Satisfied,Medium,0,1
937,2023-02-25 03:00:00,402.0,Loan Payment,5.0,4,Needs Improvement,Low,0,1
649,2023-02-25 04:00:00,851.0,Purchase,10.0,2,Unsatisfactory,Low,0,1
191,2023-02-25 05:00:00,2458.0,Investment,7.0,7,Good Service,Medium,0,1
973,2023-02-25 06:00:00,2801.0,Loan Payment,6.0,8,Very Satisfied,Medium,0,1
933,2023-02-25 07:00:00,2963.0,Purchase,7.0,7,Unsatisfactory,Medium,0,1
142,2023-02-25 08:00:00,1368.0,Loan Payment,6.0,7,Unsatisfactory,Medium,0,1
869,2023-02-25 09:00:00,1000.0,Purchase,2.0,10,Good Service,Low,1,1
73,2023-02-25 10:00:00,1048.0,Loan Payment,8.0,2,Needs Improvement,Low,1,1
840,2023-02-25 11:00:00,37.0,Bill Payment,2.0,2,Unsatisfactory,Low,1,1
167,2023-02-25 12:00:00,397.0,Purchase,4.0,9,Unsatisfactory,Low,1,1
168,2023-02-25 13:00:00,842.0,Bill Payment,1.0,6,Unsatisfactory,Low,1,1
566,2023-02-25 14:00:00,259.0,Purchase,10.0,1,Unsatisfactory,Low,1,1
259,2023-02-25 15:00:00,2037.0,Bill Payment,9.0,1,Good Service,Medium,1,1
439,2023-02-25 16:00:00,1538.0,Purchase,2.0,2,Good Service,Medium,1,1
111,2023-02-25 17:00:00,4203.0,Loan Payment,6.0,5,Good Service,High,0,1
744,2023-02-25 18:00:00,2460.0,Bill Payment,3.0,7,Unsatisfactory,Medium,0,1
673,2023-02-25 19:00:00,1370.0,Loan Payment,2.0,10,Very Satisfied,Medium,0,1
864,2023-02-25 20:00:00,3119.0,Purchase,10.0,4,Good Service,Medium,0,1
839,2023-02-25 21:00:00,1333.0,Loan Payment,5.0,5,Very Satisfied,Medium,0,1
531,2023-02-25 22:00:00,2236.0,Purchase,8.0,7,Needs Improvement,Medium,0,1
290,2023-02-25 23:00:00,3690.0,Loan Payment,4.0,10,Needs Improvement,High,0,1
974,2023-02-26 00:00:00,901.0,Bill Payment,5.0,2,Very Satisfied,Low,0,1
562,2023-02-26 01:00:00,1315.0,Purchase,9.0,2,Good Service,Medium,0,1
510,2023-02-26 02:00:00,4558.0,Loan Payment,2.0,1,Good Service,High,0,1
175,2023-02-26 03:00:00,4202.0,Purchase,7.0,7,Good Service,High,0,1
302,2023-02-26 04:00:00,271.0,Purchase,6.0,1,Good Service,Low,0,1
696,2023-02-26 05:00:00,2350.0,Purchase,5.0,9,Good Service,Medium,0,1
185,2023-02-26 06:00:00,1803.0,Investment,7.0,5,Excellent,Medium,0,1
339,2023-02-26 07:00:00,2306.0,Purchase,7.0,3,Very Satisfied,Medium,0,1
510,2023-02-26 08:00:00,2302.0,Loan Payment,2.0,1,Good Service,Medium,0,1
819,2023-02-26 09:00:00,2180.0,Investment,5.0,8,Unsatisfactory,Medium,1,1
310,2023-02-26 10:00:00,334.0,Loan Payment,2.0,6,Unsatisfactory,Low,1,1
507,2023-02-26 11:00:00,995.0,Investment,8.0,10,Needs Improvement,Low,1,1
346,2023-02-26 12:00:00,4792.0,Purchase,8.0,6,Unsatisfactory,High,1,1
81,2023-02-26 13:00:00,3862.0,Bill Payment,3.0,8,Very Satisfied,High,1,1
374,2023-02-26 14:00:00,1749.0,Bill Payment,7.0,8,Needs Improvement,Medium,1,1
156,2023-02-26 15:00:00,1870.0,Purchase,4.0,8,Very Satisfied,Medium,1,1
787,2023-02-26 16:00:00,3147.0,Investment,2.0,2,Needs Improvement,Medium,1,1
795,2023-02-26 17:00:00,3908.0,Loan Payment,10.0,2,Good Service,High,0,1
432,2023-02-26 18:00:00,845.0,Bill Payment,8.0,3,Needs Improvement,Low,0,1
500,2023-02-26 19:00:00,4164.0,Purchase,1.0,1,Unsatisfactory,High,0,1
761,2023-02-26 20:00:00,2788.0,Purchase,7.0,7,Good Service,Medium,0,1
147,2023-02-26 21:00:00,1406.0,Investment,5.0,2,Excellent,Medium,0,1
481,2023-02-26 22:00:00,1686.0,Bill Payment,7.0,9,Good Service,Medium,0,1
435,2023-02-26 23:00:00,4341.0,Purchase,4.0,3,Very Satisfied,High,0,1
519,2023-02-27 00:00:00,4323.0,Bill Payment,9.0,5,Needs Improvement,High,0,0
669,2023-02-27 01:00:00,1847.0,Loan Payment,5.0,5,Very Satisfied,Medium,0,0
683,2023-02-27 02:00:00,3731.0,Purchase,2.0,4,Good Service,High,0,0
69,2023-02-27 03:00:00,3682.0,Purchase,5.0,1,Excellent,Medium,0,0
606,2023-02-27 04:00:00,3032.0,Loan Payment,7.0,3,Needs Improvement,Medium,0,0
881,2023-02-27 05:00:00,4694.0,Purchase,2.0,3,Very Satisfied,High,0,0
875,2023-02-27 06:00:00,1681.0,Investment,3.0,4,Good Service,Medium,0,0
888,2023-02-27 07:00:00,926.0,Loan Payment,7.0,9,Excellent,Low,0,0
186,2023-02-27 08:00:00,927.0,Investment,7.0,3,Needs Improvement,Low,0,0
904,2023-02-27 09:00:00,1143.0,Loan Payment,2.0,10,Unsatisfactory,Low,1,0
682,2023-02-27 10:00:00,1846.0,Loan Payment,3.0,5,Unsatisfactory,Medium,1,0
204,2023-02-27 11:00:00,2148.0,Investment,7.0,3,Good Service,Medium,1,0
554,2023-02-27 12:00:00,4017.0,Loan Payment,9.0,5,Needs Improvement,High,1,0
13,2023-02-27 13:00:00,1915.0,Bill Payment,7.0,5,Very Satisfied,Medium,1,0
666,2023-02-27 14:00:00,3999.0,Investment,2.0,4,Good Service,High,1,0
274,2023-02-27 15:00:00,3495.0,Loan Payment,4.0,5,Excellent,Medium,1,0
298,2023-02-27 16:00:00,4807.0,Investment,4.0,6,Needs Improvement,High,1,0
51,2023-02-27 17:00:00,2130.0,Loan Payment,8.0,8,Needs Improvement,Medium,0,0
500,2023-02-27 18:00:00,2742.0,Loan Payment,1.0,1,Unsatisfactory,Medium,0,0
369,2023-02-27 19:00:00,2779.0,Bill Payment,1.0,6,Very Satisfied,Medium,0,0
724,2023-02-27 20:00:00,1331.0,Bill Payment,4.0,1,Needs Improvement,Medium,0,0
656,2023-02-27 21:00:00,3726.0,Bill Payment,9.0,9,Needs Improvement,High,0,0
357,2023-02-27 22:00:00,3364.0,Loan Payment,10.0,9,Needs Improvement,Medium,0,0
3,2023-02-27 23:00:00,1538.0,Bill Payment,10.0,1,Very Satisfied,Medium,0,0
254,2023-02-28 00:00:00,4753.0,Investment,3.0,1,Very Satisfied,High,0,0
475,2023-02-28 01:00:00,769.0,Loan Payment,6.0,5,Very Satisfied,Low,0,0
847,2023-02-28 02:00:00,3422.0,Investment,1.0,1,Excellent,Medium,0,0
506,2023-02-28 03:00:00,1367.0,Bill Payment,5.0,2,Needs Improvement,Medium,0,0
256,2023-02-28 04:00:00,2200.0,Loan Payment,2.0,5,Very Satisfied,Medium,0,0
610,2023-02-28 05:00:00,3491.0,Investment,3.0,7,Unsatisfactory,Medium,0,0
685,2023-02-28 06:00:00,958.0,Purchase,4.0,7,Good Service,Low,0,0
150,2023-02-28 07:00:00,2089.0,Investment,1.0,4,Needs Improvement,Medium,0,0
488,2023-02-28 08:00:00,1776.0,Loan Payment,9.0,9,Good Service,Medium,0,0
279,2023-02-28 09:00:00,37.0,Purchase,2.0,2,Good Service,Low,1,0
59,2023-02-28 10:00:00,2460.0,Bill Payment,2.0,7,Excellent,Medium,1,0
446,2023-02-28 11:00:00,2548.0,Bill Payment,1.0,9,Very Satisfied,Medium,1,0
113,2023-02-28 12:00:00,169.0,Investment,8.0,8,Good Service,Low,1,0
836,2023-02-28 13:00:00,2902.0,Bill Payment,6.0,8,Unsatisfactory,Medium,1,0
755,2023-02-28 14:00:00,4123.0,Investment,10.0,1,Needs Improvement,High,1,0
822,2023-02-28 15:00:00,3732.0,Investment,7.0,10,Very Satisfied,High,1,0
569,2023-02-28 16:00:00,3741.0,Investment,1.0,6,Unsatisfactory,High,1,0
489,2023-02-28 17:00:00,2481.0,Investment,9.0,6,Unsatisfactory,Medium,0,0
407,2023-02-28 18:00:00,4860.0,Loan Payment,4.0,3,Good Service,High,0,0
367,2023-02-28 19:00:00,1580.0,Loan Payment,2.0,6,Unsatisfactory,Medium,0,0
60,2023-02-28 20:00:00,846.0,Purchase,10.0,3,Good Service,Low,0,0
329,2023-02-28 21:00:00,4999.0,Purchase,10.0,3,Very Satisfied,High,0,0
728,2023-02-28 22:00:00,3948.0,Bill Payment,6.0,2,Unsatisfactory,High,0,0
469,2023-02-28 23:00:00,2296.0,Loan Payment,6.0,10,Needs Improvement,Medium,0,0
745,2023-03-01 00:00:00,3415.0,Purchase,10.0,2,Unsatisfactory,Medium,0,0
567,2023-03-01 01:00:00,2680.0,Loan Payment,8.0,3,Unsatisfactory,Medium,0,0
885,2023-03-01 02:00:00,4122.0,Loan Payment,7.0,9,Needs Improvement,High,0,0
720,2023-03-01 03:00:00,4757.0,Bill Payment,6.0,6,Good Service,High,0,0
63,2023-03-01 04:00:00,4365.0,Bill Payment,8.0,3,Unsatisfactory,High,0,0
184,2023-03-01 05:00:00,1637.0,Investment,3.0,5,Unsatisfactory,Medium,0,0
311,2023-03-01 06:00:00,1876.0,Loan Payment,4.0,9,Needs Improvement,Medium,0,0
793,2023-03-01 07:00:00,214.0,Investment,4.0,2,Needs Improvement,Low,0,0
538,2023-03-01 08:00:00,3589.0,Investment,6.0,2,Unsatisfactory,Medium,0,0
177,2023-03-01 09:00:00,3184.0,Investment,8.0,4,Needs Improvement,Medium,1,0
575,2023-03-01 10:00:00,801.0,Loan Payment,5.0,1,Needs Improvement,Low,1,0
429,2023-03-01 11:00:00,4102.0,Loan Payment,6.0,4,Needs Improvement,High,1,0
73,2023-03-01 12:00:00,3757.0,Investment,8.0,2,Needs Improvement,High,1,0
847,2023-03-01 13:00:00,1115.0,Loan Payment,1.0,1,Excellent,Low,1,0
167,2023-03-01 14:00:00,1100.0,Investment,4.0,9,Unsatisfactory,Low,1,0
225,2023-03-01 15:00:00,1617.0,Purchase,7.0,5,Unsatisfactory,Medium,1,0
577,2023-03-01 16:00:00,1849.0,Loan Payment,1.0,3,Very Satisfied,Medium,1,0
581,2023-03-01 17:00:00,3407.0,Bill Payment,8.0,2,Very Satisfied,Medium,0,0
952,2023-03-01 18:00:00,76.0,Bill Payment,9.0,10,Very Satisfied,Low,0,0
9,2023-03-01 19:00:00,4789.0,Investment,10.0,9,Good Service,High,0,0
236,2023-03-01 20:00:00,1288.0,Purchase,6.0,6,Unsatisfactory,Medium,0,0
710,2023-03-01 21:00:00,4168.0,Loan Payment,10.0,3,Excellent,High,0,0
924,2023-03-01 22:00:00,823.0,Investment,7.0,4,Very Satisfied,Low,0,0
685,2023-03-01 23:00:00,412.0,Purchase,4.0,7,Good Service,Low,0,0
794,2023-03-02 00:00:00,2012.0,Purchase,4.0,6,Excellent,Medium,0,0
28,2023-03-02 01:00:00,4176.0,Loan Payment,6.0,2,Good Service,High,0,0
808,2023-03-02 02:00:00,2935.0,Bill Payment,8.0,4,Needs Improvement,Medium,0,0
911,2023-03-02 03:00:00,3003.0,Bill Payment,6.0,1,Good Service,Medium,0,0
646,2023-03-02 04:00:00,1096.0,Purchase,7.0,3,Good Service,Low,0,0
27,2023-03-02 05:00:00,4350.0,Bill Payment,6.0,5,Unsatisfactory,High,0,0
550,2023-03-02 06:00:00,2576.0,Purchase,4.0,9,Very Satisfied,Medium,0,0
196,2023-03-02 07:00:00,4498.0,Purchase,10.0,10,Needs Improvement,High,0,0
203,2023-03-02 08:00:00,781.0,Purchase,4.0,8,Very Satisfied,Low,0,0
85,2023-03-02 09:00:00,3682.0,Bill Payment,7.0,10,Very Satisfied,Medium,1,0
832,2023-03-02 10:00:00,3258.0,Investment,5.0,6,Unsatisfactory,Medium,1,0
30,2023-03-02 11:00:00,1679.0,Bill Payment,3.0,7,Unsatisfactory,Medium,1,0
466,2023-03-02 12:00:00,1566.0,Investment,9.0,10,Unsatisfactory,Medium,1,0
99,2023-03-02 13:00:00,2968.0,Bill Payment,5.0,1,Good Service,Medium,1,0
899,2023-03-02 14:00:00,1161.0,Loan Payment,9.0,5,Needs Improvement,Low,1,0
190,2023-03-02 15:00:00,1227.0,Loan Payment,10.0,2,Good Service,Low,1,0
12,2023-03-02 16:00:00,2241.0,Bill Payment,6.0,3,Unsatisfactory,Medium,1,0
603,2023-03-02 17:00:00,4352.0,Loan Payment,9.0,1,Very Satisfied,High,0,0
30,2023-03-02 18:00:00,3954.0,Loan Payment,3.0,7,Unsatisfactory,High,0,0
725,2023-03-02 19:00:00,2052.0,Loan Payment,10.0,5,Unsatisfactory,Medium,0,0
38,2023-03-02 20:00:00,715.0,Loan Payment,6.0,2,Good Service,Low,0,0
853,2023-03-02 21:00:00,2460.0,Investment,8.0,10,Good Service,Medium,0,0
572,2023-03-02 22:00:00,2123.0,Purchase,7.0,8,Excellent,Medium,0,0
294,2023-03-02 23:00:00,2987.0,Investment,9.0,2,Very Satisfied,Medium,0,0
360,2023-03-03 00:00:00,4359.0,Purchase,9.0,9,Needs Improvement,High,0,0
655,2023-03-03 01:00:00,4388.0,Purchase,10.0,2,Unsatisfactory,High,0,0
914,2023-03-03 02:00:00,432.0,Bill Payment,9.0,2,Needs Improvement,Low,0,0
180,2023-03-03 03:00:00,2031.0,Bill Payment,1.0,9,Good Service,Medium,0,0
797,2023-03-03 04:00:00,3803.0,Bill Payment,2.0,4,Very Satisfied,High,0,0
112,2023-03-03 05:00:00,4141.0,Bill Payment,10.0,3,Very Satisfied,High,0,0
742,2023-03-03 06:00:00,540.0,Bill Payment,3.0,7,Needs Improvement,Low,0,0
444,2023-03-03 07:00:00,100.0,Investment,10.0,4,Unsatisfactory,Low,0,0
21,2023-03-03 08:00:00,3382.0,Investment,5.0,2,Unsatisfactory,Medium,0,0
145,2023-03-03 09:00:00,1952.0,Loan Payment,4.0,10,Excellent,Medium,1,0
499,2023-03-03 10:00:00,3815.0,Investment,10.0,8,Needs Improvement,High,1,0
146,2023-03-03 11:00:00,1250.0,Investment,4.0,8,Unsatisfactory,Low,1,0
441,2023-03-03 12:00:00,1768.0,Bill Payment,5.0,3,Good Service,Medium,1,0
887,2023-03-03 13:00:00,107.0,Loan Payment,6.0,5,Good Service,Low,1,0
421,2023-03-03 14:00:00,1489.0,Investment,8.0,2,Good Service,Medium,1,0
316,2023-03-03 15:00:00,4636.0,Investment,5.0,2,Very Satisfied,High,1,0
166,2023-03-03 16:00:00,1842.0,Loan Payment,2.0,2,Very Satisfied,Medium,1,0
652,2023-03-03 17:00:00,2595.0,Purchase,7.0,9,Good Service,Medium,0,0
203,2023-03-03 18:00:00,3657.0,Bill Payment,4.0,8,Very Satisfied,Medium,0,0
496,2023-03-03 19:00:00,89.0,Investment,5.0,7,Needs Improvement,Low,0,0
756,2023-03-03 20:00:00,4719.0,Investment,2.0,8,Needs Improvement,High,0,0
625,2023-03-03 21:00:00,2233.0,Loan Payment,2.0,8,Good Service,Medium,0,0
468,2023-03-03 22:00:00,2579.0,Investment,8.0,9,Good Service,Medium,0,0
713,2023-03-03 23:00:00,1782.0,Bill Payment,8.0,1,Very Satisfied,Medium,0,0
385,2023-03-04 00:00:00,4528.0,Investment,10.0,4,Needs Improvement,High,0,1
314,2023-03-04 01:00:00,1133.0,Purchase,6.0,4,Very Satisfied,Low,0,1
771,2023-03-04 02:00:00,3821.0,Bill Payment,2.0,4,Excellent,High,0,1
255,2023-03-04 03:00:00,3484.0,Purchase,8.0,9,Good Service,Medium,0,1
959,2023-03-04 04:00:00,2633.0,Loan Payment,4.0,7,Very Satisfied,Medium,0,1
917,2023-03-04 05:00:00,1413.0,Bill Payment,6.0,7,Needs Improvement,Medium,0,1
23,2023-03-04 06:00:00,2588.0,Investment,8.0,6,Good Service,Medium,0,1
905,2023-03-04 07:00:00,341.0,Bill Payment,3.0,5,Needs Improvement,Low,0,1
758,2023-03-04 08:00:00,4758.0,Bill Payment,10.0,10,Good Service,High,0,1
339,2023-03-04 09:00:00,3618.0,Bill Payment,7.0,3,Very Satisfied,Medium,1,1
493,2023-03-04 10:00:00,749.0,Purchase,1.0,5,Good Service,Low,1,1
823,2023-03-04 11:00:00,4616.0,Loan Payment,8.0,4,Unsatisfactory,High,1,1
511,2023-03-04 12:00:00,51.0,Bill Payment,10.0,3,Needs Improvement,Low,1,1
366,2023-03-04 13:00:00,4990.0,Investment,4.0,1,Excellent,High,1,1
372,2023-03-04 14:00:00,3888.0,Bill Payment,4.0,9,Needs Improvement,High,1,1
915,2023-03-04 15:00:00,1959.0,Bill Payment,5.0,1,Excellent,Medium,1,1
830,2023-03-04 16:00:00,3470.0,Loan Payment,8.0,4,Needs Improvement,Medium,1,1
599,2023-03-04 17:00:00,2138.0,Investment,5.0,7,Unsatisfactory,Medium,0,1
219,2023-03-04 18:00:00,4507.0,Investment,9.0,3,Good Service,High,0,1
475,2023-03-04 19:00:00,2164.0,Purchase,6.0,5,Very Satisfied,Medium,0,1
423,2023-03-04 20:00:00,1247.0,Investment,6.0,10,Unsatisfactory,Low,0,1
356,2023-03-04 21:00:00,1776.0,Investment,9.0,2,Good Service,Medium,0,1
460,2023-03-04 22:00:00,1851.0,Investment,2.0,4,Very Satisfied,Medium,0,1
503,2023-03-04 23:00:00,515.0,Bill Payment,8.0,2,Good Service,Low,0,1
27,2023-03-05 00:00:00,1851.0,Purchase,6.0,5,Unsatisfactory,Medium,0,1
942,2023-03-05 01:00:00,4825.0,Investment,2.0,3,Good Service,High,0,1
802,2023-03-05 02:00:00,1404.0,Investment,5.0,7,Needs Improvement,Medium,0,1
801,2023-03-05 03:00:00,266.0,Investment,8.0,7,Unsatisfactory,Low,0,1
860,2023-03-05 04:00:00,1730.0,Bill Payment,7.0,10,Very Satisfied,Medium,0,1
223,2023-03-05 05:00:00,1081.0,Bill Payment,2.0,4,Very Satisfied,Low,0,1
864,2023-03-05 06:00:00,1632.0,Purchase,10.0,4,Good Service,Medium,0,1
690,2023-03-05 07:00:00,2076.0,Loan Payment,10.0,7,Very Satisfied,Medium,0,1
148,2023-03-05 08:00:00,1079.0,Purchase,10.0,1,Unsatisfactory,Low,0,1
424,2023-03-05 09:00:00,460.0,Bill Payment,5.0,7,Very Satisfied,Low,1,1
739,2023-03-05 10:00:00,907.0,Investment,3.0,4,Good Service,Low,1,1
351,2023-03-05 11:00:00,4846.0,Investment,9.0,8,Very Satisfied,High,1,1
186,2023-03-05 12:00:00,3738.0,Purchase,7.0,3,Needs Improvement,High,1,1
415,2023-03-05 13:00:00,91.0,Investment,5.0,5,Excellent,Low,1,1
806,2023-03-05 14:00:00,746.0,Bill Payment,8.0,3,Good Service,Low,1,1
982,2023-03-05 15:00:00,4184.0,Purchase,9.0,8,Unsatisfactory,High,1,1
429,2023-03-05 16:00:00,3954.0,Loan Payment,6.0,4,Needs Improvement,High,1,1
41,2023-03-05 17:00:00,2217.0,Bill Payment,3.0,10,Excellent,Medium,0,1
905,2023-03-05 18:00:00,3958.0,Bill Payment,3.0,5,Needs Improvement,High,0,1
393,2023-03-05 19:00:00,2012.0,Investment,1.0,3,Excellent,Medium,0,1
703,2023-03-05 20:00:00,2460.0,Bill Payment,6.0,7,Good Service,Medium,0,1
79,2023-03-05 21:00:00,1189.0,Bill Payment,8.0,7,Good Service,Low,0,1
717,2023-03-05 22:00:00,2945.0,Loan Payment,2.0,9,Very Satisfied,Medium,0,1
896,2023-03-05 23:00:00,2525.0,Investment,5.0,2,Needs Improvement,Medium,0,1
790,2023-03-06 00:00:00,4958.0,Bill Payment,2.0,4,Unsatisfactory,High,0,0
784,2023-03-06 01:00:00,471.0,Investment,6.0,10,Needs Improvement,Low,0,0
544,2023-03-06 02:00:00,2911.0,Bill Payment,5.0,5,Good Service,Medium,0,0
450,2023-03-06 03:00:00,2460.0,Loan Payment,7.0,10,Very Satisfied,Medium,0,0
474,2023-03-06 04:00:00,1664.0,Investment,8.0,4,Good Service,Medium,0,0
142,2023-03-06 05:00:00,4571.0,Investment,6.0,7,Unsatisfactory,High,0,0
251,2023-03-06 06:00:00,1808.0,Loan Payment,10.0,2,Unsatisfactory,Medium,0,0
294,2023-03-06 07:00:00,669.0,Purchase,9.0,2,Very Satisfied,Low,0,0
610,2023-03-06 08:00:00,3247.0,Bill Payment,3.0,7,Unsatisfactory,Medium,0,0
136,2023-03-06 09:00:00,2132.0,Bill Payment,5.0,2,Needs Improvement,Medium,1,0
484,2023-03-06 10:00:00,3829.0,Purchase,5.0,10,Excellent,High,1,0
789,2023-03-06 11:00:00,3353.0,Investment,1.0,7,Excellent,Medium,1,0
312,2023-03-06 12:00:00,2560.0,Investment,5.0,3,Needs Improvement,Medium,1,0
814,2023-03-06 13:00:00,4900.0,Loan Payment,3.0,5,Very Satisfied,High,1,0
555,2023-03-06 14:00:00,1596.0,Loan Payment,10.0,5,Very Satisfied,Medium,1,0
632,2023-03-06 15:00:00,4692.0,Loan Payment,2.0,6,Good Service,High,1,0
732,2023-03-06 16:00:00,2757.0,Purchase,8.0,3,Excellent,Medium,1,0
46,2023-03-06 17:00:00,644.0,Purchase,6.0,1,Good Service,Low,0,0
236,2023-03-06 18:00:00,2892.0,Investment,6.0,6,Unsatisfactory,Medium,0,0
48,2023-03-06 19:00:00,2821.0,Loan Payment,2.0,4,Very Satisfied,Medium,0,0
198,2023-03-06 20:00:00,4463.0,Investment,10.0,7,Needs Improvement,High,0,0
84,2023-03-06 21:00:00,4025.0,Purchase,2.0,5,Very Satisfied,High,0,0
543,2023-03-06 22:00:00,2749.0,Bill Payment,5.0,6,Very Satisfied,Medium,0,0
161,2023-03-06 23:00:00,1894.0,Investment,5.0,2,Good Service,Medium,0,0
428,2023-03-07 00:00:00,1528.0,Purchase,4.0,4,Unsatisfactory,Medium,0,0
71,2023-03-07 01:00:00,631.0,Loan Payment,1.0,5,Excellent,Low,0,0
520,2023-03-07 02:00:00,4587.0,Bill Payment,5.0,2,Very Satisfied,High,0,0
969,2023-03-07 03:00:00,1547.0,Bill Payment,2.0,2,Unsatisfactory,Medium,0,0
898,2023-03-07 04:00:00,2347.0,Bill Payment,6.0,5,Very Satisfied,Medium,0,0
913,2023-03-07 05:00:00,2004.0,Loan Payment,8.0,4,Very Satisfied,Medium,0,0
52,2023-03-07 06:00:00,2080.0,Bill Payment,6.0,7,Good Service,Medium,0,0
45,2023-03-07 07:00:00,4911.0,Purchase,4.0,3,Needs Improvement,High,0,0
293,2023-03-07 08:00:00,4940.0,Investment,8.0,4,Needs Improvement,High,0,0
938,2023-03-07 09:00:00,2375.0,Bill Payment,9.0,10,Good Service,Medium,1,0
812,2023-03-07 10:00:00,2855.0,Bill Payment,2.0,4,Needs Improvement,Medium,1,0
465,2023-03-07 11:00:00,3048.0,Purchase,1.0,8,Good Service,Medium,1,0
885,2023-03-07 12:00:00,864.0,Loan Payment,7.0,9,Needs Improvement,Low,1,0
550,2023-03-07 13:00:00,2738.0,Bill Payment,4.0,9,Very Satisfied,Medium,1,0
867,2023-03-07 14:00:00,925.0,Purchase,8.0,8,Unsatisfactory,Low,1,0
380,2023-03-07 15:00:00,4948.0,Purchase,1.0,5,Very Satisfied,High,1,0
743,2023-03-07 16:00:00,141.0,Loan Payment,5.0,8,Unsatisfactory,Low,1,0
478,2023-03-07 17:00:00,1126.0,Loan Payment,3.0,8,Needs Improvement,Low,0,0
262,2023-03-07 18:00:00,3603.0,Investment,10.0,8,Excellent,Medium,0,0
580,2023-03-07 19:00:00,870.0,Bill Payment,1.0,4,Very Satisfied,Low,0,0
179,2023-03-07 20:00:00,303.0,Investment,4.0,5,Very Satisfied,Low,0,0
357,2023-03-07 21:00:00,2698.0,Purchase,10.0,9,Needs Improvement,Medium,0,0
419,2023-03-07 22:00:00,1009.0,Bill Payment,3.0,6,Unsatisfactory,Low,0,0
698,2023-03-07 23:00:00,2306.0,Purchase,10.0,8,Good Service,Medium,0,0
953,2023-03-08 00:00:00,3695.0,Purchase,7.0,9,Unsatisfactory,High,0,0
201,2023-03-08 01:00:00,296.0,Purchase,6.0,6,Needs Improvement,Low,0,0
902,2023-03-08 02:00:00,459.0,Loan Payment,1.0,5,Unsatisfactory,Low,0,0
13,2023-03-08 03:00:00,2348.0,Loan Payment,7.0,5,Very Satisfied,Medium,0,0
443,2023-03-08 04:00:00,3250.0,Bill Payment,1.0,2,Good Service,Medium,0,0
726,2023-03-08 05:00:00,2713.0,Purchase,3.0,7,Good Service,Medium,0,0
732,2023-03-08 06:00:00,3126.0,Purchase,8.0,3,Excellent,Medium,0,0
286,2023-03-08 07:00:00,4581.0,Bill Payment,7.0,4,Excellent,High,0,0
756,2023-03-08 08:00:00,262.0,Investment,2.0,8,Needs Improvement,Low,0,0
868,2023-03-08 09:00:00,1429.0,Purchase,8.0,8,Good Service,Medium,1,0
258,2023-03-08 10:00:00,2346.0,Loan Payment,4.0,1,Good Service,Medium,1,0
570,2023-03-08 11:00:00,1245.0,Investment,9.0,3,Good Service,Low,1,0
548,2023-03-08 12:00:00,1009.0,Investment,6.0,10,Needs Improvement,Low,1,0
840,2023-03-08 13:00:00,3770.0,Investment,2.0,2,Unsatisfactory,High,1,0
941,2023-03-08 14:00:00,4126.0,Investment,7.0,2,Excellent,High,1,0
490,2023-03-08 15:00:00,4421.0,Investment,8.0,8,Excellent,High,1,0
498,2023-03-08 16:00:00,2621.0,Investment,8.0,4,Excellent,Medium,1,0
905,2023-03-08 17:00:00,1456.0,Bill Payment,3.0,5,Needs Improvement,Medium,0,0
894,2023-03-08 18:00:00,2180.0,Bill Payment,7.0,8,Very Satisfied,Medium,0,0
705,2023-03-08 19:00:00,2931.0,Investment,8.0,4,Unsatisfactory,Medium,0,0
333,2023-03-08 20:00:00,3693.0,Loan Payment,3.0,9,Needs Improvement,High,0,0
562,2023-03-08 21:00:00,2271.0,Bill Payment,9.0,2,Good Service,Medium,0,0
975,2023-03-08 22:00:00,1955.0,Bill Payment,4.0,5,Excellent,Medium,0,0
32,2023-03-08 23:00:00,4944.0,Investment,3.0,7,Needs Improvement,High,0,0
610,2023-03-09 00:00:00,1863.0,Loan Payment,3.0,7,Unsatisfactory,Medium,0,0
43,2023-03-09 01:00:00,609.0,Investment,4.0,1,Good Service,Low,0,0
893,2023-03-09 02:00:00,4897.0,Loan Payment,8.0,9,Unsatisfactory,High,0,0
351,2023-03-09 03:00:00,4145.0,Loan Payment,9.0,8,Very Satisfied,High,0,0
334,2023-03-09 04:00:00,3413.0,Purchase,4.0,7,Very Satisfied,Medium,0,0
822,2023-03-09 05:00:00,3000.0,Bill Payment,7.0,10,Very Satisfied,Medium,0,0
559,2023-03-09 06:00:00,2460.0,Investment,6.0,5,Unsatisfactory,Medium,0,0
270,2023-03-09 07:00:00,4287.0,Bill Payment,7.0,3,Needs Improvement,High,0,0
944,2023-03-09 08:00:00,4370.0,Bill Payment,3.0,2,Unsatisfactory,High,0,0
823,2023-03-09 09:00:00,2828.0,Loan Payment,8.0,4,Unsatisfactory,Medium,1,0
413,2023-03-09 10:00:00,872.0,Bill Payment,10.0,6,Needs Improvement,Low,1,0
943,2023-03-09 11:00:00,4537.0,Purchase,8.0,1,Very Satisfied,High,1,0
575,2023-03-09 12:00:00,4065.0,Investment,5.0,1,Needs Improvement,High,1,0
19,2023-03-09 13:00:00,1229.0,Bill Payment,3.0,5,Needs Improvement,Low,1,0
347,2023-03-09 14:00:00,3805.0,Investment,6.0,9,Excellent,High,1,0
905,2023-03-09 15:00:00,4614.0,Bill Payment,3.0,5,Needs Improvement,High,1,0
613,2023-03-09 16:00:00,4552.0,Investment,1.0,10,Needs Improvement,High,1,0
37,2023-03-09 17:00:00,537.0,Investment,4.0,2,Very Satisfied,Low,0,0
619,2023-03-09 18:00:00,2932.0,Investment,5.0,9,Unsatisfactory,Medium,0,0
92,2023-03-09 19:00:00,3214.0,Bill Payment,7.0,6,Needs Improvement,Medium,0,0
820,2023-03-09 20:00:00,1172.0,Purchase,2.0,8,Needs Improvement,Low,0,0
185,2023-03-09 21:00:00,4774.0,Investment,7.0,5,Excellent,High,0,0
728,2023-03-09 22:00:00,3574.0,Loan Payment,6.0,2,Unsatisfactory,Medium,0,0
28,2023-03-09 23:00:00,856.0,Loan Payment,6.0,2,Good Service,Low,0,0
548,2023-03-10 00:00:00,2127.0,Loan Payment,6.0,10,Needs Improvement,Medium,0,0
372,2023-03-10 01:00:00,3096.0,Purchase,4.0,9,Needs Improvement,Medium,0,0
832,2023-03-10 02:00:00,1780.0,Investment,5.0,6,Unsatisfactory,Medium,0,0
530,2023-03-10 03:00:00,3293.0,Purchase,10.0,10,Good Service,Medium,0,0
345,2023-03-10 04:00:00,1835.0,Investment,6.0,3,Unsatisfactory,Medium,0,0
419,2023-03-10 05:00:00,3333.0,Purchase,3.0,6,Unsatisfactory,Medium,0,0
196,2023-03-10 06:00:00,455.0,Investment,10.0,10,Needs Improvement,Low,0,0
78,2023-03-10 07:00:00,1035.0,Loan Payment,6.0,4,Excellent,Low,0,0
167,2023-03-10 08:00:00,1781.0,Investment,4.0,9,Unsatisfactory,Medium,0,0
90,2023-03-10 09:00:00,1369.0,Purchase,2.0,6,Very Satisfied,Medium,1,0
264,2023-03-10 10:00:00,28.0,Investment,6.0,10,Unsatisfactory,Low,1,0
472,2023-03-10 11:00:00,570.0,Bill Payment,10.0,6,Good Service,Low,1,0
208,2023-03-10 12:00:00,481.0,Investment,2.0,2,Excellent,Low,1,0
724,2023-03-10 13:00:00,37.0,Loan Payment,4.0,1,Needs Improvement,Low,1,0
271,2023-03-10 14:00:00,569.0,Investment,1.0,3,Excellent,Low,1,0
263,2023-03-10 15:00:00,2665.0,Bill Payment,9.0,6,Very Satisfied,Medium,1,0
506,2023-03-10 16:00:00,3246.0,Bill Payment,5.0,2,Needs Improvement,Medium,1,0
785,2023-03-10 17:00:00,4563.0,Bill Payment,8.0,5,Needs Improvement,High,0,0
512,2023-03-10 18:00:00,954.0,Purchase,5.0,2,Very Satisfied,Low,0,0
854,2023-03-10 19:00:00,3958.0,Bill Payment,5.0,8,Unsatisfactory,High,0,0
726,2023-03-10 20:00:00,3666.0,Purchase,3.0,7,Good Service,Medium,0,0
886,2023-03-10 21:00:00,4973.0,Bill Payment,6.0,10,Good Service,High,0,0
576,2023-03-10 22:00:00,3073.0,Purchase,4.0,3,Unsatisfactory,Medium,0,0
524,2023-03-10 23:00:00,1989.0,Bill Payment,7.0,3,Good Service,Medium,0,0
722,2023-03-11 00:00:00,2726.0,Bill Payment,5.0,4,Good Service,Medium,0,1
312,2023-03-11 01:00:00,4931.0,Investment,5.0,3,Needs Improvement,High,0,1
174,2023-03-11 02:00:00,825.0,Bill Payment,6.0,2,Good Service,Low,0,1
431,2023-03-11 03:00:00,2336.0,Investment,1.0,7,Good Service,Medium,0,1
768,2023-03-11 04:00:00,2340.0,Bill Payment,6.0,5,Excellent,Medium,0,1
463,2023-03-11 05:00:00,1012.0,Bill Payment,5.0,7,Unsatisfactory,Low,0,1
101,2023-03-11 06:00:00,1552.0,Investment,6.0,6,Very Satisfied,Medium,0,1
16,2023-03-11 07:00:00,4214.0,Investment,7.0,2,Excellent,High,0,1
709,2023-03-11 08:00:00,1239.0,Purchase,7.0,3,Unsatisfactory,Low,0,1
258,2023-03-11 09:00:00,3315.0,Loan Payment,4.0,1,Good Service,Medium,1,1
896,2023-03-11 10:00:00,2539.0,Investment,5.0,2,Needs Improvement,Medium,1,1
244,2023-03-11 11:00:00,1440.0,Purchase,2.0,4,Very Satisfied,Medium,1,1
348,2023-03-11 12:00:00,3922.0,Bill Payment,6.0,8,Unsatisfactory,High,1,1
249,2023-03-11 13:00:00,1542.0,Investment,10.0,7,Needs Improvement,Medium,1,1
105,2023-03-11 14:00:00,1902.0,Investment,8.0,4,Good Service,Medium,1,1
694,2023-03-11 15:00:00,3134.0,Bill Payment,2.0,8,Very Satisfied,Medium,1,1
667,2023-03-11 16:00:00,1431.0,Bill Payment,4.0,5,Excellent,Medium,1,1
287,2023-03-11 17:00:00,400.0,Bill Payment,8.0,10,Excellent,Low,0,1
169,2023-03-11 18:00:00,2828.0,Bill Payment,7.0,2,Good Service,Medium,0,1
420,2023-03-11 19:00:00,1879.0,Loan Payment,5.0,8,Good Service,Medium,0,1
47,2023-03-11 20:00:00,2970.0,Investment,7.0,6,Unsatisfactory,Medium,0,1
43,2023-03-11 21:00:00,1205.0,Bill Payment,4.0,1,Good Service,Low,0,1
321,2023-03-11 22:00:00,2615.0,Bill Payment,3.0,7,Good Service,Medium,0,1
818,2023-03-11 23:00:00,867.0,Loan Payment,9.0,1,Good Service,Low,0,1
221,2023-03-12 00:00:00,3237.0,Investment,6.0,7,Excellent,Medium,0,1
513,2023-03-12 01:00:00,1526.0,Purchase,4.0,9,Good Service,Medium,0,1
712,2023-03-12 02:00:00,1163.0,Investment,2.0,6,Good Service,Low,0,1
441,2023-03-12 03:00:00,852.0,Purchase,5.0,3,Good Service,Low,0,1
144,2023-03-12 04:00:00,1692.0,Loan Payment,7.0,3,Good Service,Medium,0,1
890,2023-03-12 05:00:00,304.0,Bill Payment,3.0,5,Unsatisfactory,Low,0,1
28,2023-03-12 06:00:00,654.0,Loan Payment,6.0,2,Good Service,Low,0,1
854,2023-03-12 07:00:00,3643.0,Investment,5.0,8,Unsatisfactory,Medium,0,1
850,2023-03-12 08:00:00,2145.0,Bill Payment,8.0,9,Excellent,Medium,0,1
790,2023-03-12 09:00:00,120.0,Investment,2.0,4,Unsatisfactory,Low,1,1
553,2023-03-12 10:00:00,593.0,Purchase,6.0,9,Very Satisfied,Low,1,1
844,2023-03-12 11:00:00,3235.0,Investment,9.0,6,Very Satisfied,Medium,1,1
659,2023-03-12 12:00:00,1496.0,Loan Payment,5.0,5,Excellent,Medium,1,1
857,2023-03-12 13:00:00,4874.0,Loan Payment,7.0,9,Good Service,High,1,1
690,2023-03-12 14:00:00,1658.0,Loan Payment,10.0,7,Very Satisfied,Medium,1,1
827,2023-03-12 15:00:00,2391.0,Bill Payment,4.0,7,Good Service,Medium,1,1
837,2023-03-12 16:00:00,115.0,Investment,6.0,7,Very Satisfied,Low,1,1
930,2023-03-12 17:00:00,3563.0,Bill Payment,3.0,8,Unsatisfactory,Medium,0,1
167,2023-03-12 18:00:00,1704.0,Investment,4.0,9,Unsatisfactory,Medium,0,1
635,2023-03-12 19:00:00,1743.0,Purchase,7.0,9,Needs Improvement,Medium,0,1
586,2023-03-12 20:00:00,391.0,Investment,4.0,7,Needs Improvement,Low,0,1
751,2023-03-12 21:00:00,2746.0,Investment,10.0,10,Unsatisfactory,Medium,0,1
249,2023-03-12 22:00:00,4366.0,Investment,10.0,7,Needs Improvement,High,0,1
775,2023-03-12 23:00:00,1326.0,Investment,10.0,10,Needs Improvement,Medium,0,1
764,2023-03-13 00:00:00,2712.0,Purchase,8.0,6,Good Service,Medium,0,0
357,2023-03-13 01:00:00,4925.0,Bill Payment,10.0,9,Needs Improvement,High,0,0
111,2023-03-13 02:00:00,4084.0,Loan Payment,6.0,5,Good Service,High,0,0
692,2023-03-13 03:00:00,4814.0,Investment,8.0,5,Unsatisfactory,High,0,0
700,2023-03-13 04:00:00,916.0,Loan Payment,7.0,5,Needs Improvement,Low,0,0
820,2023-03-13 05:00:00,672.0,Loan Payment,2.0,8,Needs Improvement,Low,0,0
719,2023-03-13 06:00:00,472.0,Loan Payment,9.0,10,Needs Improvement,Low,0,0
234,2023-03-13 07:00:00,2912.0,Loan Payment,5.0,10,Needs Improvement,Medium,0,0
24,2023-03-13 08:00:00,4690.0,Investment,2.0,7,Good Service,High,0,0
26,2023-03-13 09:00:00,952.0,Loan Payment,7.0,10,Good Service,Low,1,0
381,2023-03-13 10:00:00,167.0,Investment,6.0,7,Needs Improvement,Low,1,0
730,2023-03-13 11:00:00,3319.0,Purchase,3.0,1,Very Satisfied,Medium,1,0
346,2023-03-13 12:00:00,1336.0,Bill Payment,8.0,6,Unsatisfactory,Medium,1,0
378,2023-03-13 13:00:00,2727.0,Bill Payment,5.0,4,Good Service,Medium,1,0
522,2023-03-13 14:00:00,2678.0,Investment,2.0,8,Excellent,Medium,1,0
17,2023-03-13 15:00:00,2578.0,Investment,2.0,5,Needs Improvement,Medium,1,0
245,2023-03-13 16:00:00,3402.0,Bill Payment,5.0,9,Good Service,Medium,1,0
718,2023-03-13 17:00:00,2116.0,Loan Payment,7.0,4,Needs Improvement,Medium,0,0
770,2023-03-13 18:00:00,4809.0,Investment,4.0,9,Needs Improvement,High,0,0
624,2023-03-13 19:00:00,657.0,Loan Payment,6.0,7,Very Satisfied,Low,0,0
717,2023-03-13 20:00:00,3332.0,Investment,2.0,9,Very Satisfied,Medium,0,0
539,2023-03-13 21:00:00,2948.0,Investment,8.0,6,Very Satisfied,Medium,0,0
969,2023-03-13 22:00:00,2493.0,Purchase,2.0,2,Unsatisfactory,Medium,0,0
583,2023-03-13 23:00:00,4251.0,Purchase,10.0,3,Very Satisfied,High,0,0
688,2023-03-14 00:00:00,2916.0,Bill Payment,2.0,4,Excellent,Medium,0,0
202,2023-03-14 01:00:00,3035.0,Purchase,2.0,3,Good Service,Medium,0,0
248,2023-03-14 02:00:00,1385.0,Purchase,4.0,4,Excellent,Medium,0,0
118,2023-03-14 03:00:00,1833.0,Bill Payment,6.0,3,Good Service,Medium,0,0
9,2023-03-14 04:00:00,254.0,Loan Payment,10.0,9,Good Service,Low,0,0
598,2023-03-14 05:00:00,2358.0,Purchase,5.0,6,Needs Improvement,Medium,0,0
23,2023-03-14 06:00:00,877.0,Loan Payment,8.0,6,Good Service,Low,0,0
967,2023-03-14 07:00:00,2871.0,Bill Payment,5.0,2,Very Satisfied,Medium,0,0
240,2023-03-14 08:00:00,489.0,Investment,3.0,6,Needs Improvement,Low,0,0
585,2023-03-14 09:00:00,2472.0,Loan Payment,6.0,10,Needs Improvement,Medium,1,0
27,2023-03-14 10:00:00,7315.0,Bill Payment,6.0,5,Unsatisfactory,High,1,0
984,2023-03-14 11:00:00,3383.0,Loan Payment,7.0,10,Unsatisfactory,Medium,1,0
861,2023-03-14 12:00:00,3031.0,Bill Payment,6.0,4,Needs Improvement,Medium,1,0
81,2023-03-14 13:00:00,3202.0,Bill Payment,3.0,8,Very Satisfied,Medium,1,0
596,2023-03-14 14:00:00,97.0,Investment,2.0,2,Good Service,Low,1,0
199,2023-03-14 15:00:00,1250.0,Loan Payment,5.0,3,Excellent,Low,1,0
555,2023-03-14 16:00:00,582.0,Investment,10.0,5,Very Satisfied,Low,1,0
1000,2023-03-14 17:00:00,823.0,Investment,5.0,10,Unsatisfactory,Low,0,0
775,2023-03-14 18:00:00,188.0,Loan Payment,10.0,10,Needs Improvement,Low,0,0
92,2023-03-14 19:00:00,1735.0,Loan Payment,7.0,6,Needs Improvement,Medium,0,0
851,2023-03-14 20:00:00,172.0,Bill Payment,6.0,5,Good Service,Low,0,0
959,2023-03-14 21:00:00,2650.0,Loan Payment,4.0,7,Very Satisfied,Medium,0,0
84,2023-03-14 22:00:00,1015.0,Bill Payment,2.0,5,Very Satisfied,Low,0,0
300,2023-03-14 23:00:00,2358.0,Bill Payment,7.0,5,Unsatisfactory,Medium,0,0
935,2023-03-15 00:00:00,2431.0,Bill Payment,1.0,9,Excellent,Medium,0,0
296,2023-03-15 01:00:00,2765.0,Bill Payment,2.0,4,Excellent,Medium,0,0
647,2023-03-15 02:00:00,4308.0,Bill Payment,10.0,5,Very Satisfied,High,0,0
454,2023-03-15 03:00:00,4152.0,Bill Payment,9.0,2,Unsatisfactory,High,0,0
281,2023-03-15 04:00:00,4568.0,Loan Payment,8.0,7,Needs Improvement,High,0,0
59,2023-03-15 05:00:00,3751.0,Loan Payment,2.0,7,Excellent,High,0,0
909,2023-03-15 06:00:00,4513.0,Purchase,6.0,6,Good Service,High,0,0
871,2023-03-15 07:00:00,1227.0,Loan Payment,5.0,4,Good Service,Low,0,0
1000,2023-03-15 08:00:00,2484.0,Investment,5.0,10,Unsatisfactory,Medium,0,0
342,2023-03-15 09:00:00,939.0,Purchase,3.0,2,Unsatisfactory,Low,1,0
753,2023-03-15 10:00:00,326.0,Loan Payment,7.0,5,Unsatisfactory,Low,1,0
465,2023-03-15 11:00:00,1512.0,Investment,1.0,8,Good Service,Medium,1,0
880,2023-03-15 12:00:00,430.0,Loan Payment,8.0,4,Good Service,Low,1,0
342,2023-03-15 13:00:00,4368.0,Bill Payment,3.0,2,Unsatisfactory,High,1,0
610,2023-03-15 14:00:00,2460.0,Purchase,3.0,7,Unsatisfactory,Medium,1,0
62,2023-03-15 15:00:00,437.0,Bill Payment,8.0,5,Good Service,Low,1,0
776,2023-03-15 16:00:00,406.0,Purchase,5.0,6,Needs Improvement,Low,1,0
625,2023-03-15 17:00:00,805.0,Purchase,2.0,8,Good Service,Low,0,0
429,2023-03-15 18:00:00,116.0,Bill Payment,6.0,4,Needs Improvement,Low,0,0
658,2023-03-15 19:00:00,4059.0,Purchase,1.0,10,Needs Improvement,High,0,0
728,2023-03-15 20:00:00,107.0,Purchase,6.0,2,Unsatisfactory,Low,0,0
256,2023-03-15 21:00:00,1913.0,Loan Payment,2.0,5,Very Satisfied,Medium,0,0
828,2023-03-15 22:00:00,3580.0,Investment,4.0,6,Unsatisfactory,Medium,0,0
828,2023-03-15 23:00:00,3311.0,Bill Payment,4.0,6,Unsatisfactory,Medium,0,0
874,2023-03-16 00:00:00,52.0,Loan Payment,7.0,1,Good Service,Low,0,0
770,2023-03-16 01:00:00,1587.0,Loan Payment,4.0,9,Needs Improvement,Medium,0,0
706,2023-03-16 02:00:00,4200.0,Bill Payment,1.0,2,Good Service,High,0,0
347,2023-03-16 03:00:00,4293.0,Purchase,6.0,9,Excellent,High,0,0
526,2023-03-16 04:00:00,394.0,Bill Payment,5.0,5,Good Service,Low,0,0
304,2023-03-16 05:00:00,4924.0,Investment,4.0,1,Good Service,High,0,0
615,2023-03-16 06:00:00,3481.0,Investment,9.0,4,Very Satisfied,Medium,0,0
245,2023-03-16 07:00:00,3587.0,Bill Payment,5.0,9,Good Service,Medium,0,0
757,2023-03-16 08:00:00,3248.0,Loan Payment,6.0,6,Unsatisfactory,Medium,0,0
824,2023-03-16 09:00:00,1706.0,Bill Payment,8.0,9,Very Satisfied,Medium,1,0
780,2023-03-16 10:00:00,2144.0,Investment,4.0,7,Very Satisfied,Medium,1,0
736,2023-03-16 11:00:00,3902.0,Bill Payment,8.0,2,Unsatisfactory,High,1,0
732,2023-03-16 12:00:00,2546.0,Purchase,8.0,3,Excellent,Medium,1,0
823,2023-03-16 13:00:00,4331.0,Bill Payment,8.0,4,Unsatisfactory,High,1,0
412,2023-03-16 14:00:00,2402.0,Loan Payment,4.0,9,Excellent,Medium,1,0
878,2023-03-16 15:00:00,4623.0,Purchase,2.0,8,Needs Improvement,High,1,0
217,2023-03-16 16:00:00,3825.0,Investment,2.0,7,Excellent,High,1,0
516,2023-03-16 17:00:00,2460.0,Bill Payment,7.0,5,Good Service,Medium,0,0
474,2023-03-16 18:00:00,423.0,Loan Payment,8.0,4,Good Service,Low,0,0
36,2023-03-16 19:00:00,2005.0,Loan Payment,9.0,8,Very Satisfied,Medium,0,0
178,2023-03-16 20:00:00,13.0,Investment,6.0,2,Good Service,Low,0,0
387,2023-03-16 21:00:00,187.0,Bill Payment,5.0,3,Good Service,Low,0,0
769,2023-03-16 22:00:00,755.0,Loan Payment,3.0,2,Excellent,Low,0,0
17,2023-03-16 23:00:00,4364.0,Purchase,2.0,5,Needs Improvement,High,0,0
711,2023-03-17 00:00:00,661.0,Bill Payment,9.0,6,Needs Improvement,Low,0,0
830,2023-03-17 01:00:00,3899.0,Investment,8.0,4,Needs Improvement,High,0,0
48,2023-03-17 02:00:00,3281.0,Purchase,2.0,4,Very Satisfied,Medium,0,0
62,2023-03-17 03:00:00,2492.0,Bill Payment,8.0,5,Good Service,Medium,0,0
69,2023-03-17 04:00:00,299.0,Loan Payment,5.0,1,Excellent,Low,0,0
659,2023-03-17 05:00:00,812.0,Investment,5.0,5,Excellent,Low,0,0
871,2023-03-17 06:00:00,2540.0,Investment,5.0,4,Good Service,Medium,0,0
366,2023-03-17 07:00:00,243.0,Bill Payment,4.0,1,Excellent,Low,0,0
162,2023-03-17 08:00:00,417.0,Investment,6.0,5,Unsatisfactory,Low,0,0
739,2023-03-17 09:00:00,703.0,Purchase,3.0,4,Good Service,Low,1,0
945,2023-03-17 10:00:00,1179.0,Bill Payment,6.0,2,Very Satisfied,Low,1,0
976,2023-03-17 11:00:00,4667.0,Purchase,10.0,8,Very Satisfied,High,1,0
488,2023-03-17 12:00:00,2487.0,Investment,9.0,9,Good Service,Medium,1,0
431,2023-03-17 13:00:00,441.0,Investment,1.0,7,Good Service,Low,1,0
999,2023-03-17 14:00:00,2554.0,Investment,10.0,9,Good Service,Medium,1,0
859,2023-03-17 15:00:00,992.0,Purchase,9.0,4,Excellent,Low,1,0
489,2023-03-17 16:00:00,3170.0,Investment,9.0,6,Unsatisfactory,Medium,1,0
230,2023-03-17 17:00:00,3054.0,Bill Payment,2.0,2,Good Service,Medium,0,0
370,2023-03-17 18:00:00,3934.0,Loan Payment,10.0,1,Very Satisfied,High,0,0
178,2023-03-17 19:00:00,2460.0,Bill Payment,6.0,2,Good Service,Medium,0,0
857,2023-03-17 20:00:00,4883.0,Loan Payment,7.0,9,Good Service,High,0,0
410,2023-03-17 21:00:00,4328.0,Investment,1.0,8,Needs Improvement,High,0,0
568,2023-03-17 22:00:00,1698.0,Bill Payment,8.0,3,Good Service,Medium,0,0
590,2023-03-17 23:00:00,477.0,Purchase,6.0,10,Excellent,Low,0,0
270,2023-03-18 00:00:00,2626.0,Loan Payment,7.0,3,Needs Improvement,Medium,0,1
206,2023-03-18 01:00:00,1355.0,Purchase,3.0,3,Good Service,Medium,0,1
793,2023-03-18 02:00:00,2432.0,Loan Payment,4.0,2,Needs Improvement,Medium,0,1
740,2023-03-18 03:00:00,4517.0,Investment,9.0,6,Good Service,High,0,1
900,2023-03-18 04:00:00,4731.0,Bill Payment,6.0,4,Needs Improvement,High,0,1
751,2023-03-18 05:00:00,1021.0,Loan Payment,10.0,10,Unsatisfactory,Low,0,1
975,2023-03-18 06:00:00,1687.0,Bill Payment,4.0,5,Excellent,Medium,0,1
800,2023-03-18 07:00:00,3707.0,Loan Payment,8.0,10,Very Satisfied,High,0,1
82,2023-03-18 08:00:00,4907.0,Loan Payment,4.0,8,Good Service,High,0,1
846,2023-03-18 09:00:00,4076.0,Investment,8.0,3,Good Service,High,1,1
762,2023-03-18 10:00:00,2460.0,Loan Payment,4.0,4,Very Satisfied,Medium,1,1
193,2023-03-18 11:00:00,2879.0,Purchase,1.0,4,Needs Improvement,Medium,1,1
618,2023-03-18 12:00:00,4360.0,Loan Payment,7.0,4,Very Satisfied,High,1,1
189,2023-03-18 13:00:00,1496.0,Loan Payment,1.0,3,Very Satisfied,Medium,1,1
276,2023-03-18 14:00:00,3349.0,Loan Payment,10.0,5,Good Service,Medium,1,1
74,2023-03-18 15:00:00,1426.0,Investment,7.0,9,Unsatisfactory,Medium,1,1
10,2023-03-18 16:00:00,4867.0,Bill Payment,7.0,1,Good Service,High,1,1
635,2023-03-18 17:00:00,2856.0,Bill Payment,7.0,9,Needs Improvement,Medium,0,1
216,2023-03-18 18:00:00,1367.0,Investment,4.0,10,Unsatisfactory,Medium,0,1
290,2023-03-18 19:00:00,4070.0,Purchase,4.0,10,Needs Improvement,High,0,1
445,2023-03-18 20:00:00,4670.0,Purchase,9.0,10,Very Satisfied,High,0,1
988,2023-03-18 21:00:00,1401.0,Investment,1.0,8,Unsatisfactory,Medium,0,1
923,2023-03-18 22:00:00,1588.0,Bill Payment,1.0,2,Very Satisfied,Medium,0,1
552,2023-03-18 23:00:00,3759.0,Purchase,1.0,8,Excellent,High,0,1
193,2023-03-19 00:00:00,3635.0,Investment,1.0,4,Needs Improvement,Medium,0,1
639,2023-03-19 01:00:00,2513.0,Bill Payment,10.0,4,Unsatisfactory,Medium,0,1
289,2023-03-19 02:00:00,3147.0,Purchase,9.0,1,Good Service,Medium,0,1
964,2023-03-19 03:00:00,2919.0,Purchase,6.0,4,Very Satisfied,Medium,0,1
583,2023-03-19 04:00:00,2674.0,Investment,10.0,3,Very Satisfied,Medium,0,1
649,2023-03-19 05:00:00,409.0,Bill Payment,10.0,2,Unsatisfactory,Low,0,1
144,2023-03-19 06:00:00,4392.0,Purchase,7.0,3,Good Service,High,0,1
389,2023-03-19 07:00:00,3967.0,Investment,7.0,5,Very Satisfied,High,0,1
866,2023-03-19 08:00:00,2243.0,Purchase,6.0,3,Very Satisfied,Medium,0,1
892,2023-03-19 09:00:00,1549.0,Bill Payment,10.0,6,Unsatisfactory,Medium,1,1
407,2023-03-19 10:00:00,246.0,Loan Payment,4.0,3,Good Service,Low,1,1
811,2023-03-19 11:00:00,4920.0,Purchase,6.0,8,Good Service,High,1,1
370,2023-03-19 12:00:00,937.0,Bill Payment,10.0,1,Very Satisfied,Low,1,1
857,2023-03-19 13:00:00,4519.0,Purchase,7.0,9,Good Service,High,1,1
441,2023-03-19 14:00:00,429.0,Loan Payment,5.0,3,Good Service,Low,1,1
947,2023-03-19 15:00:00,4134.0,Loan Payment,7.0,10,Good Service,High,1,1
781,2023-03-19 16:00:00,2405.0,Purchase,2.0,6,Needs Improvement,Medium,1,1
896,2023-03-19 17:00:00,670.0,Investment,5.0,2,Needs Improvement,Low,0,1
920,2023-03-19 18:00:00,2633.0,Purchase,4.0,8,Very Satisfied,Medium,0,1
651,2023-03-19 19:00:00,3960.0,Bill Payment,3.0,6,Very Satisfied,High,0,1
564,2023-03-19 20:00:00,459.0,Investment,9.0,2,Needs Improvement,Low,0,1
529,2023-03-19 21:00:00,389.0,Bill Payment,4.0,9,Unsatisfactory,Low,0,1
677,2023-03-19 22:00:00,1260.0,Bill Payment,9.0,1,Good Service,Low,0,1
13,2023-03-19 23:00:00,2469.0,Investment,7.0,5,Very Satisfied,Medium,0,1
702,2023-03-20 00:00:00,3008.0,Loan Payment,10.0,10,Very Satisfied,Medium,0,0
987,2023-03-20 01:00:00,4461.0,Bill Payment,7.0,8,Unsatisfactory,High,0,0
340,2023-03-20 02:00:00,2311.0,Purchase,5.0,9,Good Service,Medium,0,0
865,2023-03-20 03:00:00,736.0,Loan Payment,2.0,7,Needs Improvement,Low,0,0
874,2023-03-20 04:00:00,1477.0,Loan Payment,7.0,1,Good Service,Medium,0,0
864,2023-03-20 05:00:00,2738.0,Investment,10.0,4,Good Service,Medium,0,0
776,2023-03-20 06:00:00,3162.0,Purchase,5.0,6,Needs Improvement,Medium,0,0
312,2023-03-20 07:00:00,3530.0,Purchase,5.0,3,Needs Improvement,Medium,0,0
733,2023-03-20 08:00:00,4915.0,Loan Payment,5.0,7,Good Service,High,0,0
104,2023-03-20 09:00:00,3364.0,Bill Payment,8.0,5,Good Service,Medium,1,0
339,2023-03-20 10:00:00,425.0,Bill Payment,7.0,3,Very Satisfied,Low,1,0
198,2023-03-20 11:00:00,609.0,Purchase,10.0,7,Needs Improvement,Low,1,0
300,2023-03-20 12:00:00,3084.0,Loan Payment,7.0,5,Unsatisfactory,Medium,1,0
444,2023-03-20 13:00:00,4184.0,Loan Payment,10.0,4,Unsatisfactory,High,1,0
359,2023-03-20 14:00:00,1577.0,Loan Payment,6.0,3,Unsatisfactory,Medium,1,0
368,2023-03-20 15:00:00,1104.0,Investment,2.0,2,Good Service,Low,1,0
169,2023-03-20 16:00:00,2953.0,Purchase,7.0,2,Good Service,Medium,1,0
149,2023-03-20 17:00:00,4163.0,Purchase,5.0,5,Good Service,High,0,0
761,2023-03-20 18:00:00,1457.0,Bill Payment,7.0,7,Good Service,Medium,0,0
768,2023-03-20 19:00:00,1502.0,Bill Payment,6.0,5,Excellent,Medium,0,0
982,2023-03-20 20:00:00,2681.0,Purchase,9.0,8,Unsatisfactory,Medium,0,0
42,2023-03-20 21:00:00,1468.0,Purchase,9.0,3,Unsatisfactory,Medium,0,0
202,2023-03-20 22:00:00,1218.0,Bill Payment,2.0,3,Good Service,Low,0,0
970,2023-03-20 23:00:00,4944.0,Purchase,5.0,5,Very Satisfied,High,0,0
244,2023-03-21 00:00:00,2222.0,Bill Payment,2.0,4,Very Satisfied,Medium,0,0
669,2023-03-21 01:00:00,1364.0,Purchase,5.0,5,Very Satisfied,Medium,0,0
464,2023-03-21 02:00:00,222.0,Investment,5.0,8,Needs Improvement,Low,0,0
449,2023-03-21 03:00:00,3904.0,Investment,1.0,2,Very Satisfied,High,0,0
913,2023-03-21 04:00:00,4612.0,Loan Payment,8.0,4,Very Satisfied,High,0,0
798,2023-03-21 05:00:00,2973.0,Purchase,9.0,10,Unsatisfactory,Medium,0,0
794,2023-03-21 06:00:00,2858.0,Bill Payment,4.0,6,Excellent,Medium,0,0
437,2023-03-21 07:00:00,3052.0,Purchase,6.0,1,Very Satisfied,Medium,0,0
893,2023-03-21 08:00:00,3044.0,Purchase,8.0,9,Unsatisfactory,Medium,0,0
750,2023-03-21 09:00:00,1742.0,Loan Payment,8.0,3,Excellent,Medium,1,0
531,2023-03-21 10:00:00,3091.0,Bill Payment,8.0,7,Needs Improvement,Medium,1,0
565,2023-03-21 11:00:00,1280.0,Purchase,7.0,10,Unsatisfactory,Medium,1,0
597,2023-03-21 12:00:00,4878.0,Bill Payment,3.0,6,Needs Improvement,High,1,0
273,2023-03-21 13:00:00,1539.0,Purchase,10.0,7,Needs Improvement,Medium,1,0
430,2023-03-21 14:00:00,1091.0,Loan Payment,7.0,6,Needs Improvement,Low,1,0
872,2023-03-21 15:00:00,3541.0,Bill Payment,2.0,8,Excellent,Medium,1,0
213,2023-03-21 16:00:00,1161.0,Purchase,4.0,4,Very Satisfied,Low,1,0
949,2023-03-21 17:00:00,1732.0,Investment,5.0,9,Needs Improvement,Medium,0,0
873,2023-03-21 18:00:00,726.0,Bill Payment,7.0,1,Unsatisfactory,Low,0,0
104,2023-03-21 19:00:00,2460.0,Loan Payment,8.0,5,Good Service,Medium,0,0
192,2023-03-21 20:00:00,2200.0,Investment,10.0,9,Unsatisfactory,Medium,0,0
941,2023-03-21 21:00:00,2460.0,Bill Payment,7.0,2,Excellent,Medium,0,0
689,2023-03-21 22:00:00,3839.0,Bill Payment,9.0,8,Very Satisfied,High,0,0
659,2023-03-21 23:00:00,3119.0,Bill Payment,5.0,5,Excellent,Medium,0,0
380,2023-03-22 00:00:00,4104.0,Bill Payment,1.0,5,Very Satisfied,High,0,0
967,2023-03-22 01:00:00,1342.0,Purchase,5.0,2,Very Satisfied,Medium,0,0
81,2023-03-22 02:00:00,2058.0,Purchase,3.0,8,Very Satisfied,Medium,0,0
705,2023-03-22 03:00:00,1859.0,Bill Payment,8.0,4,Unsatisfactory,Medium,0,0
549,2023-03-22 04:00:00,4852.0,Loan Payment,7.0,3,Needs Improvement,High,0,0
377,2023-03-22 05:00:00,1247.0,Purchase,4.0,9,Very Satisfied,Low,0,0
838,2023-03-22 06:00:00,2028.0,Bill Payment,1.0,7,Needs Improvement,Medium,0,0
154,2023-03-22 07:00:00,527.0,Bill Payment,3.0,6,Good Service,Low,0,0
642,2023-03-22 08:00:00,1448.0,Loan Payment,1.0,8,Very Satisfied,Medium,0,0
571,2023-03-22 09:00:00,4096.0,Loan Payment,2.0,7,Unsatisfactory,High,1,0
736,2023-03-22 10:00:00,2062.0,Loan Payment,8.0,2,Unsatisfactory,Medium,1,0
761,2023-03-22 11:00:00,4378.0,Investment,7.0,7,Good Service,High,1,0
240,2023-03-22 12:00:00,4527.0,Bill Payment,3.0,6,Needs Improvement,High,1,0
374,2023-03-22 13:00:00,2322.0,Loan Payment,7.0,8,Needs Improvement,Medium,1,0
901,2023-03-22 14:00:00,2269.0,Bill Payment,8.0,8,Unsatisfactory,Medium,1,0
805,2023-03-22 15:00:00,3159.0,Purchase,9.0,3,Good Service,Medium,1,0
799,2023-03-22 16:00:00,791.0,Bill Payment,10.0,9,Good Service,Low,1,0
204,2023-03-22 17:00:00,2723.0,Bill Payment,7.0,3,Good Service,Medium,0,0
611,2023-03-22 18:00:00,1254.0,Investment,8.0,10,Needs Improvement,Low,0,0
350,2023-03-22 19:00:00,2426.0,Purchase,5.0,9,Good Service,Medium,0,0
688,2023-03-22 20:00:00,985.0,Purchase,2.0,4,Excellent,Low,0,0
774,2023-03-22 21:00:00,3501.0,Investment,7.0,10,Good Service,Medium,0,0
783,2023-03-22 22:00:00,3435.0,Loan Payment,10.0,1,Needs Improvement,Medium,0,0
143,2023-03-22 23:00:00,426.0,Loan Payment,8.0,5,Good Service,Low,0,0
189,2023-03-23 00:00:00,224.0,Bill Payment,1.0,3,Very Satisfied,Low,0,0
272,2023-03-23 01:00:00,3988.0,Investment,4.0,10,Unsatisfactory,High,0,0
532,2023-03-23 02:00:00,1145.0,Loan Payment,1.0,6,Needs Improvement,Low,0,0
845,2023-03-23 03:00:00,3785.0,Purchase,4.0,8,Needs Improvement,High,0,0
300,2023-03-23 04:00:00,2460.0,Investment,7.0,5,Unsatisfactory,Medium,0,0
426,2023-03-23 05:00:00,4533.0,Loan Payment,1.0,10,Excellent,High,0,0
46,2023-03-23 06:00:00,742.0,Purchase,6.0,1,Good Service,Low,0,0
95,2023-03-23 07:00:00,2756.0,Investment,8.0,5,Good Service,Medium,0,0
930,2023-03-23 08:00:00,2273.0,Bill Payment,3.0,8,Unsatisfactory,Medium,0,0
64,2023-03-23 09:00:00,4518.0,Bill Payment,5.0,3,Needs Improvement,High,1,0
413,2023-03-23 10:00:00,3814.0,Purchase,10.0,6,Needs Improvement,High,1,0
643,2023-03-23 11:00:00,2437.0,Loan Payment,9.0,9,Needs Improvement,Medium,1,0
9,2023-03-23 12:00:00,241.0,Loan Payment,10.0,9,Good Service,Low,1,0
459,2023-03-23 13:00:00,4940.0,Investment,4.0,4,Needs Improvement,High,1,0
715,2023-03-23 14:00:00,4363.0,Purchase,1.0,6,Needs Improvement,High,1,0
409,2023-03-23 15:00:00,412.0,Loan Payment,4.0,7,Good Service,Low,1,0
470,2023-03-23 16:00:00,4875.0,Bill Payment,10.0,4,Good Service,High,1,0
810,2023-03-23 17:00:00,74.0,Purchase,6.0,4,Needs Improvement,Low,0,0
506,2023-03-23 18:00:00,2247.0,Bill Payment,5.0,2,Needs Improvement,Medium,0,0
686,2023-03-23 19:00:00,959.0,Purchase,5.0,8,Good Service,Low,0,0
73,2023-03-23 20:00:00,182.0,Investment,8.0,2,Needs Improvement,Low,0,0
84,2023-03-23 21:00:00,2685.0,Loan Payment,2.0,5,Very Satisfied,Medium,0,0
59,2023-03-23 22:00:00,1260.0,Loan Payment,2.0,7,Excellent,Low,0,0
21,2023-03-23 23:00:00,3058.0,Loan Payment,5.0,2,Unsatisfactory,Medium,0,0
458,2023-03-24 00:00:00,4015.0,Bill Payment,7.0,8,Needs Improvement,High,0,0
918,2023-03-24 01:00:00,647.0,Loan Payment,6.0,10,Good Service,Low,0,0
157,2023-03-24 02:00:00,958.0,Purchase,7.0,2,Unsatisfactory,Low,0,0
831,2023-03-24 03:00:00,2270.0,Bill Payment,3.0,4,Good Service,Medium,0,0
329,2023-03-24 04:00:00,1704.0,Investment,10.0,3,Very Satisfied,Medium,0,0
573,2023-03-24 05:00:00,4857.0,Bill Payment,10.0,3,Very Satisfied,High,0,0
576,2023-03-24 06:00:00,4767.0,Investment,4.0,3,Unsatisfactory,High,0,0
837,2023-03-24 07:00:00,152.0,Bill Payment,6.0,7,Very Satisfied,Low,0,0
680,2023-03-24 08:00:00,4591.0,Loan Payment,4.0,5,Good Service,High,0,0
203,2023-03-24 09:00:00,1470.0,Investment,4.0,8,Very Satisfied,Medium,1,0
641,2023-03-24 10:00:00,3897.0,Loan Payment,7.0,4,Very Satisfied,High,1,0
757,2023-03-24 11:00:00,302.0,Bill Payment,6.0,6,Unsatisfactory,Low,1,0
106,2023-03-24 12:00:00,1653.0,Investment,1.0,7,Excellent,Medium,1,0
833,2023-03-24 13:00:00,2728.0,Purchase,2.0,8,Very Satisfied,Medium,1,0
122,2023-03-24 14:00:00,847.0,Purchase,5.0,5,Good Service,Low,1,0
318,2023-03-24 15:00:00,1047.0,Bill Payment,6.0,7,Excellent,Low,1,0
182,2023-03-24 16:00:00,281.0,Investment,6.0,7,Unsatisfactory,Low,1,0
615,2023-03-24 17:00:00,1968.0,Purchase,9.0,4,Very Satisfied,Medium,0,0
316,2023-03-24 18:00:00,2379.0,Loan Payment,5.0,2,Very Satisfied,Medium,0,0
814,2023-03-24 19:00:00,815.0,Loan Payment,3.0,5,Very Satisfied,Low,0,0
773,2023-03-24 20:00:00,3184.0,Bill Payment,2.0,7,Good Service,Medium,0,0
625,2023-03-24 21:00:00,892.0,Loan Payment,2.0,8,Good Service,Low,0,0
406,2023-03-24 22:00:00,841.0,Loan Payment,7.0,5,Excellent,Low,0,0
986,2023-03-24 23:00:00,3181.0,Loan Payment,5.0,3,Excellent,Medium,0,0
949,2023-03-25 00:00:00,2201.0,Purchase,5.0,9,Needs Improvement,Medium,0,1
70,2023-03-25 01:00:00,2050.0,Investment,4.0,9,Excellent,Medium,0,1
160,2023-03-25 02:00:00,1604.0,Bill Payment,5.0,6,Unsatisfactory,Medium,0,1
240,2023-03-25 03:00:00,1636.0,Investment,3.0,6,Needs Improvement,Medium,0,1
523,2023-03-25 04:00:00,3594.0,Investment,7.0,6,Unsatisfactory,Medium,0,1
138,2023-03-25 05:00:00,283.0,Investment,9.0,10,Good Service,Low,0,1
495,2023-03-25 06:00:00,599.0,Purchase,6.0,7,Good Service,Low,0,1
679,2023-03-25 07:00:00,2710.0,Loan Payment,2.0,9,Very Satisfied,Medium,0,1
247,2023-03-25 08:00:00,592.0,Bill Payment,1.0,4,Very Satisfied,Low,0,1
866,2023-03-25 09:00:00,3643.0,Investment,6.0,3,Very Satisfied,Medium,1,1
543,2023-03-25 10:00:00,2000.0,Loan Payment,5.0,6,Very Satisfied,Medium,1,1
524,2023-03-25 11:00:00,1268.0,Purchase,7.0,3,Good Service,Medium,1,1
243,2023-03-25 12:00:00,2876.0,Investment,2.0,3,Unsatisfactory,Medium,1,1
620,2023-03-25 13:00:00,3748.0,Loan Payment,10.0,8,Good Service,High,1,1
336,2023-03-25 14:00:00,581.0,Purchase,5.0,6,Good Service,Low,1,1
422,2023-03-25 15:00:00,2460.0,Loan Payment,8.0,7,Excellent,Medium,1,1
835,2023-03-25 16:00:00,4232.0,Bill Payment,6.0,8,Unsatisfactory,High,1,1
194,2023-03-25 17:00:00,4838.0,Loan Payment,3.0,7,Good Service,High,0,1
308,2023-03-25 18:00:00,4522.0,Loan Payment,1.0,5,Unsatisfactory,High,0,1
645,2023-03-25 19:00:00,647.0,Bill Payment,3.0,6,Needs Improvement,Low,0,1
907,2023-03-25 20:00:00,50.0,Bill Payment,2.0,4,Excellent,Low,0,1
506,2023-03-25 21:00:00,4892.0,Loan Payment,5.0,2,Needs Improvement,High,0,1
281,2023-03-25 22:00:00,4402.0,Bill Payment,8.0,7,Needs Improvement,High,0,1
803,2023-03-25 23:00:00,1630.0,Loan Payment,3.0,1,Good Service,Medium,0,1
675,2023-03-26 00:00:00,3682.0,Investment,1.0,2,Unsatisfactory,Medium,0,1
790,2023-03-26 01:00:00,4147.0,Loan Payment,2.0,4,Unsatisfactory,High,0,1
933,2023-03-26 02:00:00,4138.0,Purchase,7.0,7,Unsatisfactory,High,0,1
982,2023-03-26 03:00:00,1309.0,Bill Payment,9.0,8,Unsatisfactory,Medium,0,1
439,2023-03-26 04:00:00,4721.0,Investment,2.0,2,Good Service,High,0,1
715,2023-03-26 05:00:00,169.0,Bill Payment,1.0,6,Needs Improvement,Low,0,1
608,2023-03-26 06:00:00,1962.0,Bill Payment,4.0,5,Good Service,Medium,0,1
483,2023-03-26 07:00:00,1741.0,Bill Payment,10.0,5,Needs Improvement,Medium,0,1
223,2023-03-26 08:00:00,2456.0,Purchase,2.0,4,Very Satisfied,Medium,0,1
749,2023-03-26 09:00:00,3172.0,Purchase,3.0,3,Very Satisfied,Medium,1,1
117,2023-03-26 10:00:00,1742.0,Loan Payment,5.0,7,Very Satisfied,Medium,1,1
968,2023-03-26 11:00:00,590.0,Purchase,10.0,4,Needs Improvement,Low,1,1
192,2023-03-26 12:00:00,229.0,Bill Payment,10.0,9,Unsatisfactory,Low,1,1
788,2023-03-26 13:00:00,4484.0,Investment,4.0,7,Unsatisfactory,High,1,1
618,2023-03-26 14:00:00,1759.0,Investment,7.0,4,Very Satisfied,Medium,1,1
994,2023-03-26 15:00:00,1480.0,Investment,5.0,2,Needs Improvement,Medium,1,1
516,2023-03-26 16:00:00,4338.0,Bill Payment,7.0,5,Good Service,High,1,1
530,2023-03-26 17:00:00,1404.0,Purchase,10.0,10,Good Service,Medium,0,1
307,2023-03-26 18:00:00,931.0,Investment,10.0,1,Very Satisfied,Low,0,1
964,2023-03-26 19:00:00,2783.0,Bill Payment,6.0,4,Very Satisfied,Medium,0,1
532,2023-03-26 20:00:00,4472.0,Bill Payment,1.0,6,Needs Improvement,High,0,1
122,2023-03-26 21:00:00,4586.0,Investment,5.0,5,Good Service,High,0,1
649,2023-03-26 22:00:00,3444.0,Investment,10.0,2,Unsatisfactory,Medium,0,1
592,2023-03-26 23:00:00,3592.0,Loan Payment,9.0,5,Unsatisfactory,Medium,0,1
154,2023-03-27 00:00:00,1128.0,Loan Payment,3.0,6,Good Service,Low,0,0
870,2023-03-27 01:00:00,1875.0,Bill Payment,8.0,2,Needs Improvement,Medium,0,0
537,2023-03-27 02:00:00,4321.0,Loan Payment,1.0,3,Very Satisfied,High,0,0
452,2023-03-27 03:00:00,734.0,Loan Payment,7.0,4,Needs Improvement,Low,0,0
169,2023-03-27 04:00:00,721.0,Investment,7.0,2,Good Service,Low,0,0
59,2023-03-27 05:00:00,7315.0,Loan Payment,2.0,7,Excellent,High,0,0
301,2023-03-27 06:00:00,3936.0,Bill Payment,7.0,8,Needs Improvement,High,0,0
553,2023-03-27 07:00:00,400.0,Investment,6.0,9,Very Satisfied,Low,0,0
550,2023-03-27 08:00:00,1080.0,Loan Payment,4.0,9,Very Satisfied,Low,0,0
117,2023-03-27 09:00:00,4497.0,Loan Payment,5.0,7,Very Satisfied,High,1,0
787,2023-03-27 10:00:00,2775.0,Loan Payment,2.0,2,Needs Improvement,Medium,1,0
782,2023-03-27 11:00:00,4490.0,Purchase,7.0,3,Very Satisfied,High,1,0
127,2023-03-27 12:00:00,2438.0,Loan Payment,2.0,6,Needs Improvement,Medium,1,0
405,2023-03-27 13:00:00,4504.0,Loan Payment,8.0,8,Needs Improvement,High,1,0
399,2023-03-27 14:00:00,2157.0,Bill Payment,1.0,8,Excellent,Medium,1,0
515,2023-03-27 15:00:00,3582.0,Loan Payment,5.0,3,Very Satisfied,Medium,1,0
805,2023-03-27 16:00:00,4488.0,Purchase,9.0,3,Good Service,High,1,0
885,2023-03-27 17:00:00,2764.0,Investment,7.0,9,Needs Improvement,Medium,0,0
498,2023-03-27 18:00:00,3273.0,Loan Payment,8.0,4,Excellent,Medium,0,0
942,2023-03-27 19:00:00,3835.0,Loan Payment,2.0,3,Good Service,High,0,0
528,2023-03-27 20:00:00,3426.0,Bill Payment,2.0,2,Excellent,Medium,0,0
398,2023-03-27 21:00:00,2067.0,Loan Payment,7.0,5,Needs Improvement,Medium,0,0
265,2023-03-27 22:00:00,2321.0,Loan Payment,2.0,6,Needs Improvement,Medium,0,0
751,2023-03-27 23:00:00,2889.0,Loan Payment,10.0,10,Unsatisfactory,Medium,0,0
263,2023-03-28 00:00:00,3652.0,Loan Payment,9.0,6,Very Satisfied,Medium,0,0
398,2023-03-28 01:00:00,2619.0,Investment,7.0,5,Needs Improvement,Medium,0,0
646,2023-03-28 02:00:00,1440.0,Bill Payment,7.0,3,Good Service,Medium,0,0
725,2023-03-28 03:00:00,1923.0,Investment,10.0,5,Unsatisfactory,Medium,0,0
527,2023-03-28 04:00:00,767.0,Purchase,9.0,2,Very Satisfied,Low,0,0
436,2023-03-28 05:00:00,2144.0,Loan Payment,7.0,9,Good Service,Medium,0,0
840,2023-03-28 06:00:00,1922.0,Purchase,2.0,2,Unsatisfactory,Medium,0,0
930,2023-03-28 07:00:00,1749.0,Investment,3.0,8,Unsatisfactory,Medium,0,0
360,2023-03-28 08:00:00,3227.0,Purchase,9.0,9,Needs Improvement,Medium,0,0
129,2023-03-28 09:00:00,4766.0,Loan Payment,4.0,10,Good Service,High,1,0
864,2023-03-28 10:00:00,1144.0,Purchase,10.0,4,Good Service,Low,1,0
634,2023-03-28 11:00:00,3722.0,Investment,6.0,8,Good Service,High,1,0
241,2023-03-28 12:00:00,774.0,Loan Payment,2.0,3,Needs Improvement,Low,1,0
627,2023-03-28 13:00:00,2735.0,Bill Payment,4.0,5,Very Satisfied,Medium,1,0
709,2023-03-28 14:00:00,3378.0,Investment,7.0,3,Unsatisfactory,Medium,1,0
222,2023-03-28 15:00:00,3507.0,Loan Payment,4.0,4,Unsatisfactory,Medium,1,0
214,2023-03-28 16:00:00,1682.0,Bill Payment,8.0,1,Needs Improvement,Medium,1,0
916,2023-03-28 17:00:00,3415.0,Purchase,6.0,3,Needs Improvement,Medium,0,0
592,2023-03-28 18:00:00,592.0,Purchase,9.0,5,Unsatisfactory,Low,0,0
775,2023-03-28 19:00:00,4776.0,Purchase,10.0,10,Needs Improvement,High,0,0
135,2023-03-28 20:00:00,4643.0,Loan Payment,4.0,5,Excellent,High,0,0
818,2023-03-28 21:00:00,1831.0,Purchase,9.0,1,Good Service,Medium,0,0
754,2023-03-28 22:00:00,1195.0,Purchase,7.0,6,Excellent,Low,0,0
386,2023-03-28 23:00:00,4535.0,Bill Payment,4.0,10,Unsatisfactory,High,0,0
303,2023-03-29 00:00:00,1647.0,Bill Payment,5.0,4,Good Service,Medium,0,0
782,2023-03-29 01:00:00,2190.0,Bill Payment,7.0,3,Very Satisfied,Medium,0,0
287,2023-03-29 02:00:00,198.0,Loan Payment,8.0,10,Excellent,Low,0,0
562,2023-03-29 03:00:00,1756.0,Investment,9.0,2,Good Service,Medium,0,0
189,2023-03-29 04:00:00,3836.0,Purchase,1.0,3,Very Satisfied,High,0,0
297,2023-03-29 05:00:00,2630.0,Purchase,1.0,4,Good Service,Medium,0,0
526,2023-03-29 06:00:00,3955.0,Loan Payment,5.0,5,Good Service,High,0,0
389,2023-03-29 07:00:00,2336.0,Purchase,7.0,5,Very Satisfied,Medium,0,0
459,2023-03-29 08:00:00,1194.0,Loan Payment,4.0,4,Needs Improvement,Low,0,0
744,2023-03-29 09:00:00,2803.0,Loan Payment,3.0,7,Unsatisfactory,Medium,1,0
261,2023-03-29 10:00:00,2956.0,Loan Payment,5.0,9,Good Service,Medium,1,0
704,2023-03-29 11:00:00,2510.0,Investment,10.0,1,Excellent,Medium,1,0
925,2023-03-29 12:00:00,4956.0,Loan Payment,1.0,6,Unsatisfactory,High,1,0
715,2023-03-29 13:00:00,179.0,Investment,1.0,6,Needs Improvement,Low,1,0
773,2023-03-29 14:00:00,4935.0,Investment,2.0,7,Good Service,High,1,0
113,2023-03-29 15:00:00,2755.0,Purchase,8.0,8,Good Service,Medium,1,0
886,2023-03-29 16:00:00,1090.0,Bill Payment,6.0,10,Good Service,Low,1,0
864,2023-03-29 17:00:00,1273.0,Investment,10.0,4,Good Service,Medium,0,0
36,2023-03-29 18:00:00,4874.0,Investment,9.0,8,Very Satisfied,High,0,0
79,2023-03-29 19:00:00,4463.0,Bill Payment,8.0,7,Good Service,High,0,0
275,2023-03-29 20:00:00,2258.0,Investment,5.0,8,Unsatisfactory,Medium,0,0
960,2023-03-29 21:00:00,3918.0,Bill Payment,4.0,8,Very Satisfied,High,0,0
278,2023-03-29 22:00:00,1335.0,Purchase,7.0,3,Good Service,Medium,0,0
674,2023-03-29 23:00:00,3187.0,Loan Payment,7.0,1,Unsatisfactory,Medium,0,0
312,2023-03-30 00:00:00,3883.0,Bill Payment,5.0,3,Needs Improvement,High,0,0
529,2023-03-30 01:00:00,2158.0,Loan Payment,4.0,9,Unsatisfactory,Medium,0,0
204,2023-03-30 02:00:00,1698.0,Bill Payment,7.0,3,Good Service,Medium,0,0
985,2023-03-30 03:00:00,2995.0,Loan Payment,3.0,10,Very Satisfied,Medium,0,0
952,2023-03-30 04:00:00,2086.0,Purchase,9.0,10,Very Satisfied,Medium,0,0
17,2023-03-30 05:00:00,1539.0,Investment,2.0,5,Needs Improvement,Medium,0,0
714,2023-03-30 06:00:00,1471.0,Purchase,6.0,1,Needs Improvement,Medium,0,0
476,2023-03-30 07:00:00,1412.0,Investment,10.0,1,Good Service,Medium,0,0
511,2023-03-30 08:00:00,82.0,Loan Payment,10.0,3,Needs Improvement,Low,0,0
210,2023-03-30 09:00:00,4359.0,Loan Payment,10.0,2,Needs Improvement,High,1,0
499,2023-03-30 10:00:00,4044.0,Investment,10.0,8,Needs Improvement,High,1,0
402,2023-03-30 11:00:00,4621.0,Bill Payment,9.0,2,Unsatisfactory,High,1,0
429,2023-03-30 12:00:00,2806.0,Purchase,6.0,4,Needs Improvement,Medium,1,0
992,2023-03-30 13:00:00,4526.0,Bill Payment,7.0,2,Needs Improvement,High,1,0
78,2023-03-30 14:00:00,2503.0,Loan Payment,6.0,4,Excellent,Medium,1,0
568,2023-03-30 15:00:00,4984.0,Purchase,8.0,3,Good Service,High,1,0
80,2023-03-30 16:00:00,4241.0,Purchase,8.0,5,Unsatisfactory,High,1,0
306,2023-03-30 17:00:00,3586.0,Bill Payment,7.0,7,Very Satisfied,Medium,0,0
58,2023-03-30 18:00:00,42.0,Investment,10.0,3,Good Service,Low,0,0
530,2023-03-30 19:00:00,2704.0,Investment,10.0,10,Good Service,Medium,0,0
208,2023-03-30 20:00:00,4383.0,Purchase,2.0,2,Excellent,High,0,0
511,2023-03-30 21:00:00,4855.0,Investment,10.0,3,Needs Improvement,High,0,0
977,2023-03-30 22:00:00,3608.0,Loan Payment,9.0,5,Unsatisfactory,Medium,0,0
135,2023-03-30 23:00:00,2402.0,Bill Payment,4.0,5,Excellent,Medium,0,0
844,2023-03-31 00:00:00,4122.0,Bill Payment,9.0,6,Very Satisfied,High,0,0
994,2023-03-31 01:00:00,2881.0,Bill Payment,5.0,2,Needs Improvement,Medium,0,0
522,2023-03-31 02:00:00,2687.0,Purchase,2.0,8,Excellent,Medium,0,0
581,2023-03-31 03:00:00,1411.0,Purchase,8.0,2,Very Satisfied,Medium,0,0
853,2023-03-31 04:00:00,827.0,Investment,8.0,10,Good Service,Low,0,0
899,2023-03-31 05:00:00,1670.0,Bill Payment,9.0,5,Needs Improvement,Medium,0,0
83,2023-03-31 06:00:00,4572.0,Loan Payment,6.0,2,Good Service,High,0,0
621,2023-03-31 07:00:00,4733.0,Loan Payment,7.0,10,Good Service,High,0,0
44,2023-03-31 08:00:00,2448.0,Bill Payment,7.0,9,Excellent,Medium,0,0
483,2023-03-31 09:00:00,2993.0,Purchase,10.0,5,Needs Improvement,Medium,1,0
966,2023-03-31 10:00:00,1220.0,Purchase,2.0,5,Needs Improvement,Low,1,0
910,2023-03-31 11:00:00,609.0,Purchase,5.0,6,Unsatisfactory,Low,1,0
644,2023-03-31 12:00:00,1856.0,Loan Payment,5.0,5,Unsatisfactory,Medium,1,0
493,2023-03-31 13:00:00,1865.0,Bill Payment,1.0,5,Good Service,Medium,1,0
499,2023-03-31 14:00:00,1897.0,Loan Payment,10.0,8,Needs Improvement,Medium,1,0
18,2023-03-31 15:00:00,689.0,Bill Payment,7.0,9,Unsatisfactory,Low,1,0
605,2023-03-31 16:00:00,3262.0,Loan Payment,6.0,6,Very Satisfied,Medium,1,0
995,2023-03-31 17:00:00,1845.0,Loan Payment,8.0,5,Good Service,Medium,0,0
948,2023-03-31 18:00:00,4040.0,Investment,6.0,6,Unsatisfactory,High,0,0
294,2023-03-31 19:00:00,2187.0,Loan Payment,9.0,2,Very Satisfied,Medium,0,0
976,2023-03-31 20:00:00,158.0,Bill Payment,10.0,8,Very Satisfied,Low,0,0
148,2023-03-31 21:00:00,1505.0,Loan Payment,10.0,1,Unsatisfactory,Medium,0,0
472,2023-03-31 22:00:00,4923.0,Investment,10.0,6,Good Service,High,0,0
995,2023-03-31 23:00:00,1754.0,Investment,8.0,5,Good Service,Medium,0,0
172,2023-04-01 00:00:00,1656.0,Bill Payment,10.0,2,Excellent,Medium,0,1
563,2023-04-01 01:00:00,3005.0,Investment,8.0,8,Good Service,Medium,0,1
531,2023-04-01 02:00:00,1682.0,Investment,8.0,7,Needs Improvement,Medium,0,1
120,2023-04-01 03:00:00,1949.0,Purchase,4.0,2,Good Service,Medium,0,1
836,2023-04-01 04:00:00,667.0,Bill Payment,6.0,8,Unsatisfactory,Low,0,1
737,2023-04-01 05:00:00,3677.0,Investment,4.0,8,Good Service,Medium,0,1
66,2023-04-01 06:00:00,1063.0,Investment,6.0,5,Good Service,Low,0,1
141,2023-04-01 07:00:00,4081.0,Investment,4.0,10,Needs Improvement,High,0,1
446,2023-04-01 08:00:00,586.0,Bill Payment,1.0,9,Very Satisfied,Low,0,1
506,2023-04-01 09:00:00,3105.0,Purchase,5.0,2,Needs Improvement,Medium,1,1
189,2023-04-01 10:00:00,3041.0,Loan Payment,1.0,3,Very Satisfied,Medium,1,1
158,2023-04-01 11:00:00,4828.0,Purchase,5.0,4,Very Satisfied,High,1,1
610,2023-04-01 12:00:00,4789.0,Bill Payment,3.0,7,Unsatisfactory,High,1,1
670,2023-04-01 13:00:00,4847.0,Bill Payment,5.0,8,Very Satisfied,High,1,1
947,2023-04-01 14:00:00,2982.0,Bill Payment,7.0,10,Good Service,Medium,1,1
246,2023-04-01 15:00:00,3958.0,Loan Payment,9.0,4,Needs Improvement,High,1,1
856,2023-04-01 16:00:00,2055.0,Bill Payment,5.0,3,Very Satisfied,Medium,1,1
944,2023-04-01 17:00:00,3946.0,Purchase,3.0,2,Unsatisfactory,High,0,1
748,2023-04-01 18:00:00,2958.0,Investment,3.0,2,Very Satisfied,Medium,0,1
33,2023-04-01 19:00:00,1637.0,Investment,2.0,10,Unsatisfactory,Medium,0,1
361,2023-04-01 20:00:00,1498.0,Bill Payment,4.0,2,Good Service,Medium,0,1
753,2023-04-01 21:00:00,4155.0,Bill Payment,7.0,5,Unsatisfactory,High,0,1
330,2023-04-01 22:00:00,4208.0,Loan Payment,3.0,3,Unsatisfactory,High,0,1
512,2023-04-01 23:00:00,4473.0,Investment,5.0,2,Very Satisfied,High,0,1
850,2023-04-02 00:00:00,7315.0,Loan Payment,8.0,9,Excellent,High,0,1
787,2023-04-02 01:00:00,3573.0,Loan Payment,2.0,2,Needs Improvement,Medium,0,1
71,2023-04-02 02:00:00,3639.0,Loan Payment,1.0,5,Excellent,Medium,0,1
313,2023-04-02 03:00:00,1724.0,Loan Payment,8.0,6,Needs Improvement,Medium,0,1
915,2023-04-02 04:00:00,1812.0,Purchase,5.0,1,Excellent,Medium,0,1
728,2023-04-02 05:00:00,1430.0,Bill Payment,6.0,2,Unsatisfactory,Medium,0,1
79,2023-04-02 06:00:00,3601.0,Bill Payment,8.0,7,Good Service,Medium,0,1
169,2023-04-02 07:00:00,3530.0,Loan Payment,7.0,2,Good Service,Medium,0,1
810,2023-04-02 08:00:00,3321.0,Loan Payment,6.0,4,Needs Improvement,Medium,0,1
983,2023-04-02 09:00:00,2315.0,Purchase,6.0,7,Good Service,Medium,1,1
180,2023-04-02 10:00:00,2005.0,Loan Payment,1.0,9,Good Service,Medium,1,1
628,2023-04-02 11:00:00,1977.0,Purchase,8.0,7,Needs Improvement,Medium,1,1
260,2023-04-02 12:00:00,3724.0,Purchase,3.0,1,Good Service,High,1,1
486,2023-04-02 13:00:00,4045.0,Loan Payment,1.0,1,Unsatisfactory,High,1,1
772,2023-04-02 14:00:00,4495.0,Bill Payment,1.0,4,Good Service,High,1,1
5,2023-04-02 15:00:00,4878.0,Purchase,8.0,7,Unsatisfactory,High,1,1
297,2023-04-02 16:00:00,3468.0,Bill Payment,1.0,4,Good Service,Medium,1,1
620,2023-04-02 17:00:00,403.0,Bill Payment,10.0,8,Good Service,Low,0,1
855,2023-04-02 18:00:00,4788.0,Purchase,6.0,6,Unsatisfactory,High,0,1
360,2023-04-02 19:00:00,3740.0,Investment,9.0,9,Needs Improvement,High,0,1
117,2023-04-02 20:00:00,4375.0,Purchase,5.0,7,Very Satisfied,High,0,1
357,2023-04-02 21:00:00,4254.0,Investment,10.0,9,Needs Improvement,High,0,1
957,2023-04-02 22:00:00,4916.0,Purchase,6.0,3,Good Service,High,0,1
843,2023-04-02 23:00:00,37.0,Purchase,10.0,8,Unsatisfactory,Low,0,1
439,2023-04-03 00:00:00,3501.0,Bill Payment,2.0,2,Good Service,Medium,0,0
331,2023-04-03 01:00:00,4271.0,Bill Payment,2.0,7,Good Service,High,0,0
525,2023-04-03 02:00:00,1183.0,Loan Payment,7.0,1,Excellent,Low,0,0
654,2023-04-03 03:00:00,348.0,Bill Payment,4.0,8,Unsatisfactory,Low,0,0
188,2023-04-03 04:00:00,1078.0,Bill Payment,8.0,1,Good Service,Low,0,0
968,2023-04-03 05:00:00,851.0,Bill Payment,10.0,4,Needs Improvement,Low,0,0
281,2023-04-03 06:00:00,4294.0,Bill Payment,8.0,7,Needs Improvement,High,0,0
511,2023-04-03 07:00:00,4756.0,Loan Payment,10.0,3,Needs Improvement,High,0,0
466,2023-04-03 08:00:00,303.0,Bill Payment,9.0,10,Unsatisfactory,Low,0,0
115,2023-04-03 09:00:00,1867.0,Investment,7.0,7,Good Service,Medium,1,0
940,2023-04-03 10:00:00,1332.0,Investment,8.0,1,Very Satisfied,Medium,1,0
236,2023-04-03 11:00:00,1657.0,Loan Payment,6.0,6,Unsatisfactory,Medium,1,0
338,2023-04-03 12:00:00,4908.0,Bill Payment,6.0,1,Unsatisfactory,High,1,0
522,2023-04-03 13:00:00,3630.0,Investment,2.0,8,Excellent,Medium,1,0
199,2023-04-03 14:00:00,4536.0,Purchase,5.0,3,Excellent,High,1,0
764,2023-04-03 15:00:00,3104.0,Investment,8.0,6,Good Service,Medium,1,0
50,2023-04-03 16:00:00,3501.0,Bill Payment,6.0,4,Unsatisfactory,Medium,1,0
940,2023-04-03 17:00:00,3505.0,Investment,8.0,1,Very Satisfied,Medium,0,0
142,2023-04-03 18:00:00,4592.0,Purchase,6.0,7,Unsatisfactory,High,0,0
783,2023-04-03 19:00:00,3811.0,Investment,10.0,1,Needs Improvement,High,0,0
528,2023-04-03 20:00:00,98.0,Bill Payment,2.0,2,Excellent,Low,0,0
514,2023-04-03 21:00:00,4376.0,Purchase,1.0,8,Very Satisfied,High,0,0
670,2023-04-03 22:00:00,1966.0,Loan Payment,5.0,8,Very Satisfied,Medium,0,0
30,2023-04-03 23:00:00,909.0,Purchase,3.0,7,Unsatisfactory,Low,0,0
82,2023-04-04 00:00:00,3487.0,Investment,4.0,8,Good Service,Medium,0,0
31,2023-04-04 01:00:00,1754.0,Loan Payment,4.0,8,Needs Improvement,Medium,0,0
748,2023-04-04 02:00:00,4383.0,Purchase,3.0,2,Very Satisfied,High,0,0
333,2023-04-04 03:00:00,2263.0,Purchase,3.0,9,Needs Improvement,Medium,0,0
660,2023-04-04 04:00:00,3671.0,Purchase,6.0,7,Excellent,Medium,0,0
177,2023-04-04 05:00:00,2970.0,Bill Payment,8.0,4,Needs Improvement,Medium,0,0
370,2023-04-04 06:00:00,1643.0,Loan Payment,10.0,1,Very Satisfied,Medium,0,0
547,2023-04-04 07:00:00,871.0,Loan Payment,8.0,2,Very Satisfied,Low,0,0
535,2023-04-04 08:00:00,4711.0,Purchase,3.0,2,Good Service,High,0,0
106,2023-04-04 09:00:00,1023.0,Loan Payment,1.0,7,Excellent,Low,1,0
97,2023-04-04 10:00:00,3309.0,Investment,5.0,8,Unsatisfactory,Medium,1,0
230,2023-04-04 11:00:00,1516.0,Investment,2.0,2,Good Service,Medium,1,0
227,2023-04-04 12:00:00,3215.0,Purchase,6.0,7,Very Satisfied,Medium,1,0
371,2023-04-04 13:00:00,4813.0,Investment,2.0,2,Good Service,High,1,0
100,2023-04-04 14:00:00,987.0,Purchase,7.0,5,Good Service,Low,1,0
445,2023-04-04 15:00:00,3471.0,Investment,9.0,10,Very Satisfied,Medium,1,0
468,2023-04-04 16:00:00,1827.0,Purchase,8.0,9,Good Service,Medium,1,0
55,2023-04-04 17:00:00,3694.0,Purchase,1.0,9,Needs Improvement,High,0,0
195,2023-04-04 18:00:00,4068.0,Loan Payment,3.0,8,Unsatisfactory,High,0,0
520,2023-04-04 19:00:00,2644.0,Loan Payment,5.0,2,Very Satisfied,Medium,0,0
424,2023-04-04 20:00:00,4911.0,Purchase,5.0,7,Very Satisfied,High,0,0
315,2023-04-04 21:00:00,4825.0,Loan Payment,2.0,6,Needs Improvement,High,0,0
128,2023-04-04 22:00:00,3676.0,Loan Payment,5.0,2,Needs Improvement,Medium,0,0
32,2023-04-04 23:00:00,958.0,Bill Payment,3.0,7,Needs Improvement,Low,0,0
93,2023-04-05 00:00:00,483.0,Investment,7.0,6,Needs Improvement,Low,0,0
519,2023-04-05 01:00:00,577.0,Loan Payment,9.0,5,Needs Improvement,Low,0,0
258,2023-04-05 02:00:00,3442.0,Purchase,4.0,1,Good Service,Medium,0,0
853,2023-04-05 03:00:00,4033.0,Bill Payment,8.0,10,Good Service,High,0,0
902,2023-04-05 04:00:00,2268.0,Bill Payment,1.0,5,Unsatisfactory,Medium,0,0
220,2023-04-05 05:00:00,3154.0,Loan Payment,4.0,8,Unsatisfactory,Medium,0,0
752,2023-04-05 06:00:00,4320.0,Purchase,10.0,4,Needs Improvement,High,0,0
106,2023-04-05 07:00:00,1992.0,Purchase,1.0,7,Excellent,Medium,0,0
548,2023-04-05 08:00:00,1106.0,Purchase,6.0,10,Needs Improvement,Low,0,0
416,2023-04-05 09:00:00,3580.0,Purchase,3.0,5,Good Service,Medium,1,0
557,2023-04-05 10:00:00,3400.0,Purchase,2.0,7,Very Satisfied,Medium,1,0
810,2023-04-05 11:00:00,2682.0,Investment,6.0,4,Needs Improvement,Medium,1,0
309,2023-04-05 12:00:00,3656.0,Purchase,6.0,1,Unsatisfactory,Medium,1,0
366,2023-04-05 13:00:00,2429.0,Purchase,4.0,1,Excellent,Medium,1,0
521,2023-04-05 14:00:00,7315.0,Investment,7.0,10,Good Service,High,1,0
459,2023-04-05 15:00:00,3358.0,Loan Payment,4.0,4,Needs Improvement,Medium,1,0
599,2023-04-05 16:00:00,683.0,Bill Payment,5.0,7,Unsatisfactory,Low,1,0
370,2023-04-05 17:00:00,2812.0,Investment,10.0,1,Very Satisfied,Medium,0,0
331,2023-04-05 18:00:00,2379.0,Bill Payment,2.0,7,Good Service,Medium,0,0
689,2023-04-05 19:00:00,4540.0,Bill Payment,9.0,8,Very Satisfied,High,0,0
642,2023-04-05 20:00:00,1076.0,Investment,1.0,8,Very Satisfied,Low,0,0
707,2023-04-05 21:00:00,697.0,Purchase,2.0,2,Needs Improvement,Low,0,0
11,2023-04-05 22:00:00,4993.0,Bill Payment,9.0,4,Good Service,High,0,0
818,2023-04-05 23:00:00,78.0,Purchase,9.0,1,Good Service,Low,0,0
507,2023-04-06 00:00:00,2113.0,Loan Payment,8.0,10,Needs Improvement,Medium,0,0
419,2023-04-06 01:00:00,429.0,Investment,3.0,6,Unsatisfactory,Low,0,0
122,2023-04-06 02:00:00,4008.0,Bill Payment,5.0,5,Good Service,High,0,0
911,2023-04-06 03:00:00,2607.0,Purchase,6.0,1,Good Service,Medium,0,0
235,2023-04-06 04:00:00,4348.0,Bill Payment,10.0,1,Good Service,High,0,0
331,2023-04-06 05:00:00,2134.0,Loan Payment,2.0,7,Good Service,Medium,0,0
543,2023-04-06 06:00:00,3902.0,Loan Payment,5.0,6,Very Satisfied,High,0,0
348,2023-04-06 07:00:00,449.0,Bill Payment,6.0,8,Unsatisfactory,Low,0,0
958,2023-04-06 08:00:00,1296.0,Investment,2.0,9,Very Satisfied,Medium,0,0
412,2023-04-06 09:00:00,1218.0,Loan Payment,4.0,9,Excellent,Low,1,0
224,2023-04-06 10:00:00,1088.0,Purchase,6.0,9,Very Satisfied,Low,1,0
153,2023-04-06 11:00:00,2573.0,Loan Payment,5.0,9,Good Service,Medium,1,0
212,2023-04-06 12:00:00,3633.0,Purchase,4.0,4,Very Satisfied,Medium,1,0
92,2023-04-06 13:00:00,1263.0,Bill Payment,7.0,6,Needs Improvement,Medium,1,0
921,2023-04-06 14:00:00,3367.0,Purchase,1.0,5,Good Service,Medium,1,0
331,2023-04-06 15:00:00,3219.0,Bill Payment,2.0,7,Good Service,Medium,1,0
467,2023-04-06 16:00:00,2460.0,Loan Payment,10.0,4,Unsatisfactory,Medium,1,0
860,2023-04-06 17:00:00,624.0,Investment,7.0,10,Very Satisfied,Low,0,0
641,2023-04-06 18:00:00,3088.0,Loan Payment,7.0,4,Very Satisfied,Medium,0,0
955,2023-04-06 19:00:00,2733.0,Loan Payment,4.0,9,Good Service,Medium,0,0
709,2023-04-06 20:00:00,3500.0,Loan Payment,7.0,3,Unsatisfactory,Medium,0,0
970,2023-04-06 21:00:00,3553.0,Loan Payment,5.0,5,Very Satisfied,Medium,0,0
554,2023-04-06 22:00:00,4525.0,Investment,9.0,5,Needs Improvement,High,0,0
878,2023-04-06 23:00:00,1910.0,Loan Payment,2.0,8,Needs Improvement,Medium,0,0
930,2023-04-07 00:00:00,4381.0,Purchase,3.0,8,Unsatisfactory,High,0,0
228,2023-04-07 01:00:00,1722.0,Investment,8.0,1,Needs Improvement,Medium,0,0
194,2023-04-07 02:00:00,2339.0,Investment,3.0,7,Good Service,Medium,0,0
530,2023-04-07 03:00:00,3629.0,Purchase,10.0,10,Good Service,Medium,0,0
845,2023-04-07 04:00:00,1204.0,Bill Payment,4.0,8,Needs Improvement,Low,0,0
243,2023-04-07 05:00:00,4916.0,Loan Payment,2.0,3,Unsatisfactory,High,0,0
389,2023-04-07 06:00:00,1388.0,Investment,7.0,5,Very Satisfied,Medium,0,0
276,2023-04-07 07:00:00,1322.0,Loan Payment,10.0,5,Good Service,Medium,0,0
450,2023-04-07 08:00:00,2925.0,Loan Payment,7.0,10,Very Satisfied,Medium,0,0
639,2023-04-07 09:00:00,759.0,Purchase,10.0,4,Unsatisfactory,Low,1,0
587,2023-04-07 10:00:00,2460.0,Purchase,4.0,2,Needs Improvement,Medium,1,0
574,2023-04-07 11:00:00,4705.0,Purchase,10.0,9,Good Service,High,1,0
478,2023-04-07 12:00:00,3992.0,Loan Payment,3.0,8,Needs Improvement,High,1,0
480,2023-04-07 13:00:00,4634.0,Investment,2.0,3,Unsatisfactory,High,1,0
288,2023-04-07 14:00:00,3847.0,Investment,3.0,4,Unsatisfactory,High,1,0
698,2023-04-07 15:00:00,287.0,Bill Payment,10.0,8,Good Service,Low,1,0
690,2023-04-07 16:00:00,4768.0,Loan Payment,10.0,7,Very Satisfied,High,1,0
678,2023-04-07 17:00:00,2568.0,Bill Payment,3.0,9,Needs Improvement,Medium,0,0
695,2023-04-07 18:00:00,2460.0,Bill Payment,8.0,5,Needs Improvement,Medium,0,0
540,2023-04-07 19:00:00,2171.0,Bill Payment,2.0,8,Good Service,Medium,0,0
330,2023-04-07 20:00:00,4685.0,Bill Payment,3.0,3,Unsatisfactory,High,0,0
470,2023-04-07 21:00:00,1399.0,Bill Payment,10.0,4,Good Service,Medium,0,0
759,2023-04-07 22:00:00,700.0,Loan Payment,10.0,9,Very Satisfied,Low,0,0
849,2023-04-07 23:00:00,4742.0,Purchase,6.0,2,Unsatisfactory,High,0,0
534,2023-04-08 00:00:00,3478.0,Bill Payment,5.0,10,Good Service,Medium,0,1
939,2023-04-08 01:00:00,1858.0,Investment,9.0,9,Excellent,Medium,0,1
467,2023-04-08 02:00:00,4928.0,Loan Payment,10.0,4,Unsatisfactory,High,0,1
977,2023-04-08 03:00:00,4980.0,Bill Payment,9.0,5,Unsatisfactory,High,0,1
984,2023-04-08 04:00:00,3826.0,Investment,7.0,10,Unsatisfactory,High,0,1
420,2023-04-08 05:00:00,949.0,Bill Payment,5.0,8,Good Service,Low,0,1
608,2023-04-08 06:00:00,2460.0,Purchase,4.0,5,Good Service,Medium,0,1
122,2023-04-08 07:00:00,3319.0,Loan Payment,5.0,5,Good Service,Medium,0,1
762,2023-04-08 08:00:00,2060.0,Purchase,4.0,4,Very Satisfied,Medium,0,1
891,2023-04-08 09:00:00,1756.0,Investment,3.0,10,Good Service,Medium,1,1
308,2023-04-08 10:00:00,2461.0,Bill Payment,1.0,5,Unsatisfactory,Medium,1,1
932,2023-04-08 11:00:00,34.0,Purchase,4.0,6,Needs Improvement,Low,1,1
924,2023-04-08 12:00:00,2566.0,Purchase,7.0,4,Very Satisfied,Medium,1,1
334,2023-04-08 13:00:00,70.0,Bill Payment,4.0,7,Very Satisfied,Low,1,1
954,2023-04-08 14:00:00,132.0,Loan Payment,7.0,2,Very Satisfied,Low,1,1
420,2023-04-08 15:00:00,2112.0,Investment,5.0,8,Good Service,Medium,1,1
326,2023-04-08 16:00:00,1196.0,Loan Payment,6.0,1,Unsatisfactory,Low,1,1
649,2023-04-08 17:00:00,1740.0,Investment,10.0,2,Unsatisfactory,Medium,0,1
789,2023-04-08 18:00:00,4651.0,Investment,1.0,7,Excellent,High,0,1
832,2023-04-08 19:00:00,4099.0,Purchase,5.0,6,Unsatisfactory,High,0,1
844,2023-04-08 20:00:00,2482.0,Bill Payment,9.0,6,Very Satisfied,Medium,0,1
573,2023-04-08 21:00:00,2975.0,Loan Payment,10.0,3,Very Satisfied,Medium,0,1
250,2023-04-08 22:00:00,2287.0,Purchase,7.0,5,Good Service,Medium,0,1
990,2023-04-08 23:00:00,4097.0,Purchase,5.0,10,Needs Improvement,High,0,1
95,2023-04-09 00:00:00,2974.0,Purchase,8.0,5,Good Service,Medium,0,1
296,2023-04-09 01:00:00,1320.0,Loan Payment,2.0,4,Excellent,Medium,0,1
184,2023-04-09 02:00:00,164.0,Purchase,3.0,5,Unsatisfactory,Low,0,1
260,2023-04-09 03:00:00,2222.0,Bill Payment,3.0,1,Good Service,Medium,0,1
799,2023-04-09 04:00:00,3263.0,Purchase,10.0,9,Good Service,Medium,0,1
667,2023-04-09 05:00:00,1272.0,Purchase,4.0,5,Excellent,Medium,0,1
186,2023-04-09 06:00:00,1372.0,Investment,7.0,3,Needs Improvement,Medium,0,1
409,2023-04-09 07:00:00,947.0,Purchase,4.0,7,Good Service,Low,0,1
69,2023-04-09 08:00:00,521.0,Loan Payment,5.0,1,Excellent,Low,0,1
838,2023-04-09 09:00:00,196.0,Loan Payment,1.0,7,Needs Improvement,Low,1,1
773,2023-04-09 10:00:00,1855.0,Bill Payment,2.0,7,Good Service,Medium,1,1
627,2023-04-09 11:00:00,1712.0,Loan Payment,4.0,5,Very Satisfied,Medium,1,1
859,2023-04-09 12:00:00,400.0,Loan Payment,9.0,4,Excellent,Low,1,1
8,2023-04-09 13:00:00,664.0,Purchase,7.0,5,Needs Improvement,Low,1,1
265,2023-04-09 14:00:00,4281.0,Bill Payment,2.0,6,Needs Improvement,High,1,1
783,2023-04-09 15:00:00,2831.0,Loan Payment,10.0,1,Needs Improvement,Medium,1,1
484,2023-04-09 16:00:00,773.0,Bill Payment,5.0,10,Excellent,Low,1,1
761,2023-04-09 17:00:00,3410.0,Bill Payment,7.0,7,Good Service,Medium,0,1
617,2023-04-09 18:00:00,4816.0,Investment,1.0,8,Unsatisfactory,High,0,1
775,2023-04-09 19:00:00,3277.0,Investment,10.0,10,Needs Improvement,Medium,0,1
736,2023-04-09 20:00:00,1095.0,Purchase,8.0,2,Unsatisfactory,Low,0,1
840,2023-04-09 21:00:00,1939.0,Loan Payment,2.0,2,Unsatisfactory,Medium,0,1
371,2023-04-09 22:00:00,4386.0,Purchase,2.0,2,Good Service,High,0,1
783,2023-04-09 23:00:00,1973.0,Purchase,10.0,1,Needs Improvement,Medium,0,1
677,2023-04-10 00:00:00,1795.0,Bill Payment,9.0,1,Good Service,Medium,0,0
83,2023-04-10 01:00:00,2284.0,Bill Payment,6.0,2,Good Service,Medium,0,0
807,2023-04-10 02:00:00,2696.0,Bill Payment,7.0,6,Good Service,Medium,0,0
646,2023-04-10 03:00:00,2978.0,Purchase,7.0,3,Good Service,Medium,0,0
211,2023-04-10 04:00:00,4582.0,Loan Payment,5.0,4,Very Satisfied,High,0,0
313,2023-04-10 05:00:00,725.0,Purchase,8.0,6,Needs Improvement,Low,0,0
604,2023-04-10 06:00:00,252.0,Purchase,1.0,6,Unsatisfactory,Low,0,0
337,2023-04-10 07:00:00,2460.0,Purchase,4.0,2,Good Service,Medium,0,0
490,2023-04-10 08:00:00,1533.0,Investment,8.0,8,Excellent,Medium,0,0
403,2023-04-10 09:00:00,847.0,Investment,4.0,6,Very Satisfied,Low,1,0
639,2023-04-10 10:00:00,3333.0,Loan Payment,10.0,4,Unsatisfactory,Medium,1,0
191,2023-04-10 11:00:00,2963.0,Investment,7.0,7,Good Service,Medium,1,0
671,2023-04-10 12:00:00,1355.0,Purchase,9.0,3,Needs Improvement,Medium,1,0
843,2023-04-10 13:00:00,2433.0,Investment,10.0,8,Unsatisfactory,Medium,1,0
335,2023-04-10 14:00:00,2038.0,Investment,7.0,8,Excellent,Medium,1,0
522,2023-04-10 15:00:00,1442.0,Purchase,2.0,8,Excellent,Medium,1,0
619,2023-04-10 16:00:00,249.0,Loan Payment,5.0,9,Unsatisfactory,Low,1,0
87,2023-04-10 17:00:00,148.0,Investment,5.0,3,Unsatisfactory,Low,0,0
579,2023-04-10 18:00:00,3203.0,Purchase,3.0,5,Needs Improvement,Medium,0,0
62,2023-04-10 19:00:00,429.0,Purchase,8.0,5,Good Service,Low,0,0
387,2023-04-10 20:00:00,313.0,Purchase,5.0,3,Good Service,Low,0,0
146,2023-04-10 21:00:00,2172.0,Bill Payment,4.0,8,Unsatisfactory,Medium,0,0
153,2023-04-10 22:00:00,2036.0,Purchase,5.0,9,Good Service,Medium,0,0
619,2023-04-10 23:00:00,4112.0,Investment,5.0,9,Unsatisfactory,High,0,0
660,2023-04-11 00:00:00,2236.0,Investment,6.0,7,Excellent,Medium,0,0
698,2023-04-11 01:00:00,1178.0,Purchase,10.0,8,Good Service,Low,0,0
349,2023-04-11 02:00:00,425.0,Bill Payment,3.0,10,Needs Improvement,Low,0,0
854,2023-04-11 03:00:00,2723.0,Bill Payment,5.0,8,Unsatisfactory,Medium,0,0
178,2023-04-11 04:00:00,159.0,Bill Payment,6.0,2,Good Service,Low,0,0
889,2023-04-11 05:00:00,2460.0,Investment,8.0,3,Very Satisfied,Medium,0,0
847,2023-04-11 06:00:00,2460.0,Bill Payment,1.0,1,Excellent,Medium,0,0
487,2023-04-11 07:00:00,1706.0,Loan Payment,8.0,9,Unsatisfactory,Medium,0,0
778,2023-04-11 08:00:00,4349.0,Loan Payment,3.0,6,Needs Improvement,High,0,0
661,2023-04-11 09:00:00,1920.0,Bill Payment,10.0,4,Unsatisfactory,Medium,1,0
247,2023-04-11 10:00:00,1431.0,Loan Payment,1.0,4,Very Satisfied,Medium,1,0
254,2023-04-11 11:00:00,4984.0,Purchase,3.0,1,Very Satisfied,High,1,0
500,2023-04-11 12:00:00,3011.0,Bill Payment,1.0,1,Unsatisfactory,Medium,1,0
541,2023-04-11 13:00:00,1330.0,Bill Payment,2.0,8,Needs Improvement,Medium,1,0
352,2023-04-11 14:00:00,4045.0,Bill Payment,8.0,7,Unsatisfactory,High,1,0
512,2023-04-11 15:00:00,1533.0,Purchase,5.0,2,Very Satisfied,Medium,1,0
778,2023-04-11 16:00:00,3888.0,Purchase,3.0,6,Needs Improvement,High,1,0
13,2023-04-11 17:00:00,562.0,Bill Payment,7.0,5,Very Satisfied,Low,0,0
559,2023-04-11 18:00:00,3766.0,Investment,6.0,5,Unsatisfactory,High,0,0
151,2023-04-11 19:00:00,3681.0,Investment,8.0,10,Excellent,Medium,0,0
50,2023-04-11 20:00:00,491.0,Loan Payment,6.0,4,Unsatisfactory,Low,0,0
215,2023-04-11 21:00:00,609.0,Purchase,3.0,9,Very Satisfied,Low,0,0
991,2023-04-11 22:00:00,1174.0,Loan Payment,9.0,7,Needs Improvement,Low,0,0
644,2023-04-11 23:00:00,4688.0,Loan Payment,5.0,5,Unsatisfactory,High,0,0
372,2023-04-12 00:00:00,4242.0,Bill Payment,4.0,9,Needs Improvement,High,0,0
113,2023-04-12 01:00:00,1013.0,Investment,8.0,8,Good Service,Low,0,0
252,2023-04-12 02:00:00,1992.0,Loan Payment,3.0,7,Good Service,Medium,0,0
963,2023-04-12 03:00:00,1644.0,Bill Payment,7.0,8,Excellent,Medium,0,0
341,2023-04-12 04:00:00,3007.0,Purchase,7.0,7,Needs Improvement,Medium,0,0
53,2023-04-12 05:00:00,696.0,Loan Payment,6.0,1,Needs Improvement,Low,0,0
130,2023-04-12 06:00:00,3424.0,Investment,1.0,7,Unsatisfactory,Medium,0,0
836,2023-04-12 07:00:00,1769.0,Purchase,6.0,8,Unsatisfactory,Medium,0,0
193,2023-04-12 08:00:00,4947.0,Bill Payment,1.0,4,Needs Improvement,High,0,0
591,2023-04-12 09:00:00,2490.0,Purchase,5.0,4,Good Service,Medium,1,0
57,2023-04-12 10:00:00,1347.0,Loan Payment,8.0,2,Very Satisfied,Medium,1,0
97,2023-04-12 11:00:00,124.0,Purchase,5.0,8,Unsatisfactory,Low,1,0
198,2023-04-12 12:00:00,3967.0,Purchase,10.0,7,Needs Improvement,High,1,0
647,2023-04-12 13:00:00,578.0,Purchase,10.0,5,Very Satisfied,Low,1,0
147,2023-04-12 14:00:00,1563.0,Investment,5.0,2,Excellent,Medium,1,0
684,2023-04-12 15:00:00,2699.0,Loan Payment,5.0,5,Very Satisfied,Medium,1,0
575,2023-04-12 16:00:00,4600.0,Bill Payment,5.0,1,Needs Improvement,High,1,0
577,2023-04-12 17:00:00,3350.0,Investment,1.0,3,Very Satisfied,Medium,0,0
295,2023-04-12 18:00:00,2998.0,Loan Payment,1.0,9,Excellent,Medium,0,0
723,2023-04-12 19:00:00,3161.0,Bill Payment,1.0,9,Unsatisfactory,Medium,0,0
621,2023-04-12 20:00:00,3537.0,Bill Payment,7.0,10,Good Service,Medium,0,0
794,2023-04-12 21:00:00,2460.0,Bill Payment,4.0,6,Excellent,Medium,0,0
684,2023-04-12 22:00:00,831.0,Loan Payment,5.0,5,Very Satisfied,Low,0,0
12,2023-04-12 23:00:00,3584.0,Bill Payment,6.0,3,Unsatisfactory,Medium,0,0
918,2023-04-13 00:00:00,3797.0,Bill Payment,6.0,10,Good Service,High,0,0
333,2023-04-13 01:00:00,1618.0,Investment,3.0,9,Needs Improvement,Medium,0,0
220,2023-04-13 02:00:00,569.0,Bill Payment,4.0,8,Unsatisfactory,Low,0,0
398,2023-04-13 03:00:00,4073.0,Purchase,7.0,5,Needs Improvement,High,0,0
342,2023-04-13 04:00:00,4445.0,Investment,3.0,2,Unsatisfactory,High,0,0
798,2023-04-13 05:00:00,621.0,Investment,9.0,10,Unsatisfactory,Low,0,0
512,2023-04-13 06:00:00,2173.0,Loan Payment,5.0,2,Very Satisfied,Medium,0,0
172,2023-04-13 07:00:00,1891.0,Bill Payment,10.0,2,Excellent,Medium,0,0
468,2023-04-13 08:00:00,4179.0,Purchase,8.0,9,Good Service,High,0,0
748,2023-04-13 09:00:00,3873.0,Purchase,3.0,2,Very Satisfied,High,1,0
987,2023-04-13 10:00:00,3718.0,Bill Payment,7.0,8,Unsatisfactory,High,1,0
166,2023-04-13 11:00:00,1719.0,Bill Payment,2.0,2,Very Satisfied,Medium,1,0
699,2023-04-13 12:00:00,1771.0,Loan Payment,6.0,3,Good Service,Medium,1,0
170,2023-04-13 13:00:00,1702.0,Purchase,1.0,3,Excellent,Medium,1,0
564,2023-04-13 14:00:00,1255.0,Investment,9.0,2,Needs Improvement,Low,1,0
512,2023-04-13 15:00:00,135.0,Loan Payment,5.0,2,Very Satisfied,Low,1,0
831,2023-04-13 16:00:00,4762.0,Loan Payment,3.0,4,Good Service,High,1,0
189,2023-04-13 17:00:00,1209.0,Investment,1.0,3,Very Satisfied,Low,0,0
120,2023-04-13 18:00:00,2721.0,Loan Payment,4.0,2,Good Service,Medium,0,0
105,2023-04-13 19:00:00,3456.0,Bill Payment,8.0,4,Good Service,Medium,0,0
674,2023-04-13 20:00:00,1000.0,Investment,7.0,1,Unsatisfactory,Low,0,0
807,2023-04-13 21:00:00,3075.0,Investment,7.0,6,Good Service,Medium,0,0
41,2023-04-13 22:00:00,4964.0,Purchase,3.0,10,Excellent,High,0,0
889,2023-04-13 23:00:00,1531.0,Investment,8.0,3,Very Satisfied,Medium,0,0
876,2023-04-14 00:00:00,4738.0,Loan Payment,1.0,2,Good Service,High,0,0
677,2023-04-14 01:00:00,2508.0,Purchase,9.0,1,Good Service,Medium,0,0
321,2023-04-14 02:00:00,2575.0,Loan Payment,3.0,7,Good Service,Medium,0,0
886,2023-04-14 03:00:00,4800.0,Bill Payment,6.0,10,Good Service,High,0,0
335,2023-04-14 04:00:00,2607.0,Bill Payment,7.0,8,Excellent,Medium,0,0
160,2023-04-14 05:00:00,125.0,Purchase,5.0,6,Unsatisfactory,Low,0,0
264,2023-04-14 06:00:00,1041.0,Purchase,6.0,10,Unsatisfactory,Low,0,0
865,2023-04-14 07:00:00,1251.0,Loan Payment,2.0,7,Needs Improvement,Low,0,0
530,2023-04-14 08:00:00,1752.0,Bill Payment,10.0,10,Good Service,Medium,0,0
685,2023-04-14 09:00:00,3648.0,Purchase,4.0,7,Good Service,Medium,1,0
477,2023-04-14 10:00:00,4409.0,Bill Payment,4.0,7,Very Satisfied,High,1,0
352,2023-04-14 11:00:00,4100.0,Bill Payment,8.0,7,Unsatisfactory,High,1,0
545,2023-04-14 12:00:00,1985.0,Bill Payment,1.0,7,Needs Improvement,Medium,1,0
773,2023-04-14 13:00:00,4193.0,Loan Payment,2.0,7,Good Service,High,1,0
210,2023-04-14 14:00:00,4413.0,Loan Payment,10.0,2,Needs Improvement,High,1,0
496,2023-04-14 15:00:00,4907.0,Bill Payment,5.0,7,Needs Improvement,High,1,0
895,2023-04-14 16:00:00,173.0,Bill Payment,10.0,2,Unsatisfactory,Low,1,0
842,2023-04-14 17:00:00,3320.0,Bill Payment,5.0,10,Needs Improvement,Medium,0,0
382,2023-04-14 18:00:00,3398.0,Investment,10.0,4,Unsatisfactory,Medium,0,0
676,2023-04-14 19:00:00,1005.0,Investment,10.0,3,Unsatisfactory,Low,0,0
481,2023-04-14 20:00:00,1887.0,Loan Payment,7.0,9,Good Service,Medium,0,0
919,2023-04-14 21:00:00,1833.0,Bill Payment,2.0,10,Good Service,Medium,0,0
936,2023-04-14 22:00:00,4916.0,Investment,6.0,6,Unsatisfactory,High,0,0
5,2023-04-14 23:00:00,2305.0,Purchase,8.0,7,Unsatisfactory,Medium,0,0
34,2023-04-15 00:00:00,3274.0,Purchase,3.0,7,Good Service,Medium,0,1
792,2023-04-15 01:00:00,1358.0,Bill Payment,6.0,1,Very Satisfied,Medium,0,1
145,2023-04-15 02:00:00,1813.0,Investment,4.0,10,Excellent,Medium,0,1
351,2023-04-15 03:00:00,2261.0,Purchase,9.0,8,Very Satisfied,Medium,0,1
583,2023-04-15 04:00:00,2910.0,Loan Payment,10.0,3,Very Satisfied,Medium,0,1
465,2023-04-15 05:00:00,1603.0,Purchase,1.0,8,Good Service,Medium,0,1
348,2023-04-15 06:00:00,442.0,Loan Payment,6.0,8,Unsatisfactory,Low,0,1
742,2023-04-15 07:00:00,3827.0,Purchase,3.0,7,Needs Improvement,High,0,1
125,2023-04-15 08:00:00,4927.0,Purchase,2.0,1,Needs Improvement,High,0,1
790,2023-04-15 09:00:00,1080.0,Investment,2.0,4,Unsatisfactory,Low,1,1
271,2023-04-15 10:00:00,4610.0,Purchase,1.0,3,Excellent,High,1,1
357,2023-04-15 11:00:00,124.0,Purchase,10.0,9,Needs Improvement,Low,1,1
527,2023-04-15 12:00:00,1449.0,Loan Payment,9.0,2,Very Satisfied,Medium,1,1
754,2023-04-15 13:00:00,1800.0,Loan Payment,7.0,6,Excellent,Medium,1,1
498,2023-04-15 14:00:00,1004.0,Purchase,8.0,4,Excellent,Low,1,1
153,2023-04-15 15:00:00,4328.0,Bill Payment,5.0,9,Good Service,High,1,1
53,2023-04-15 16:00:00,4741.0,Purchase,6.0,1,Needs Improvement,High,1,1
149,2023-04-15 17:00:00,4777.0,Purchase,5.0,5,Good Service,High,0,1
503,2023-04-15 18:00:00,967.0,Investment,8.0,2,Good Service,Low,0,1
870,2023-04-15 19:00:00,105.0,Purchase,8.0,2,Needs Improvement,Low,0,1
450,2023-04-15 20:00:00,2164.0,Purchase,7.0,10,Very Satisfied,Medium,0,1
219,2023-04-15 21:00:00,641.0,Loan Payment,9.0,3,Good Service,Low,0,1
625,2023-04-15 22:00:00,3694.0,Loan Payment,2.0,8,Good Service,High,0,1
800,2023-04-15 23:00:00,1711.0,Loan Payment,8.0,10,Very Satisfied,Medium,0,1
277,2023-04-16 00:00:00,707.0,Loan Payment,1.0,4,Good Service,Low,0,1
452,2023-04-16 01:00:00,41.0,Purchase,7.0,4,Needs Improvement,Low,0,1
428,2023-04-16 02:00:00,4884.0,Bill Payment,4.0,4,Unsatisfactory,High,0,1
83,2023-04-16 03:00:00,558.0,Investment,6.0,2,Good Service,Low,0,1
962,2023-04-16 04:00:00,2258.0,Investment,7.0,9,Very Satisfied,Medium,0,1
218,2023-04-16 05:00:00,1903.0,Bill Payment,6.0,2,Good Service,Medium,0,1
738,2023-04-16 06:00:00,2844.0,Bill Payment,2.0,10,Good Service,Medium,0,1
782,2023-04-16 07:00:00,1713.0,Investment,7.0,3,Very Satisfied,Medium,0,1
527,2023-04-16 08:00:00,1166.0,Purchase,9.0,2,Very Satisfied,Low,0,1
404,2023-04-16 09:00:00,353.0,Investment,9.0,3,Excellent,Low,1,1
290,2023-04-16 10:00:00,4082.0,Bill Payment,4.0,10,Needs Improvement,High,1,1
420,2023-04-16 11:00:00,3472.0,Purchase,5.0,8,Good Service,Medium,1,1
339,2023-04-16 12:00:00,2258.0,Investment,7.0,3,Very Satisfied,Medium,1,1
777,2023-04-16 13:00:00,954.0,Purchase,9.0,4,Needs Improvement,Low,1,1
711,2023-04-16 14:00:00,3890.0,Purchase,9.0,6,Needs Improvement,High,1,1
670,2023-04-16 15:00:00,2060.0,Bill Payment,5.0,8,Very Satisfied,Medium,1,1
845,2023-04-16 16:00:00,3295.0,Loan Payment,4.0,8,Needs Improvement,Medium,1,1
987,2023-04-16 17:00:00,2865.0,Investment,7.0,8,Unsatisfactory,Medium,0,1
959,2023-04-16 18:00:00,1340.0,Bill Payment,4.0,7,Very Satisfied,Medium,0,1
419,2023-04-16 19:00:00,2013.0,Investment,3.0,6,Unsatisfactory,Medium,0,1
909,2023-04-16 20:00:00,3625.0,Loan Payment,6.0,6,Good Service,Medium,0,1
207,2023-04-16 21:00:00,1797.0,Loan Payment,1.0,1,Good Service,Medium,0,1
686,2023-04-16 22:00:00,2256.0,Loan Payment,5.0,8,Good Service,Medium,0,1
696,2023-04-16 23:00:00,3682.0,Loan Payment,5.0,9,Good Service,Medium,0,1
265,2023-04-17 00:00:00,2165.0,Investment,2.0,6,Needs Improvement,Medium,0,0
983,2023-04-17 01:00:00,3489.0,Purchase,6.0,7,Good Service,Medium,0,0
758,2023-04-17 02:00:00,3030.0,Purchase,10.0,10,Good Service,Medium,0,0
36,2023-04-17 03:00:00,61.0,Loan Payment,9.0,8,Very Satisfied,Low,0,0
373,2023-04-17 04:00:00,2169.0,Loan Payment,6.0,6,Needs Improvement,Medium,0,0
488,2023-04-17 05:00:00,4400.0,Purchase,9.0,9,Good Service,High,0,0
259,2023-04-17 06:00:00,3661.0,Bill Payment,9.0,1,Good Service,Medium,0,0
994,2023-04-17 07:00:00,3925.0,Loan Payment,5.0,2,Needs Improvement,High,0,0
531,2023-04-17 08:00:00,2122.0,Purchase,8.0,7,Needs Improvement,Medium,0,0
924,2023-04-17 09:00:00,2631.0,Bill Payment,7.0,4,Very Satisfied,Medium,1,0
23,2023-04-17 10:00:00,4570.0,Purchase,8.0,6,Good Service,High,1,0
104,2023-04-17 11:00:00,4739.0,Bill Payment,8.0,5,Good Service,High,1,0
241,2023-04-17 12:00:00,1364.0,Investment,2.0,3,Needs Improvement,Medium,1,0
903,2023-04-17 13:00:00,3764.0,Bill Payment,6.0,1,Needs Improvement,High,1,0
873,2023-04-17 14:00:00,219.0,Loan Payment,7.0,1,Unsatisfactory,Low,1,0
716,2023-04-17 15:00:00,247.0,Bill Payment,4.0,7,Needs Improvement,Low,1,0
253,2023-04-17 16:00:00,345.0,Bill Payment,8.0,3,Needs Improvement,Low,1,0
142,2023-04-17 17:00:00,3848.0,Loan Payment,6.0,7,Unsatisfactory,High,0,0
814,2023-04-17 18:00:00,1586.0,Investment,3.0,5,Very Satisfied,Medium,0,0
655,2023-04-17 19:00:00,509.0,Bill Payment,10.0,2,Unsatisfactory,Low,0,0
451,2023-04-17 20:00:00,1574.0,Investment,2.0,9,Very Satisfied,Medium,0,0
783,2023-04-17 21:00:00,800.0,Purchase,10.0,1,Needs Improvement,Low,0,0
307,2023-04-17 22:00:00,3550.0,Purchase,10.0,1,Very Satisfied,Medium,0,0
984,2023-04-17 23:00:00,3132.0,Loan Payment,7.0,10,Unsatisfactory,Medium,0,0
500,2023-04-18 00:00:00,1145.0,Investment,1.0,1,Unsatisfactory,Low,0,0
622,2023-04-18 01:00:00,3954.0,Loan Payment,9.0,10,Very Satisfied,High,0,0
8,2023-04-18 02:00:00,2358.0,Loan Payment,7.0,5,Needs Improvement,Medium,0,0
69,2023-04-18 03:00:00,4334.0,Bill Payment,5.0,1,Excellent,High,0,0
702,2023-04-18 04:00:00,159.0,Purchase,10.0,10,Very Satisfied,Low,0,0
691,2023-04-18 05:00:00,3216.0,Loan Payment,1.0,9,Very Satisfied,Medium,0,0
575,2023-04-18 06:00:00,3538.0,Bill Payment,5.0,1,Needs Improvement,Medium,0,0
68,2023-04-18 07:00:00,1634.0,Bill Payment,4.0,1,Excellent,Medium,0,0
718,2023-04-18 08:00:00,2584.0,Investment,7.0,4,Needs Improvement,Medium,0,0
912,2023-04-18 09:00:00,4438.0,Purchase,6.0,8,Very Satisfied,High,1,0
980,2023-04-18 10:00:00,4279.0,Investment,1.0,1,Good Service,High,1,0
408,2023-04-18 11:00:00,3294.0,Investment,9.0,10,Unsatisfactory,Medium,1,0
518,2023-04-18 12:00:00,2118.0,Loan Payment,2.0,6,Good Service,Medium,1,0
119,2023-04-18 13:00:00,3957.0,Investment,10.0,3,Very Satisfied,High,1,0
825,2023-04-18 14:00:00,4924.0,Loan Payment,5.0,10,Needs Improvement,High,1,0
31,2023-04-18 15:00:00,2273.0,Investment,4.0,8,Needs Improvement,Medium,1,0
518,2023-04-18 16:00:00,1622.0,Bill Payment,2.0,6,Good Service,Medium,1,0
483,2023-04-18 17:00:00,3825.0,Purchase,10.0,5,Needs Improvement,High,0,0
207,2023-04-18 18:00:00,4729.0,Purchase,1.0,1,Good Service,High,0,0
669,2023-04-18 19:00:00,587.0,Purchase,5.0,5,Very Satisfied,Low,0,0
579,2023-04-18 20:00:00,432.0,Bill Payment,3.0,5,Needs Improvement,Low,0,0
971,2023-04-18 21:00:00,2773.0,Bill Payment,6.0,6,Unsatisfactory,Medium,0,0
387,2023-04-18 22:00:00,1239.0,Investment,5.0,3,Good Service,Low,0,0
412,2023-04-18 23:00:00,3186.0,Investment,4.0,9,Excellent,Medium,0,0
842,2023-04-19 00:00:00,763.0,Investment,5.0,10,Needs Improvement,Low,0,0
370,2023-04-19 01:00:00,4852.0,Investment,10.0,1,Very Satisfied,High,0,0
353,2023-04-19 02:00:00,697.0,Purchase,6.0,6,Excellent,Low,0,0
944,2023-04-19 03:00:00,732.0,Investment,3.0,2,Unsatisfactory,Low,0,0
336,2023-04-19 04:00:00,756.0,Bill Payment,5.0,6,Good Service,Low,0,0
891,2023-04-19 05:00:00,4347.0,Bill Payment,3.0,10,Good Service,High,0,0
906,2023-04-19 06:00:00,2722.0,Bill Payment,6.0,1,Good Service,Medium,0,0
289,2023-04-19 07:00:00,717.0,Loan Payment,9.0,1,Good Service,Low,0,0
996,2023-04-19 08:00:00,444.0,Loan Payment,8.0,7,Good Service,Low,0,0
963,2023-04-19 09:00:00,4886.0,Loan Payment,7.0,8,Excellent,High,1,0
965,2023-04-19 10:00:00,493.0,Investment,7.0,2,Very Satisfied,Low,1,0
140,2023-04-19 11:00:00,3528.0,Purchase,10.0,4,Excellent,Medium,1,0
953,2023-04-19 12:00:00,1543.0,Purchase,7.0,9,Unsatisfactory,Medium,1,0
300,2023-04-19 13:00:00,179.0,Investment,7.0,5,Unsatisfactory,Low,1,0
13,2023-04-19 14:00:00,1030.0,Investment,7.0,5,Very Satisfied,Low,1,0
664,2023-04-19 15:00:00,4974.0,Loan Payment,7.0,10,Unsatisfactory,High,1,0
428,2023-04-19 16:00:00,857.0,Bill Payment,4.0,4,Unsatisfactory,Low,1,0
825,2023-04-19 17:00:00,705.0,Bill Payment,5.0,10,Needs Improvement,Low,0,0
864,2023-04-19 18:00:00,3356.0,Loan Payment,10.0,4,Good Service,Medium,0,0
400,2023-04-19 19:00:00,4023.0,Loan Payment,9.0,5,Good Service,High,0,0
992,2023-04-19 20:00:00,41.0,Purchase,7.0,2,Needs Improvement,Low,0,0
109,2023-04-19 21:00:00,186.0,Loan Payment,3.0,9,Good Service,Low,0,0
485,2023-04-19 22:00:00,2974.0,Bill Payment,9.0,6,Excellent,Medium,0,0
888,2023-04-19 23:00:00,2122.0,Bill Payment,7.0,9,Excellent,Medium,0,0
356,2023-04-20 00:00:00,3896.0,Investment,9.0,2,Good Service,High,0,0
149,2023-04-20 01:00:00,1512.0,Purchase,5.0,5,Good Service,Medium,0,0
879,2023-04-20 02:00:00,2325.0,Investment,4.0,2,Unsatisfactory,Medium,0,0
716,2023-04-20 03:00:00,2654.0,Purchase,4.0,7,Needs Improvement,Medium,0,0
307,2023-04-20 04:00:00,75.0,Investment,10.0,1,Very Satisfied,Low,0,0
533,2023-04-20 05:00:00,4238.0,Purchase,9.0,1,Very Satisfied,High,0,0
60,2023-04-20 06:00:00,1938.0,Loan Payment,10.0,3,Good Service,Medium,0,0
435,2023-04-20 07:00:00,594.0,Bill Payment,4.0,3,Very Satisfied,Low,0,0
21,2023-04-20 08:00:00,1758.0,Loan Payment,5.0,2,Unsatisfactory,Medium,0,0
875,2023-04-20 09:00:00,2214.0,Purchase,3.0,4,Good Service,Medium,1,0
382,2023-04-20 10:00:00,3640.0,Purchase,10.0,4,Unsatisfactory,Medium,1,0
245,2023-04-20 11:00:00,1902.0,Investment,5.0,9,Good Service,Medium,1,0
902,2023-04-20 12:00:00,2439.0,Purchase,1.0,5,Unsatisfactory,Medium,1,0
73,2023-04-20 13:00:00,3103.0,Loan Payment,8.0,2,Needs Improvement,Medium,1,0
449,2023-04-20 14:00:00,983.0,Purchase,1.0,2,Very Satisfied,Low,1,0
76,2023-04-20 15:00:00,4034.0,Purchase,3.0,9,Very Satisfied,High,1,0
698,2023-04-20 16:00:00,2652.0,Investment,10.0,8,Good Service,Medium,1,0
590,2023-04-20 17:00:00,1452.0,Purchase,6.0,10,Excellent,Medium,0,0
390,2023-04-20 18:00:00,4339.0,Investment,9.0,4,Good Service,High,0,0
577,2023-04-20 19:00:00,1487.0,Bill Payment,1.0,3,Very Satisfied,Medium,0,0
342,2023-04-20 20:00:00,780.0,Investment,3.0,2,Unsatisfactory,Low,0,0
290,2023-04-20 21:00:00,315.0,Purchase,4.0,10,Needs Improvement,Low,0,0
568,2023-04-20 22:00:00,11.0,Bill Payment,8.0,3,Good Service,Low,0,0
331,2023-04-20 23:00:00,280.0,Purchase,2.0,7,Good Service,Low,0,0
259,2023-04-21 00:00:00,4526.0,Investment,9.0,1,Good Service,High,0,0
426,2023-04-21 01:00:00,3224.0,Loan Payment,1.0,10,Excellent,Medium,0,0
702,2023-04-21 02:00:00,873.0,Bill Payment,10.0,10,Very Satisfied,Low,0,0
6,2023-04-21 03:00:00,2749.0,Loan Payment,3.0,1,Needs Improvement,Medium,0,0
6,2023-04-21 04:00:00,2924.0,Loan Payment,3.0,1,Needs Improvement,Medium,0,0
191,2023-04-21 05:00:00,116.0,Bill Payment,7.0,7,Good Service,Low,0,0
148,2023-04-21 06:00:00,3178.0,Loan Payment,10.0,1,Unsatisfactory,Medium,0,0
405,2023-04-21 07:00:00,4654.0,Loan Payment,8.0,8,Needs Improvement,High,0,0
258,2023-04-21 08:00:00,2609.0,Loan Payment,4.0,1,Good Service,Medium,0,0
730,2023-04-21 09:00:00,2245.0,Loan Payment,3.0,1,Very Satisfied,Medium,1,0
479,2023-04-21 10:00:00,2809.0,Bill Payment,7.0,9,Good Service,Medium,1,0
90,2023-04-21 11:00:00,1521.0,Purchase,2.0,6,Very Satisfied,Medium,1,0
824,2023-04-21 12:00:00,28.0,Loan Payment,8.0,9,Very Satisfied,Low,1,0
864,2023-04-21 13:00:00,868.0,Bill Payment,10.0,4,Good Service,Low,1,0
10,2023-04-21 14:00:00,1426.0,Bill Payment,7.0,1,Good Service,Medium,1,0
87,2023-04-21 15:00:00,3042.0,Bill Payment,5.0,3,Unsatisfactory,Medium,1,0
762,2023-04-21 16:00:00,4515.0,Bill Payment,4.0,4,Very Satisfied,High,1,0
838,2023-04-21 17:00:00,1436.0,Investment,1.0,7,Needs Improvement,Medium,0,0
151,2023-04-21 18:00:00,2541.0,Purchase,8.0,10,Excellent,Medium,0,0
988,2023-04-21 19:00:00,4729.0,Purchase,1.0,8,Unsatisfactory,High,0,0
625,2023-04-21 20:00:00,4761.0,Loan Payment,2.0,8,Good Service,High,0,0
30,2023-04-21 21:00:00,4873.0,Bill Payment,3.0,7,Unsatisfactory,High,0,0
128,2023-04-21 22:00:00,4048.0,Investment,5.0,2,Needs Improvement,High,0,0
78,2023-04-21 23:00:00,4123.0,Bill Payment,6.0,4,Excellent,High,0,0
421,2023-04-22 00:00:00,2241.0,Loan Payment,8.0,2,Good Service,Medium,0,1
55,2023-04-22 01:00:00,2462.0,Purchase,1.0,9,Needs Improvement,Medium,0,1
480,2023-04-22 02:00:00,2856.0,Loan Payment,2.0,3,Unsatisfactory,Medium,0,1
305,2023-04-22 03:00:00,3212.0,Loan Payment,8.0,3,Excellent,Medium,0,1
546,2023-04-22 04:00:00,1826.0,Loan Payment,6.0,4,Very Satisfied,Medium,0,1
105,2023-04-22 05:00:00,1790.0,Loan Payment,8.0,4,Good Service,Medium,0,1
172,2023-04-22 06:00:00,4113.0,Loan Payment,10.0,2,Excellent,High,0,1
499,2023-04-22 07:00:00,714.0,Loan Payment,10.0,8,Needs Improvement,Low,0,1
22,2023-04-22 08:00:00,1351.0,Loan Payment,7.0,7,Unsatisfactory,Medium,0,1
287,2023-04-22 09:00:00,3472.0,Purchase,8.0,10,Excellent,Medium,1,1
391,2023-04-22 10:00:00,3600.0,Purchase,8.0,8,Good Service,Medium,1,1
617,2023-04-22 11:00:00,1169.0,Bill Payment,1.0,8,Unsatisfactory,Low,1,1
149,2023-04-22 12:00:00,4636.0,Bill Payment,5.0,5,Good Service,High,1,1
272,2023-04-22 13:00:00,3732.0,Investment,4.0,10,Unsatisfactory,High,1,1
788,2023-04-22 14:00:00,3448.0,Investment,4.0,7,Unsatisfactory,Medium,1,1
299,2023-04-22 15:00:00,3570.0,Purchase,10.0,8,Good Service,Medium,1,1
172,2023-04-22 16:00:00,3092.0,Purchase,10.0,2,Excellent,Medium,1,1
47,2023-04-22 17:00:00,1725.0,Investment,7.0,6,Unsatisfactory,Medium,0,1
626,2023-04-22 18:00:00,2253.0,Purchase,8.0,2,Good Service,Medium,0,1
787,2023-04-22 19:00:00,1770.0,Investment,2.0,2,Needs Improvement,Medium,0,1
816,2023-04-22 20:00:00,4017.0,Bill Payment,8.0,10,Needs Improvement,High,0,1
992,2023-04-22 21:00:00,1806.0,Purchase,7.0,2,Needs Improvement,Medium,0,1
207,2023-04-22 22:00:00,2685.0,Purchase,1.0,1,Good Service,Medium,0,1
453,2023-04-22 23:00:00,3246.0,Investment,7.0,9,Good Service,Medium,0,1
395,2023-04-23 00:00:00,53.0,Loan Payment,6.0,8,Needs Improvement,Low,0,1
975,2023-04-23 01:00:00,498.0,Loan Payment,4.0,5,Excellent,Low,0,1
925,2023-04-23 02:00:00,4286.0,Bill Payment,1.0,6,Unsatisfactory,High,0,1
754,2023-04-23 03:00:00,3158.0,Purchase,7.0,6,Excellent,Medium,0,1
301,2023-04-23 04:00:00,4733.0,Purchase,7.0,8,Needs Improvement,High,0,1
708,2023-04-23 05:00:00,966.0,Investment,8.0,7,Very Satisfied,Low,0,1
676,2023-04-23 06:00:00,2124.0,Loan Payment,10.0,3,Unsatisfactory,Medium,0,1
176,2023-04-23 07:00:00,1125.0,Loan Payment,5.0,3,Good Service,Low,0,1
855,2023-04-23 08:00:00,1791.0,Bill Payment,6.0,6,Unsatisfactory,Medium,0,1
783,2023-04-23 09:00:00,2836.0,Loan Payment,10.0,1,Needs Improvement,Medium,1,1
110,2023-04-23 10:00:00,660.0,Loan Payment,1.0,4,Needs Improvement,Low,1,1
684,2023-04-23 11:00:00,1886.0,Loan Payment,5.0,5,Very Satisfied,Medium,1,1
963,2023-04-23 12:00:00,350.0,Investment,7.0,8,Excellent,Low,1,1
864,2023-04-23 13:00:00,2960.0,Loan Payment,10.0,4,Good Service,Medium,1,1
202,2023-04-23 14:00:00,3385.0,Bill Payment,2.0,3,Good Service,Medium,1,1
168,2023-04-23 15:00:00,2455.0,Loan Payment,1.0,6,Unsatisfactory,Medium,1,1
614,2023-04-23 16:00:00,2760.0,Bill Payment,10.0,10,Very Satisfied,Medium,1,1
86,2023-04-23 17:00:00,2154.0,Investment,2.0,8,Very Satisfied,Medium,0,1
654,2023-04-23 18:00:00,1364.0,Investment,4.0,8,Unsatisfactory,Medium,0,1
959,2023-04-23 19:00:00,3286.0,Bill Payment,4.0,7,Very Satisfied,Medium,0,1
849,2023-04-23 20:00:00,458.0,Investment,6.0,2,Unsatisfactory,Low,0,1
725,2023-04-23 21:00:00,4182.0,Purchase,10.0,5,Unsatisfactory,High,0,1
51,2023-04-23 22:00:00,4654.0,Purchase,8.0,8,Needs Improvement,High,0,1
112,2023-04-23 23:00:00,807.0,Purchase,10.0,3,Very Satisfied,Low,0,1
463,2023-04-24 00:00:00,3506.0,Purchase,5.0,7,Unsatisfactory,Medium,0,0
442,2023-04-24 01:00:00,4920.0,Purchase,7.0,7,Unsatisfactory,High,0,0
271,2023-04-24 02:00:00,2192.0,Investment,1.0,3,Excellent,Medium,0,0
577,2023-04-24 03:00:00,3336.0,Bill Payment,1.0,3,Very Satisfied,Medium,0,0
344,2023-04-24 04:00:00,655.0,Investment,3.0,2,Needs Improvement,Low,0,0
183,2023-04-24 05:00:00,729.0,Loan Payment,4.0,8,Needs Improvement,Low,0,0
503,2023-04-24 06:00:00,1532.0,Purchase,8.0,2,Good Service,Medium,0,0
844,2023-04-24 07:00:00,1079.0,Purchase,9.0,6,Very Satisfied,Low,0,0
10,2023-04-24 08:00:00,4753.0,Investment,7.0,1,Good Service,High,0,0
494,2023-04-24 09:00:00,4897.0,Loan Payment,7.0,7,Needs Improvement,High,1,0
234,2023-04-24 10:00:00,4684.0,Investment,5.0,10,Needs Improvement,High,1,0
298,2023-04-24 11:00:00,3085.0,Bill Payment,4.0,6,Needs Improvement,Medium,1,0
244,2023-04-24 12:00:00,3817.0,Purchase,2.0,4,Very Satisfied,High,1,0
509,2023-04-24 13:00:00,3371.0,Investment,8.0,10,Good Service,Medium,1,0
351,2023-04-24 14:00:00,2166.0,Bill Payment,9.0,8,Very Satisfied,Medium,1,0
267,2023-04-24 15:00:00,4565.0,Purchase,1.0,4,Good Service,High,1,0
630,2023-04-24 16:00:00,2323.0,Purchase,4.0,5,Good Service,Medium,1,0
656,2023-04-24 17:00:00,3515.0,Purchase,9.0,9,Needs Improvement,Medium,0,0
893,2023-04-24 18:00:00,2460.0,Loan Payment,8.0,9,Unsatisfactory,Medium,0,0
201,2023-04-24 19:00:00,642.0,Investment,6.0,6,Needs Improvement,Low,0,0
239,2023-04-24 20:00:00,2209.0,Purchase,4.0,4,Good Service,Medium,0,0
334,2023-04-24 21:00:00,3073.0,Purchase,4.0,7,Very Satisfied,Medium,0,0
915,2023-04-24 22:00:00,2920.0,Bill Payment,5.0,1,Excellent,Medium,0,0
415,2023-04-24 23:00:00,632.0,Investment,5.0,5,Excellent,Low,0,0
969,2023-04-25 00:00:00,370.0,Bill Payment,2.0,2,Unsatisfactory,Low,0,0
484,2023-04-25 01:00:00,2377.0,Investment,5.0,10,Excellent,Medium,0,0
437,2023-04-25 02:00:00,219.0,Purchase,6.0,1,Very Satisfied,Low,0,0
999,2023-04-25 03:00:00,3477.0,Loan Payment,10.0,9,Good Service,Medium,0,0
246,2023-04-25 04:00:00,940.0,Bill Payment,9.0,4,Needs Improvement,Low,0,0
858,2023-04-25 05:00:00,4594.0,Loan Payment,10.0,10,Very Satisfied,High,0,0
8,2023-04-25 06:00:00,3953.0,Loan Payment,7.0,5,Needs Improvement,High,0,0
152,2023-04-25 07:00:00,4706.0,Loan Payment,10.0,7,Needs Improvement,High,0,0
392,2023-04-25 08:00:00,4879.0,Investment,7.0,5,Excellent,High,0,0
211,2023-04-25 09:00:00,887.0,Investment,5.0,4,Very Satisfied,Low,1,0
367,2023-04-25 10:00:00,4805.0,Loan Payment,2.0,6,Unsatisfactory,High,1,0
944,2023-04-25 11:00:00,2509.0,Purchase,3.0,2,Unsatisfactory,Medium,1,0
670,2023-04-25 12:00:00,2533.0,Purchase,5.0,8,Very Satisfied,Medium,1,0
570,2023-04-25 13:00:00,4361.0,Loan Payment,9.0,3,Good Service,High,1,0
86,2023-04-25 14:00:00,401.0,Bill Payment,2.0,8,Very Satisfied,Low,1,0
55,2023-04-25 15:00:00,3912.0,Bill Payment,1.0,9,Needs Improvement,High,1,0
713,2023-04-25 16:00:00,2331.0,Investment,8.0,1,Very Satisfied,Medium,1,0
634,2023-04-25 17:00:00,4950.0,Bill Payment,6.0,8,Good Service,High,0,0
446,2023-04-25 18:00:00,3991.0,Purchase,1.0,9,Very Satisfied,High,0,0
620,2023-04-25 19:00:00,148.0,Loan Payment,10.0,8,Good Service,Low,0,0
304,2023-04-25 20:00:00,112.0,Bill Payment,4.0,1,Good Service,Low,0,0
132,2023-04-25 21:00:00,493.0,Loan Payment,10.0,3,Good Service,Low,0,0
421,2023-04-25 22:00:00,4329.0,Bill Payment,8.0,2,Good Service,High,0,0
904,2023-04-25 23:00:00,4083.0,Investment,2.0,10,Unsatisfactory,High,0,0
385,2023-04-26 00:00:00,1858.0,Purchase,10.0,4,Needs Improvement,Medium,0,0
988,2023-04-26 01:00:00,1894.0,Investment,1.0,8,Unsatisfactory,Medium,0,0
198,2023-04-26 02:00:00,3215.0,Loan Payment,10.0,7,Needs Improvement,Medium,0,0
47,2023-04-26 03:00:00,2171.0,Purchase,7.0,6,Unsatisfactory,Medium,0,0
740,2023-04-26 04:00:00,1474.0,Purchase,9.0,6,Good Service,Medium,0,0
757,2023-04-26 05:00:00,653.0,Investment,6.0,6,Unsatisfactory,Low,0,0
203,2023-04-26 06:00:00,3446.0,Bill Payment,4.0,8,Very Satisfied,Medium,0,0
261,2023-04-26 07:00:00,4563.0,Investment,5.0,9,Good Service,High,0,0
690,2023-04-26 08:00:00,620.0,Loan Payment,10.0,7,Very Satisfied,Low,0,0
24,2023-04-26 09:00:00,4312.0,Bill Payment,2.0,7,Good Service,High,1,0
687,2023-04-26 10:00:00,1553.0,Investment,8.0,2,Excellent,Medium,1,0
786,2023-04-26 11:00:00,3549.0,Investment,5.0,10,Good Service,Medium,1,0
340,2023-04-26 12:00:00,1476.0,Bill Payment,5.0,9,Good Service,Medium,1,0
412,2023-04-26 13:00:00,926.0,Bill Payment,4.0,9,Excellent,Low,1,0
973,2023-04-26 14:00:00,1191.0,Bill Payment,6.0,8,Very Satisfied,Low,1,0
261,2023-04-26 15:00:00,2156.0,Investment,5.0,9,Good Service,Medium,1,0
286,2023-04-26 16:00:00,2282.0,Bill Payment,7.0,4,Excellent,Medium,1,0
513,2023-04-26 17:00:00,861.0,Bill Payment,4.0,9,Good Service,Low,0,0
86,2023-04-26 18:00:00,4546.0,Bill Payment,2.0,8,Very Satisfied,High,0,0
850,2023-04-26 19:00:00,729.0,Purchase,8.0,9,Excellent,Low,0,0
430,2023-04-26 20:00:00,4690.0,Loan Payment,7.0,6,Needs Improvement,High,0,0
581,2023-04-26 21:00:00,2024.0,Bill Payment,8.0,2,Very Satisfied,Medium,0,0
31,2023-04-26 22:00:00,3482.0,Loan Payment,4.0,8,Needs Improvement,Medium,0,0
710,2023-04-26 23:00:00,3652.0,Bill Payment,10.0,3,Excellent,Medium,0,0
603,2023-04-27 00:00:00,3880.0,Bill Payment,9.0,1,Very Satisfied,High,0,0
440,2023-04-27 01:00:00,73.0,Purchase,7.0,6,Good Service,Low,0,0
985,2023-04-27 02:00:00,4873.0,Purchase,3.0,10,Very Satisfied,High,0,0
349,2023-04-27 03:00:00,569.0,Bill Payment,3.0,10,Needs Improvement,Low,0,0
895,2023-04-27 04:00:00,1743.0,Bill Payment,10.0,2,Unsatisfactory,Medium,0,0
412,2023-04-27 05:00:00,679.0,Bill Payment,4.0,9,Excellent,Low,0,0
528,2023-04-27 06:00:00,3904.0,Loan Payment,2.0,2,Excellent,High,0,0
310,2023-04-27 07:00:00,1552.0,Bill Payment,2.0,6,Unsatisfactory,Medium,0,0
949,2023-04-27 08:00:00,1281.0,Loan Payment,5.0,9,Needs Improvement,Medium,0,0
396,2023-04-27 09:00:00,2425.0,Purchase,10.0,2,Needs Improvement,Medium,1,0
788,2023-04-27 10:00:00,2801.0,Loan Payment,4.0,7,Unsatisfactory,Medium,1,0
338,2023-04-27 11:00:00,4723.0,Bill Payment,6.0,1,Unsatisfactory,High,1,0
674,2023-04-27 12:00:00,3064.0,Purchase,7.0,1,Unsatisfactory,Medium,1,0
437,2023-04-27 13:00:00,2468.0,Investment,6.0,1,Very Satisfied,Medium,1,0
704,2023-04-27 14:00:00,3075.0,Purchase,10.0,1,Excellent,Medium,1,0
663,2023-04-27 15:00:00,1173.0,Investment,5.0,8,Unsatisfactory,Low,1,0
365,2023-04-27 16:00:00,4569.0,Loan Payment,1.0,8,Good Service,High,1,0
923,2023-04-27 17:00:00,2759.0,Purchase,1.0,2,Very Satisfied,Medium,0,0
113,2023-04-27 18:00:00,1958.0,Purchase,8.0,8,Good Service,Medium,0,0
785,2023-04-27 19:00:00,69.0,Purchase,8.0,5,Needs Improvement,Low,0,0
176,2023-04-27 20:00:00,3112.0,Loan Payment,5.0,3,Good Service,Medium,0,0
149,2023-04-27 21:00:00,342.0,Bill Payment,5.0,5,Good Service,Low,0,0
178,2023-04-27 22:00:00,4181.0,Loan Payment,6.0,2,Good Service,High,0,0
936,2023-04-27 23:00:00,199.0,Purchase,6.0,6,Unsatisfactory,Low,0,0
382,2023-04-28 00:00:00,3570.0,Bill Payment,10.0,4,Unsatisfactory,Medium,0,0
223,2023-04-28 01:00:00,305.0,Purchase,2.0,4,Very Satisfied,Low,0,0
259,2023-04-28 02:00:00,2558.0,Purchase,9.0,1,Good Service,Medium,0,0
785,2023-04-28 03:00:00,186.0,Investment,8.0,5,Needs Improvement,Low,0,0
189,2023-04-28 04:00:00,809.0,Purchase,1.0,3,Very Satisfied,Low,0,0
306,2023-04-28 05:00:00,815.0,Loan Payment,7.0,7,Very Satisfied,Low,0,0
378,2023-04-28 06:00:00,1752.0,Loan Payment,5.0,4,Good Service,Medium,0,0
602,2023-04-28 07:00:00,224.0,Loan Payment,3.0,8,Very Satisfied,Low,0,0
343,2023-04-28 08:00:00,1889.0,Bill Payment,7.0,1,Very Satisfied,Medium,0,0
774,2023-04-28 09:00:00,2710.0,Investment,7.0,10,Good Service,Medium,1,0
156,2023-04-28 10:00:00,606.0,Investment,4.0,8,Very Satisfied,Low,1,0
712,2023-04-28 11:00:00,1727.0,Purchase,2.0,6,Good Service,Medium,1,0
55,2023-04-28 12:00:00,1365.0,Purchase,1.0,9,Needs Improvement,Medium,1,0
766,2023-04-28 13:00:00,4233.0,Investment,3.0,6,Needs Improvement,High,1,0
442,2023-04-28 14:00:00,1302.0,Bill Payment,7.0,7,Unsatisfactory,Medium,1,0
685,2023-04-28 15:00:00,2608.0,Loan Payment,4.0,7,Good Service,Medium,1,0
200,2023-04-28 16:00:00,3447.0,Purchase,4.0,8,Unsatisfactory,Medium,1,0
403,2023-04-28 17:00:00,4724.0,Investment,4.0,6,Very Satisfied,High,0,0
614,2023-04-28 18:00:00,151.0,Bill Payment,10.0,10,Very Satisfied,Low,0,0
797,2023-04-28 19:00:00,3226.0,Loan Payment,2.0,4,Very Satisfied,Medium,0,0
663,2023-04-28 20:00:00,2849.0,Purchase,5.0,8,Unsatisfactory,Medium,0,0
623,2023-04-28 21:00:00,4350.0,Loan Payment,8.0,6,Unsatisfactory,High,0,0
928,2023-04-28 22:00:00,3523.0,Loan Payment,6.0,2,Needs Improvement,Medium,0,0
778,2023-04-28 23:00:00,2760.0,Investment,3.0,6,Needs Improvement,Medium,0,0
603,2023-04-29 00:00:00,1724.0,Investment,9.0,1,Very Satisfied,Medium,0,1
177,2023-04-29 01:00:00,1145.0,Loan Payment,8.0,4,Needs Improvement,Low,0,1
449,2023-04-29 02:00:00,3731.0,Loan Payment,1.0,2,Very Satisfied,High,0,1
743,2023-04-29 03:00:00,1919.0,Purchase,5.0,8,Unsatisfactory,Medium,0,1
541,2023-04-29 04:00:00,2257.0,Bill Payment,2.0,8,Needs Improvement,Medium,0,1
955,2023-04-29 05:00:00,4526.0,Bill Payment,4.0,9,Good Service,High,0,1
301,2023-04-29 06:00:00,4112.0,Loan Payment,7.0,8,Needs Improvement,High,0,1
707,2023-04-29 07:00:00,1558.0,Investment,2.0,2,Needs Improvement,Medium,0,1
307,2023-04-29 08:00:00,2649.0,Bill Payment,10.0,1,Very Satisfied,Medium,0,1
751,2023-04-29 09:00:00,4776.0,Loan Payment,10.0,10,Unsatisfactory,High,1,1
869,2023-04-29 10:00:00,4521.0,Investment,2.0,10,Good Service,High,1,1
991,2023-04-29 11:00:00,2841.0,Purchase,9.0,7,Needs Improvement,Medium,1,1
896,2023-04-29 12:00:00,1016.0,Bill Payment,5.0,2,Needs Improvement,Low,1,1
267,2023-04-29 13:00:00,3231.0,Purchase,1.0,4,Good Service,Medium,1,1
214,2023-04-29 14:00:00,3072.0,Investment,8.0,1,Needs Improvement,Medium,1,1
594,2023-04-29 15:00:00,4533.0,Loan Payment,5.0,5,Needs Improvement,High,1,1
640,2023-04-29 16:00:00,3062.0,Purchase,5.0,9,Unsatisfactory,Medium,1,1
483,2023-04-29 17:00:00,4439.0,Loan Payment,10.0,5,Needs Improvement,High,0,1
262,2023-04-29 18:00:00,2329.0,Bill Payment,10.0,8,Excellent,Medium,0,1
67,2023-04-29 19:00:00,3549.0,Purchase,5.0,9,Very Satisfied,Medium,0,1
574,2023-04-29 20:00:00,2376.0,Bill Payment,10.0,9,Good Service,Medium,0,1
133,2023-04-29 21:00:00,536.0,Bill Payment,3.0,1,Excellent,Low,0,1
649,2023-04-29 22:00:00,2817.0,Bill Payment,10.0,2,Unsatisfactory,Medium,0,1
540,2023-04-29 23:00:00,1205.0,Bill Payment,2.0,8,Good Service,Low,0,1
512,2023-04-30 00:00:00,1763.0,Bill Payment,5.0,2,Very Satisfied,Medium,0,1
211,2023-04-30 01:00:00,1682.0,Investment,5.0,4,Very Satisfied,Medium,0,1
988,2023-04-30 02:00:00,2038.0,Purchase,1.0,8,Unsatisfactory,Medium,0,1
987,2023-04-30 03:00:00,1664.0,Loan Payment,7.0,8,Unsatisfactory,Medium,0,1
717,2023-04-30 04:00:00,4559.0,Loan Payment,2.0,9,Very Satisfied,High,0,1
253,2023-04-30 05:00:00,4851.0,Investment,8.0,3,Needs Improvement,High,0,1
38,2023-04-30 06:00:00,4051.0,Loan Payment,6.0,2,Good Service,High,0,1
43,2023-04-30 07:00:00,857.0,Loan Payment,4.0,1,Good Service,Low,0,1
629,2023-04-30 08:00:00,877.0,Loan Payment,7.0,8,Very Satisfied,Low,0,1
405,2023-04-30 09:00:00,783.0,Purchase,8.0,8,Needs Improvement,Low,1,1
987,2023-04-30 10:00:00,552.0,Loan Payment,7.0,8,Unsatisfactory,Low,1,1
702,2023-04-30 11:00:00,4427.0,Purchase,10.0,10,Very Satisfied,High,1,1
46,2023-04-30 12:00:00,795.0,Loan Payment,6.0,1,Good Service,Low,1,1
454,2023-04-30 13:00:00,3315.0,Loan Payment,9.0,2,Unsatisfactory,Medium,1,1
678,2023-04-30 14:00:00,4645.0,Purchase,3.0,9,Needs Improvement,High,1,1
305,2023-04-30 15:00:00,2893.0,Investment,8.0,3,Excellent,Medium,1,1
715,2023-04-30 16:00:00,458.0,Loan Payment,1.0,6,Needs Improvement,Low,1,1
233,2023-04-30 17:00:00,3320.0,Bill Payment,10.0,6,Unsatisfactory,Medium,0,1
245,2023-04-30 18:00:00,4595.0,Bill Payment,5.0,9,Good Service,High,0,1
721,2023-04-30 19:00:00,1915.0,Investment,4.0,3,Good Service,Medium,0,1
760,2023-04-30 20:00:00,4569.0,Bill Payment,3.0,5,Unsatisfactory,High,0,1
295,2023-04-30 21:00:00,4419.0,Purchase,1.0,9,Excellent,High,0,1
839,2023-04-30 22:00:00,3261.0,Loan Payment,5.0,5,Very Satisfied,Medium,0,1
383,2023-04-30 23:00:00,394.0,Loan Payment,7.0,10,Unsatisfactory,Low,0,1
158,2023-05-01 00:00:00,304.0,Loan Payment,5.0,4,Very Satisfied,Low,0,0
405,2023-05-01 01:00:00,2460.0,Loan Payment,8.0,8,Needs Improvement,Medium,0,0
1,2023-05-01 02:00:00,4867.0,Bill Payment,10.0,9,Very Satisfied,High,0,0
217,2023-05-01 03:00:00,2826.0,Bill Payment,2.0,7,Excellent,Medium,0,0
928,2023-05-01 04:00:00,1108.0,Bill Payment,6.0,2,Needs Improvement,Low,0,0
507,2023-05-01 05:00:00,1747.0,Purchase,8.0,10,Needs Improvement,Medium,0,0
761,2023-05-01 06:00:00,2199.0,Bill Payment,7.0,7,Good Service,Medium,0,0
904,2023-05-01 07:00:00,2460.0,Bill Payment,2.0,10,Unsatisfactory,Medium,0,0
581,2023-05-01 08:00:00,1232.0,Loan Payment,8.0,2,Very Satisfied,Low,0,0
30,2023-05-01 09:00:00,3252.0,Bill Payment,3.0,7,Unsatisfactory,Medium,1,0
627,2023-05-01 10:00:00,3909.0,Investment,4.0,5,Very Satisfied,High,1,0
520,2023-05-01 11:00:00,4333.0,Investment,5.0,2,Very Satisfied,High,1,0
881,2023-05-01 12:00:00,420.0,Loan Payment,2.0,3,Very Satisfied,Low,1,0
275,2023-05-01 13:00:00,3009.0,Bill Payment,5.0,8,Unsatisfactory,Medium,1,0
492,2023-05-01 14:00:00,2955.0,Investment,7.0,5,Needs Improvement,Medium,1,0
827,2023-05-01 15:00:00,4796.0,Investment,4.0,7,Good Service,High,1,0
951,2023-05-01 16:00:00,887.0,Purchase,2.0,9,Good Service,Low,1,0
926,2023-05-01 17:00:00,796.0,Loan Payment,6.0,5,Unsatisfactory,Low,0,0
847,2023-05-01 18:00:00,2119.0,Investment,1.0,1,Excellent,Medium,0,0
36,2023-05-01 19:00:00,1996.0,Investment,9.0,8,Very Satisfied,Medium,0,0
311,2023-05-01 20:00:00,888.0,Loan Payment,4.0,9,Needs Improvement,Low,0,0
44,2023-05-01 21:00:00,1617.0,Bill Payment,7.0,9,Excellent,Medium,0,0
155,2023-05-01 22:00:00,2460.0,Loan Payment,3.0,1,Needs Improvement,Medium,0,0
77,2023-05-01 23:00:00,80.0,Purchase,9.0,5,Good Service,Low,0,0
590,2023-05-02 00:00:00,2320.0,Purchase,6.0,10,Excellent,Medium,0,0
613,2023-05-02 01:00:00,4411.0,Purchase,1.0,10,Needs Improvement,High,0,0
438,2023-05-02 02:00:00,3305.0,Investment,9.0,8,Unsatisfactory,Medium,0,0
432,2023-05-02 03:00:00,771.0,Bill Payment,8.0,3,Needs Improvement,Low,0,0
542,2023-05-02 04:00:00,2460.0,Purchase,9.0,2,Needs Improvement,Medium,0,0
39,2023-05-02 05:00:00,2131.0,Loan Payment,1.0,7,Good Service,Medium,0,0
239,2023-05-02 06:00:00,3592.0,Purchase,4.0,4,Good Service,Medium,0,0
13,2023-05-02 07:00:00,4207.0,Investment,7.0,5,Very Satisfied,High,0,0
122,2023-05-02 08:00:00,1639.0,Purchase,5.0,5,Good Service,Medium,0,0
144,2023-05-02 09:00:00,4298.0,Bill Payment,7.0,3,Good Service,High,1,0
684,2023-05-02 10:00:00,1095.0,Purchase,5.0,5,Very Satisfied,Low,1,0
455,2023-05-02 11:00:00,2467.0,Bill Payment,6.0,7,Very Satisfied,Medium,1,0
368,2023-05-02 12:00:00,4405.0,Bill Payment,2.0,2,Good Service,High,1,0
759,2023-05-02 13:00:00,3276.0,Loan Payment,10.0,9,Very Satisfied,Medium,1,0
247,2023-05-02 14:00:00,463.0,Bill Payment,1.0,4,Very Satisfied,Low,1,0
923,2023-05-02 15:00:00,2631.0,Investment,1.0,2,Very Satisfied,Medium,1,0
45,2023-05-02 16:00:00,628.0,Investment,4.0,3,Needs Improvement,Low,1,0
765,2023-05-02 17:00:00,646.0,Bill Payment,6.0,4,Excellent,Low,0,0
375,2023-05-02 18:00:00,2358.0,Bill Payment,7.0,7,Unsatisfactory,Medium,0,0
291,2023-05-02 19:00:00,2460.0,Purchase,4.0,9,Good Service,Medium,0,0
207,2023-05-02 20:00:00,3046.0,Purchase,1.0,1,Good Service,Medium,0,0
924,2023-05-02 21:00:00,2259.0,Loan Payment,7.0,4,Very Satisfied,Medium,0,0
995,2023-05-02 22:00:00,2731.0,Purchase,8.0,5,Good Service,Medium,0,0
519,2023-05-02 23:00:00,2359.0,Investment,9.0,5,Needs Improvement,Medium,0,0
958,2023-05-03 00:00:00,4442.0,Purchase,2.0,9,Very Satisfied,High,0,0
242,2023-05-03 01:00:00,2004.0,Loan Payment,1.0,3,Needs Improvement,Medium,0,0
622,2023-05-03 02:00:00,2830.0,Loan Payment,9.0,10,Very Satisfied,Medium,0,0
114,2023-05-03 03:00:00,1081.0,Bill Payment,4.0,7,Needs Improvement,Low,0,0
819,2023-05-03 04:00:00,2041.0,Loan Payment,5.0,8,Unsatisfactory,Medium,0,0
302,2023-05-03 05:00:00,1259.0,Bill Payment,6.0,1,Good Service,Low,0,0
276,2023-05-03 06:00:00,2460.0,Investment,10.0,5,Good Service,Medium,0,0
96,2023-05-03 07:00:00,3566.0,Investment,2.0,1,Unsatisfactory,Medium,0,0
294,2023-05-03 08:00:00,337.0,Purchase,9.0,2,Very Satisfied,Low,0,0
701,2023-05-03 09:00:00,806.0,Loan Payment,4.0,8,Excellent,Low,1,0
360,2023-05-03 10:00:00,2871.0,Investment,9.0,9,Needs Improvement,Medium,1,0
288,2023-05-03 11:00:00,4770.0,Bill Payment,3.0,4,Unsatisfactory,High,1,0
154,2023-05-03 12:00:00,2803.0,Loan Payment,3.0,6,Good Service,Medium,1,0
570,2023-05-03 13:00:00,3104.0,Loan Payment,9.0,3,Good Service,Medium,1,0
423,2023-05-03 14:00:00,2987.0,Bill Payment,6.0,10,Unsatisfactory,Medium,1,0
916,2023-05-03 15:00:00,972.0,Loan Payment,6.0,3,Needs Improvement,Low,1,0
850,2023-05-03 16:00:00,1278.0,Loan Payment,8.0,9,Excellent,Medium,1,0
50,2023-05-03 17:00:00,382.0,Investment,6.0,4,Unsatisfactory,Low,0,0
207,2023-05-03 18:00:00,4390.0,Bill Payment,1.0,1,Good Service,High,0,0
564,2023-05-03 19:00:00,2578.0,Investment,9.0,2,Needs Improvement,Medium,0,0
854,2023-05-03 20:00:00,4912.0,Bill Payment,5.0,8,Unsatisfactory,High,0,0
883,2023-05-03 21:00:00,4752.0,Purchase,3.0,8,Very Satisfied,High,0,0
662,2023-05-03 22:00:00,3703.0,Loan Payment,9.0,7,Good Service,High,0,0
565,2023-05-03 23:00:00,1614.0,Loan Payment,7.0,10,Unsatisfactory,Medium,0,0
213,2023-05-04 00:00:00,105.0,Investment,4.0,4,Very Satisfied,Low,0,0
66,2023-05-04 01:00:00,4379.0,Loan Payment,6.0,5,Good Service,High,0,0
232,2023-05-04 02:00:00,3951.0,Loan Payment,2.0,6,Very Satisfied,High,0,0
885,2023-05-04 03:00:00,1210.0,Investment,7.0,9,Needs Improvement,Low,0,0
811,2023-05-04 04:00:00,3954.0,Investment,6.0,8,Good Service,High,0,0
850,2023-05-04 05:00:00,4889.0,Bill Payment,8.0,9,Excellent,High,0,0
663,2023-05-04 06:00:00,141.0,Purchase,5.0,8,Unsatisfactory,Low,0,0
717,2023-05-04 07:00:00,3125.0,Investment,2.0,9,Very Satisfied,Medium,0,0
320,2023-05-04 08:00:00,1400.0,Bill Payment,8.0,9,Excellent,Medium,0,0
767,2023-05-04 09:00:00,1159.0,Investment,6.0,8,Needs Improvement,Low,1,0
137,2023-05-04 10:00:00,3520.0,Bill Payment,3.0,8,Good Service,Medium,1,0
881,2023-05-04 11:00:00,3657.0,Purchase,2.0,3,Very Satisfied,Medium,1,0
647,2023-05-04 12:00:00,817.0,Bill Payment,10.0,5,Very Satisfied,Low,1,0
937,2023-05-04 13:00:00,4849.0,Bill Payment,5.0,4,Needs Improvement,High,1,0
566,2023-05-04 14:00:00,60.0,Loan Payment,10.0,1,Unsatisfactory,Low,1,0
65,2023-05-04 15:00:00,3218.0,Investment,8.0,5,Needs Improvement,Medium,1,0
514,2023-05-04 16:00:00,65.0,Bill Payment,1.0,8,Very Satisfied,Low,1,0
132,2023-05-04 17:00:00,3674.0,Investment,10.0,3,Good Service,Medium,0,0
334,2023-05-04 18:00:00,2460.0,Bill Payment,4.0,7,Very Satisfied,Medium,0,0
32,2023-05-04 19:00:00,4548.0,Loan Payment,3.0,7,Needs Improvement,High,0,0
868,2023-05-04 20:00:00,2886.0,Loan Payment,8.0,8,Good Service,Medium,0,0
898,2023-05-04 21:00:00,89.0,Purchase,6.0,5,Very Satisfied,Low,0,0
872,2023-05-04 22:00:00,4482.0,Bill Payment,2.0,8,Excellent,High,0,0
498,2023-05-04 23:00:00,3950.0,Loan Payment,8.0,4,Excellent,High,0,0
243,2023-05-05 00:00:00,2976.0,Investment,2.0,3,Unsatisfactory,Medium,0,0
192,2023-05-05 01:00:00,3738.0,Bill Payment,10.0,9,Unsatisfactory,High,0,0
142,2023-05-05 02:00:00,4546.0,Bill Payment,6.0,7,Unsatisfactory,High,0,0
660,2023-05-05 03:00:00,135.0,Purchase,6.0,7,Excellent,Low,0,0
601,2023-05-05 04:00:00,228.0,Investment,10.0,4,Very Satisfied,Low,0,0
561,2023-05-05 05:00:00,957.0,Purchase,7.0,7,Needs Improvement,Low,0,0
648,2023-05-05 06:00:00,4383.0,Bill Payment,8.0,5,Needs Improvement,High,0,0
988,2023-05-05 07:00:00,604.0,Purchase,1.0,8,Unsatisfactory,Low,0,0
191,2023-05-05 08:00:00,150.0,Bill Payment,7.0,7,Good Service,Low,0,0
942,2023-05-05 09:00:00,2903.0,Bill Payment,2.0,3,Good Service,Medium,1,0
149,2023-05-05 10:00:00,3065.0,Purchase,5.0,5,Good Service,Medium,1,0
599,2023-05-05 11:00:00,1640.0,Purchase,5.0,7,Unsatisfactory,Medium,1,0
416,2023-05-05 12:00:00,2460.0,Bill Payment,3.0,5,Good Service,Medium,1,0
520,2023-05-05 13:00:00,4215.0,Purchase,5.0,2,Very Satisfied,High,1,0
735,2023-05-05 14:00:00,2670.0,Purchase,5.0,9,Very Satisfied,Medium,1,0
869,2023-05-05 15:00:00,3400.0,Bill Payment,2.0,10,Good Service,Medium,1,0
16,2023-05-05 16:00:00,4901.0,Investment,7.0,2,Excellent,High,1,0
808,2023-05-05 17:00:00,2039.0,Purchase,8.0,4,Needs Improvement,Medium,0,0
106,2023-05-05 18:00:00,4834.0,Purchase,1.0,7,Excellent,High,0,0
283,2023-05-05 19:00:00,2562.0,Loan Payment,6.0,5,Unsatisfactory,Medium,0,0
104,2023-05-05 20:00:00,3621.0,Investment,8.0,5,Good Service,Medium,0,0
361,2023-05-05 21:00:00,1050.0,Purchase,4.0,2,Good Service,Low,0,0
658,2023-05-05 22:00:00,324.0,Bill Payment,1.0,10,Needs Improvement,Low,0,0
35,2023-05-05 23:00:00,3469.0,Loan Payment,6.0,9,Needs Improvement,Medium,0,0
113,2023-05-06 00:00:00,4182.0,Loan Payment,8.0,8,Good Service,High,0,1
308,2023-05-06 01:00:00,3035.0,Loan Payment,1.0,5,Unsatisfactory,Medium,0,1
911,2023-05-06 02:00:00,2956.0,Purchase,6.0,1,Good Service,Medium,0,1
959,2023-05-06 03:00:00,3246.0,Bill Payment,4.0,7,Very Satisfied,Medium,0,1
53,2023-05-06 04:00:00,3690.0,Loan Payment,6.0,1,Needs Improvement,High,0,1
859,2023-05-06 05:00:00,4817.0,Investment,9.0,4,Excellent,High,0,1
81,2023-05-06 06:00:00,3116.0,Loan Payment,3.0,8,Very Satisfied,Medium,0,1
616,2023-05-06 07:00:00,1547.0,Loan Payment,7.0,6,Excellent,Medium,0,1
834,2023-05-06 08:00:00,2460.0,Investment,6.0,3,Unsatisfactory,Medium,0,1
369,2023-05-06 09:00:00,1877.0,Loan Payment,1.0,6,Very Satisfied,Medium,1,1
242,2023-05-06 10:00:00,4959.0,Loan Payment,1.0,3,Needs Improvement,High,1,1
31,2023-05-06 11:00:00,1171.0,Investment,4.0,8,Needs Improvement,Low,1,1
829,2023-05-06 12:00:00,3930.0,Purchase,3.0,9,Very Satisfied,High,1,1
704,2023-05-06 13:00:00,3892.0,Investment,10.0,1,Excellent,High,1,1
869,2023-05-06 14:00:00,2766.0,Purchase,2.0,10,Good Service,Medium,1,1
361,2023-05-06 15:00:00,1922.0,Purchase,4.0,2,Good Service,Medium,1,1
233,2023-05-06 16:00:00,274.0,Purchase,10.0,6,Unsatisfactory,Low,1,1
610,2023-05-06 17:00:00,4438.0,Investment,3.0,7,Unsatisfactory,High,0,1
34,2023-05-06 18:00:00,4925.0,Investment,3.0,7,Good Service,High,0,1
243,2023-05-06 19:00:00,1312.0,Purchase,2.0,3,Unsatisfactory,Medium,0,1
951,2023-05-06 20:00:00,1204.0,Investment,2.0,9,Good Service,Low,0,1
59,2023-05-06 21:00:00,1536.0,Purchase,2.0,7,Excellent,Medium,0,1
771,2023-05-06 22:00:00,3614.0,Investment,2.0,4,Excellent,Medium,0,1
529,2023-05-06 23:00:00,4404.0,Bill Payment,4.0,9,Unsatisfactory,High,0,1
78,2023-05-07 00:00:00,2258.0,Investment,6.0,4,Excellent,Medium,0,1
718,2023-05-07 01:00:00,1168.0,Investment,7.0,4,Needs Improvement,Low,0,1
302,2023-05-07 02:00:00,4377.0,Investment,6.0,1,Good Service,High,0,1
678,2023-05-07 03:00:00,4640.0,Purchase,3.0,9,Needs Improvement,High,0,1
803,2023-05-07 04:00:00,3523.0,Purchase,3.0,1,Good Service,Medium,0,1
897,2023-05-07 05:00:00,2088.0,Bill Payment,4.0,5,Very Satisfied,Medium,0,1
112,2023-05-07 06:00:00,1154.0,Bill Payment,10.0,3,Very Satisfied,Low,0,1
413,2023-05-07 07:00:00,78.0,Loan Payment,10.0,6,Needs Improvement,Low,0,1
900,2023-05-07 08:00:00,3727.0,Bill Payment,6.0,4,Needs Improvement,High,0,1
317,2023-05-07 09:00:00,3018.0,Purchase,5.0,4,Good Service,Medium,1,1
865,2023-05-07 10:00:00,2460.0,Bill Payment,2.0,7,Needs Improvement,Medium,1,1
145,2023-05-07 11:00:00,1179.0,Bill Payment,4.0,10,Excellent,Low,1,1
668,2023-05-07 12:00:00,993.0,Investment,9.0,3,Good Service,Low,1,1
690,2023-05-07 13:00:00,7315.0,Bill Payment,10.0,7,Very Satisfied,High,1,1
858,2023-05-07 14:00:00,3987.0,Loan Payment,10.0,10,Very Satisfied,High,1,1
648,2023-05-07 15:00:00,3344.0,Investment,8.0,5,Needs Improvement,Medium,1,1
930,2023-05-07 16:00:00,2350.0,Purchase,3.0,8,Unsatisfactory,Medium,1,1
827,2023-05-07 17:00:00,2025.0,Loan Payment,4.0,7,Good Service,Medium,0,1
18,2023-05-07 18:00:00,1462.0,Purchase,7.0,9,Unsatisfactory,Medium,0,1
351,2023-05-07 19:00:00,2143.0,Loan Payment,9.0,8,Very Satisfied,Medium,0,1
955,2023-05-07 20:00:00,1049.0,Investment,4.0,9,Good Service,Low,0,1
155,2023-05-07 21:00:00,4733.0,Loan Payment,3.0,1,Needs Improvement,High,0,1
784,2023-05-07 22:00:00,4223.0,Loan Payment,6.0,10,Needs Improvement,High,0,1
506,2023-05-07 23:00:00,3476.0,Bill Payment,5.0,2,Needs Improvement,Medium,0,1
778,2023-05-08 00:00:00,2460.0,Purchase,3.0,6,Needs Improvement,Medium,0,0
360,2023-05-08 01:00:00,4267.0,Investment,9.0,9,Needs Improvement,High,0,0
332,2023-05-08 02:00:00,2757.0,Loan Payment,4.0,8,Unsatisfactory,Medium,0,0
918,2023-05-08 03:00:00,4272.0,Purchase,6.0,10,Good Service,High,0,0
528,2023-05-08 04:00:00,4405.0,Purchase,2.0,2,Excellent,High,0,0
12,2023-05-08 05:00:00,3505.0,Bill Payment,6.0,3,Unsatisfactory,Medium,0,0
75,2023-05-08 06:00:00,3865.0,Purchase,7.0,6,Needs Improvement,High,0,0
212,2023-05-08 07:00:00,571.0,Investment,4.0,4,Very Satisfied,Low,0,0
691,2023-05-08 08:00:00,2213.0,Bill Payment,1.0,9,Very Satisfied,Medium,0,0
641,2023-05-08 09:00:00,3429.0,Loan Payment,7.0,4,Very Satisfied,Medium,1,0
283,2023-05-08 10:00:00,1154.0,Investment,6.0,5,Unsatisfactory,Low,1,0
195,2023-05-08 11:00:00,7315.0,Investment,3.0,8,Unsatisfactory,High,1,0
780,2023-05-08 12:00:00,1561.0,Investment,4.0,7,Very Satisfied,Medium,1,0
30,2023-05-08 13:00:00,4031.0,Bill Payment,3.0,7,Unsatisfactory,High,1,0
9,2023-05-08 14:00:00,570.0,Purchase,10.0,9,Good Service,Low,1,0
309,2023-05-08 15:00:00,1197.0,Investment,6.0,1,Unsatisfactory,Low,1,0
445,2023-05-08 16:00:00,3143.0,Purchase,9.0,10,Very Satisfied,Medium,1,0
310,2023-05-08 17:00:00,3421.0,Purchase,2.0,6,Unsatisfactory,Medium,0,0
677,2023-05-08 18:00:00,1699.0,Investment,9.0,1,Good Service,Medium,0,0
705,2023-05-08 19:00:00,4417.0,Purchase,8.0,4,Unsatisfactory,High,0,0
426,2023-05-08 20:00:00,2433.0,Bill Payment,1.0,10,Excellent,Medium,0,0
817,2023-05-08 21:00:00,2460.0,Bill Payment,9.0,10,Needs Improvement,Medium,0,0
772,2023-05-08 22:00:00,590.0,Loan Payment,1.0,4,Good Service,Low,0,0
704,2023-05-08 23:00:00,986.0,Purchase,10.0,1,Excellent,Low,0,0
591,2023-05-09 00:00:00,4282.0,Purchase,5.0,4,Good Service,High,0,0
691,2023-05-09 01:00:00,4619.0,Loan Payment,1.0,9,Very Satisfied,High,0,0
91,2023-05-09 02:00:00,2366.0,Bill Payment,7.0,2,Needs Improvement,Medium,0,0
456,2023-05-09 03:00:00,128.0,Loan Payment,4.0,5,Very Satisfied,Low,0,0
444,2023-05-09 04:00:00,1552.0,Loan Payment,10.0,4,Unsatisfactory,Medium,0,0
727,2023-05-09 05:00:00,4872.0,Loan Payment,9.0,3,Excellent,High,0,0
79,2023-05-09 06:00:00,3053.0,Purchase,8.0,7,Good Service,Medium,0,0
475,2023-05-09 07:00:00,982.0,Purchase,6.0,5,Very Satisfied,Low,0,0
927,2023-05-09 08:00:00,925.0,Purchase,2.0,6,Excellent,Low,0,0
103,2023-05-09 09:00:00,1447.0,Purchase,4.0,2,Needs Improvement,Medium,1,0
623,2023-05-09 10:00:00,596.0,Investment,8.0,6,Unsatisfactory,Low,1,0
456,2023-05-09 11:00:00,360.0,Loan Payment,4.0,5,Very Satisfied,Low,1,0
990,2023-05-09 12:00:00,4601.0,Loan Payment,5.0,10,Needs Improvement,High,1,0
314,2023-05-09 13:00:00,2572.0,Purchase,6.0,4,Very Satisfied,Medium,1,0
247,2023-05-09 14:00:00,1880.0,Bill Payment,1.0,4,Very Satisfied,Medium,1,0
234,2023-05-09 15:00:00,282.0,Investment,5.0,10,Needs Improvement,Low,1,0
594,2023-05-09 16:00:00,2937.0,Investment,5.0,5,Needs Improvement,Medium,1,0
644,2023-05-09 17:00:00,4368.0,Bill Payment,5.0,5,Unsatisfactory,High,0,0
235,2023-05-09 18:00:00,3449.0,Purchase,10.0,1,Good Service,Medium,0,0
790,2023-05-09 19:00:00,3051.0,Investment,2.0,4,Unsatisfactory,Medium,0,0
387,2023-05-09 20:00:00,3958.0,Investment,5.0,3,Good Service,High,0,0
847,2023-05-09 21:00:00,1774.0,Loan Payment,1.0,1,Excellent,Medium,0,0
611,2023-05-09 22:00:00,4300.0,Loan Payment,8.0,10,Needs Improvement,High,0,0
943,2023-05-09 23:00:00,1780.0,Purchase,8.0,1,Very Satisfied,Medium,0,0
38,2023-05-10 00:00:00,1532.0,Purchase,6.0,2,Good Service,Medium,0,0
161,2023-05-10 01:00:00,841.0,Loan Payment,5.0,2,Good Service,Low,0,0
462,2023-05-10 02:00:00,571.0,Loan Payment,8.0,3,Good Service,Low,0,0
944,2023-05-10 03:00:00,3550.0,Loan Payment,3.0,2,Unsatisfactory,Medium,0,0
449,2023-05-10 04:00:00,4146.0,Bill Payment,1.0,2,Very Satisfied,High,0,0
117,2023-05-10 05:00:00,1489.0,Investment,5.0,7,Very Satisfied,Medium,0,0
241,2023-05-10 06:00:00,4476.0,Purchase,2.0,3,Needs Improvement,High,0,0
26,2023-05-10 07:00:00,1215.0,Purchase,7.0,10,Good Service,Low,0,0
648,2023-05-10 08:00:00,666.0,Bill Payment,8.0,5,Needs Improvement,Low,0,0
562,2023-05-10 09:00:00,3950.0,Loan Payment,9.0,2,Good Service,High,1,0
976,2023-05-10 10:00:00,599.0,Investment,10.0,8,Very Satisfied,Low,1,0
806,2023-05-10 11:00:00,4336.0,Loan Payment,8.0,3,Good Service,High,1,0
906,2023-05-10 12:00:00,4914.0,Purchase,6.0,1,Good Service,High,1,0
298,2023-05-10 13:00:00,1381.0,Bill Payment,4.0,6,Needs Improvement,Medium,1,0
805,2023-05-10 14:00:00,4584.0,Investment,9.0,3,Good Service,High,1,0
154,2023-05-10 15:00:00,3761.0,Investment,3.0,6,Good Service,High,1,0
732,2023-05-10 16:00:00,3769.0,Investment,8.0,3,Excellent,High,1,0
652,2023-05-10 17:00:00,2110.0,Investment,7.0,9,Good Service,Medium,0,0
468,2023-05-10 18:00:00,1894.0,Bill Payment,8.0,9,Good Service,Medium,0,0
49,2023-05-10 19:00:00,757.0,Purchase,10.0,1,Very Satisfied,Low,0,0
654,2023-05-10 20:00:00,473.0,Investment,4.0,8,Unsatisfactory,Low,0,0
46,2023-05-10 21:00:00,763.0,Investment,6.0,1,Good Service,Low,0,0
675,2023-05-10 22:00:00,592.0,Purchase,1.0,2,Unsatisfactory,Low,0,0
285,2023-05-10 23:00:00,2215.0,Loan Payment,1.0,3,Excellent,Medium,0,0
780,2023-05-11 00:00:00,4124.0,Investment,4.0,7,Very Satisfied,High,0,0
628,2023-05-11 01:00:00,4160.0,Investment,8.0,7,Needs Improvement,High,0,0
82,2023-05-11 02:00:00,4037.0,Loan Payment,4.0,8,Good Service,High,0,0
44,2023-05-11 03:00:00,4826.0,Purchase,7.0,9,Excellent,High,0,0
706,2023-05-11 04:00:00,3363.0,Purchase,1.0,2,Good Service,Medium,0,0
770,2023-05-11 05:00:00,2818.0,Investment,4.0,9,Needs Improvement,Medium,0,0
955,2023-05-11 06:00:00,3613.0,Purchase,4.0,9,Good Service,Medium,0,0
273,2023-05-11 07:00:00,3923.0,Loan Payment,10.0,7,Needs Improvement,High,0,0
394,2023-05-11 08:00:00,1429.0,Bill Payment,10.0,2,Unsatisfactory,Medium,0,0
786,2023-05-11 09:00:00,2177.0,Loan Payment,5.0,10,Good Service,Medium,1,0
790,2023-05-11 10:00:00,2154.0,Loan Payment,2.0,4,Unsatisfactory,Medium,1,0
595,2023-05-11 11:00:00,2177.0,Bill Payment,1.0,3,Needs Improvement,Medium,1,0
58,2023-05-11 12:00:00,1570.0,Loan Payment,10.0,3,Good Service,Medium,1,0
565,2023-05-11 13:00:00,1186.0,Investment,7.0,10,Unsatisfactory,Low,1,0
1,2023-05-11 14:00:00,1278.0,Investment,10.0,9,Very Satisfied,Medium,1,0
216,2023-05-11 15:00:00,3597.0,Purchase,4.0,10,Unsatisfactory,Medium,1,0
317,2023-05-11 16:00:00,1176.0,Purchase,5.0,4,Good Service,Low,1,0
228,2023-05-11 17:00:00,3585.0,Loan Payment,8.0,1,Needs Improvement,Medium,0,0
473,2023-05-11 18:00:00,2851.0,Investment,10.0,5,Unsatisfactory,Medium,0,0
484,2023-05-11 19:00:00,1880.0,Investment,5.0,10,Excellent,Medium,0,0
766,2023-05-11 20:00:00,3939.0,Bill Payment,3.0,6,Needs Improvement,High,0,0
671,2023-05-11 21:00:00,2277.0,Purchase,9.0,3,Needs Improvement,Medium,0,0
287,2023-05-11 22:00:00,2896.0,Investment,8.0,10,Excellent,Medium,0,0
511,2023-05-11 23:00:00,169.0,Loan Payment,10.0,3,Needs Improvement,Low,0,0
578,2023-05-12 00:00:00,2668.0,Investment,1.0,7,Excellent,Medium,0,0
915,2023-05-12 01:00:00,3773.0,Purchase,5.0,1,Excellent,High,0,0
821,2023-05-12 02:00:00,4744.0,Loan Payment,7.0,8,Excellent,High,0,0
972,2023-05-12 03:00:00,1065.0,Purchase,3.0,1,Good Service,Low,0,0
458,2023-05-12 04:00:00,343.0,Investment,7.0,8,Needs Improvement,Low,0,0
95,2023-05-12 05:00:00,3606.0,Investment,8.0,5,Good Service,Medium,0,0
493,2023-05-12 06:00:00,901.0,Investment,1.0,5,Good Service,Low,0,0
765,2023-05-12 07:00:00,2997.0,Purchase,6.0,4,Excellent,Medium,0,0
150,2023-05-12 08:00:00,4457.0,Loan Payment,1.0,4,Needs Improvement,High,0,0
23,2023-05-12 09:00:00,1372.0,Investment,8.0,6,Good Service,Medium,1,0
756,2023-05-12 10:00:00,935.0,Investment,2.0,8,Needs Improvement,Low,1,0
215,2023-05-12 11:00:00,2453.0,Investment,3.0,9,Very Satisfied,Medium,1,0
399,2023-05-12 12:00:00,2587.0,Bill Payment,1.0,8,Excellent,Medium,1,0
410,2023-05-12 13:00:00,3990.0,Bill Payment,1.0,8,Needs Improvement,High,1,0
131,2023-05-12 14:00:00,2415.0,Loan Payment,8.0,7,Needs Improvement,Medium,1,0
855,2023-05-12 15:00:00,1429.0,Purchase,6.0,6,Unsatisfactory,Medium,1,0
148,2023-05-12 16:00:00,2885.0,Investment,10.0,1,Unsatisfactory,Medium,1,0
381,2023-05-12 17:00:00,69.0,Investment,6.0,7,Needs Improvement,Low,0,0
109,2023-05-12 18:00:00,2534.0,Purchase,3.0,9,Good Service,Medium,0,0
552,2023-05-12 19:00:00,2460.0,Purchase,1.0,8,Excellent,Medium,0,0
121,2023-05-12 20:00:00,2669.0,Loan Payment,7.0,1,Very Satisfied,Medium,0,0
295,2023-05-12 21:00:00,4106.0,Purchase,1.0,9,Excellent,High,0,0
120,2023-05-12 22:00:00,1588.0,Investment,4.0,2,Good Service,Medium,0,0
456,2023-05-12 23:00:00,4416.0,Loan Payment,4.0,5,Very Satisfied,High,0,0
530,2023-05-13 00:00:00,3115.0,Bill Payment,10.0,10,Good Service,Medium,0,1
169,2023-05-13 01:00:00,717.0,Loan Payment,7.0,2,Good Service,Low,0,1
710,2023-05-13 02:00:00,1790.0,Loan Payment,10.0,3,Excellent,Medium,0,1
923,2023-05-13 03:00:00,2423.0,Loan Payment,1.0,2,Very Satisfied,Medium,0,1
996,2023-05-13 04:00:00,4963.0,Purchase,8.0,7,Good Service,High,0,1
143,2023-05-13 05:00:00,3416.0,Investment,8.0,5,Good Service,Medium,0,1
37,2023-05-13 06:00:00,2171.0,Purchase,4.0,2,Very Satisfied,Medium,0,1
698,2023-05-13 07:00:00,3549.0,Investment,10.0,8,Good Service,Medium,0,1
261,2023-05-13 08:00:00,618.0,Purchase,5.0,9,Good Service,Low,0,1
231,2023-05-13 09:00:00,318.0,Loan Payment,5.0,10,Unsatisfactory,Low,1,1
254,2023-05-13 10:00:00,4317.0,Investment,3.0,1,Very Satisfied,High,1,1
329,2023-05-13 11:00:00,2374.0,Purchase,10.0,3,Very Satisfied,Medium,1,1
903,2023-05-13 12:00:00,2460.0,Loan Payment,6.0,1,Needs Improvement,Medium,1,1
297,2023-05-13 13:00:00,255.0,Bill Payment,1.0,4,Good Service,Low,1,1
980,2023-05-13 14:00:00,248.0,Purchase,1.0,1,Good Service,Low,1,1
10,2023-05-13 15:00:00,529.0,Purchase,7.0,1,Good Service,Low,1,1
446,2023-05-13 16:00:00,3917.0,Bill Payment,1.0,9,Very Satisfied,High,1,1
922,2023-05-13 17:00:00,286.0,Purchase,1.0,7,Good Service,Low,0,1
836,2023-05-13 18:00:00,4038.0,Bill Payment,6.0,8,Unsatisfactory,High,0,1
230,2023-05-13 19:00:00,2460.0,Investment,2.0,2,Good Service,Medium,0,1
536,2023-05-13 20:00:00,615.0,Bill Payment,4.0,7,Excellent,Low,0,1
78,2023-05-13 21:00:00,4583.0,Loan Payment,6.0,4,Excellent,High,0,1
425,2023-05-13 22:00:00,4613.0,Bill Payment,5.0,4,Unsatisfactory,High,0,1
193,2023-05-13 23:00:00,4063.0,Investment,1.0,4,Needs Improvement,High,0,1
401,2023-05-14 00:00:00,2722.0,Bill Payment,3.0,1,Good Service,Medium,0,1
109,2023-05-14 01:00:00,151.0,Bill Payment,3.0,9,Good Service,Low,0,1
792,2023-05-14 02:00:00,3671.0,Investment,6.0,1,Very Satisfied,Medium,0,1
923,2023-05-14 03:00:00,2379.0,Purchase,1.0,2,Very Satisfied,Medium,0,1
263,2023-05-14 04:00:00,1727.0,Purchase,9.0,6,Very Satisfied,Medium,0,1
329,2023-05-14 05:00:00,4566.0,Loan Payment,10.0,3,Very Satisfied,High,0,1
363,2023-05-14 06:00:00,4775.0,Loan Payment,2.0,6,Needs Improvement,High,0,1
867,2023-05-14 07:00:00,3437.0,Bill Payment,8.0,8,Unsatisfactory,Medium,0,1
378,2023-05-14 08:00:00,2460.0,Purchase,5.0,4,Good Service,Medium,0,1
780,2023-05-14 09:00:00,1854.0,Purchase,4.0,7,Very Satisfied,Medium,1,1
341,2023-05-14 10:00:00,409.0,Bill Payment,7.0,7,Needs Improvement,Low,1,1
259,2023-05-14 11:00:00,4773.0,Investment,9.0,1,Good Service,High,1,1
335,2023-05-14 12:00:00,2573.0,Purchase,7.0,8,Excellent,Medium,1,1
85,2023-05-14 13:00:00,1532.0,Loan Payment,7.0,10,Very Satisfied,Medium,1,1
522,2023-05-14 14:00:00,1344.0,Bill Payment,2.0,8,Excellent,Medium,1,1
801,2023-05-14 15:00:00,2633.0,Investment,8.0,7,Unsatisfactory,Medium,1,1
814,2023-05-14 16:00:00,248.0,Loan Payment,3.0,5,Very Satisfied,Low,1,1
571,2023-05-14 17:00:00,3225.0,Purchase,2.0,7,Unsatisfactory,Medium,0,1
308,2023-05-14 18:00:00,3657.0,Investment,1.0,5,Unsatisfactory,Medium,0,1
262,2023-05-14 19:00:00,1626.0,Loan Payment,10.0,8,Excellent,Medium,0,1
898,2023-05-14 20:00:00,2439.0,Bill Payment,6.0,5,Very Satisfied,Medium,0,1
797,2023-05-14 21:00:00,3662.0,Investment,2.0,4,Very Satisfied,Medium,0,1
631,2023-05-14 22:00:00,1731.0,Investment,8.0,3,Excellent,Medium,0,1
680,2023-05-14 23:00:00,2460.0,Bill Payment,4.0,5,Good Service,Medium,0,1
865,2023-05-15 00:00:00,3149.0,Purchase,2.0,7,Needs Improvement,Medium,0,0
701,2023-05-15 01:00:00,2888.0,Purchase,4.0,8,Excellent,Medium,0,0
452,2023-05-15 02:00:00,1545.0,Investment,7.0,4,Needs Improvement,Medium,0,0
251,2023-05-15 03:00:00,545.0,Investment,10.0,2,Unsatisfactory,Low,0,0
324,2023-05-15 04:00:00,958.0,Investment,3.0,3,Unsatisfactory,Low,0,0
925,2023-05-15 05:00:00,4968.0,Loan Payment,1.0,6,Unsatisfactory,High,0,0
229,2023-05-15 06:00:00,2652.0,Investment,3.0,3,Unsatisfactory,Medium,0,0
702,2023-05-15 07:00:00,3951.0,Purchase,10.0,10,Very Satisfied,High,0,0
828,2023-05-15 08:00:00,1031.0,Bill Payment,4.0,6,Unsatisfactory,Low,0,0
636,2023-05-15 09:00:00,443.0,Bill Payment,10.0,9,Unsatisfactory,Low,1,0
596,2023-05-15 10:00:00,1413.0,Bill Payment,2.0,2,Good Service,Medium,1,0
297,2023-05-15 11:00:00,3521.0,Investment,1.0,4,Good Service,Medium,1,0
727,2023-05-15 12:00:00,2945.0,Investment,9.0,3,Excellent,Medium,1,0
237,2023-05-15 13:00:00,4888.0,Bill Payment,8.0,10,Unsatisfactory,High,1,0
978,2023-05-15 14:00:00,4274.0,Loan Payment,8.0,3,Needs Improvement,High,1,0
625,2023-05-15 15:00:00,4814.0,Loan Payment,2.0,8,Good Service,High,1,0
217,2023-05-15 16:00:00,3343.0,Loan Payment,2.0,7,Excellent,Medium,1,0
833,2023-05-15 17:00:00,1612.0,Loan Payment,2.0,8,Very Satisfied,Medium,0,0
246,2023-05-15 18:00:00,238.0,Purchase,9.0,4,Needs Improvement,Low,0,0
448,2023-05-15 19:00:00,4532.0,Bill Payment,8.0,4,Excellent,High,0,0
847,2023-05-15 20:00:00,4227.0,Purchase,1.0,1,Excellent,High,0,0
319,2023-05-15 21:00:00,2206.0,Investment,1.0,6,Good Service,Medium,0,0
994,2023-05-15 22:00:00,2909.0,Loan Payment,5.0,2,Needs Improvement,Medium,0,0
432,2023-05-15 23:00:00,120.0,Loan Payment,8.0,3,Needs Improvement,Low,0,0
404,2023-05-16 00:00:00,1254.0,Bill Payment,9.0,3,Excellent,Low,0,0
886,2023-05-16 01:00:00,4169.0,Loan Payment,6.0,10,Good Service,High,0,0
37,2023-05-16 02:00:00,2695.0,Bill Payment,4.0,2,Very Satisfied,Medium,0,0
576,2023-05-16 03:00:00,3811.0,Investment,4.0,3,Unsatisfactory,High,0,0
731,2023-05-16 04:00:00,3877.0,Loan Payment,4.0,5,Good Service,High,0,0
342,2023-05-16 05:00:00,1387.0,Loan Payment,3.0,2,Unsatisfactory,Medium,0,0
389,2023-05-16 06:00:00,2460.0,Purchase,7.0,5,Very Satisfied,Medium,0,0
34,2023-05-16 07:00:00,22.0,Bill Payment,3.0,7,Good Service,Low,0,0
39,2023-05-16 08:00:00,4344.0,Bill Payment,1.0,7,Good Service,High,0,0
579,2023-05-16 09:00:00,3271.0,Loan Payment,3.0,5,Needs Improvement,Medium,1,0
209,2023-05-16 10:00:00,672.0,Purchase,9.0,4,Unsatisfactory,Low,1,0
830,2023-05-16 11:00:00,2460.0,Loan Payment,8.0,4,Needs Improvement,Medium,1,0
856,2023-05-16 12:00:00,703.0,Bill Payment,5.0,3,Very Satisfied,Low,1,0
152,2023-05-16 13:00:00,3400.0,Bill Payment,10.0,7,Needs Improvement,Medium,1,0
899,2023-05-16 14:00:00,1191.0,Loan Payment,9.0,5,Needs Improvement,Low,1,0
365,2023-05-16 15:00:00,3028.0,Investment,1.0,8,Good Service,Medium,1,0
199,2023-05-16 16:00:00,1514.0,Loan Payment,5.0,3,Excellent,Medium,1,0
601,2023-05-16 17:00:00,1912.0,Purchase,10.0,4,Very Satisfied,Medium,0,0
760,2023-05-16 18:00:00,4181.0,Bill Payment,3.0,5,Unsatisfactory,High,0,0
835,2023-05-16 19:00:00,338.0,Bill Payment,6.0,8,Unsatisfactory,Low,0,0
79,2023-05-16 20:00:00,1449.0,Loan Payment,8.0,7,Good Service,Medium,0,0
477,2023-05-16 21:00:00,3856.0,Investment,4.0,7,Very Satisfied,High,0,0
434,2023-05-16 22:00:00,4177.0,Bill Payment,9.0,1,Unsatisfactory,High,0,0
797,2023-05-16 23:00:00,234.0,Loan Payment,2.0,4,Very Satisfied,Low,0,0
842,2023-05-17 00:00:00,2530.0,Investment,5.0,10,Needs Improvement,Medium,0,0
32,2023-05-17 01:00:00,3724.0,Loan Payment,3.0,7,Needs Improvement,High,0,0
87,2023-05-17 02:00:00,2417.0,Loan Payment,5.0,3,Unsatisfactory,Medium,0,0
551,2023-05-17 03:00:00,820.0,Loan Payment,2.0,10,Needs Improvement,Low,0,0
393,2023-05-17 04:00:00,3127.0,Bill Payment,1.0,3,Excellent,Medium,0,0
613,2023-05-17 05:00:00,4783.0,Investment,1.0,10,Needs Improvement,High,0,0
244,2023-05-17 06:00:00,3300.0,Purchase,2.0,4,Very Satisfied,Medium,0,0
232,2023-05-17 07:00:00,4396.0,Purchase,2.0,6,Very Satisfied,High,0,0
910,2023-05-17 08:00:00,2261.0,Bill Payment,5.0,6,Unsatisfactory,Medium,0,0
580,2023-05-17 09:00:00,4671.0,Bill Payment,1.0,4,Very Satisfied,High,1,0
192,2023-05-17 10:00:00,2539.0,Loan Payment,10.0,9,Unsatisfactory,Medium,1,0
916,2023-05-17 11:00:00,4616.0,Loan Payment,6.0,3,Needs Improvement,High,1,0
540,2023-05-17 12:00:00,933.0,Investment,2.0,8,Good Service,Low,1,0
270,2023-05-17 13:00:00,3062.0,Loan Payment,7.0,3,Needs Improvement,Medium,1,0
940,2023-05-17 14:00:00,25.0,Investment,8.0,1,Very Satisfied,Low,1,0
738,2023-05-17 15:00:00,3606.0,Loan Payment,2.0,10,Good Service,Medium,1,0
77,2023-05-17 16:00:00,2460.0,Loan Payment,9.0,5,Good Service,Medium,1,0
735,2023-05-17 17:00:00,4461.0,Purchase,5.0,9,Very Satisfied,High,0,0
993,2023-05-17 18:00:00,4935.0,Bill Payment,1.0,2,Good Service,High,0,0
884,2023-05-17 19:00:00,4020.0,Investment,10.0,3,Unsatisfactory,High,0,0
167,2023-05-17 20:00:00,2656.0,Purchase,4.0,9,Unsatisfactory,Medium,0,0
284,2023-05-17 21:00:00,1111.0,Loan Payment,1.0,1,Good Service,Low,0,0
704,2023-05-17 22:00:00,2985.0,Purchase,10.0,1,Excellent,Medium,0,0
89,2023-05-17 23:00:00,1100.0,Investment,9.0,3,Good Service,Low,0,0
544,2023-05-18 00:00:00,2916.0,Bill Payment,5.0,5,Good Service,Medium,0,0
649,2023-05-18 01:00:00,7315.0,Purchase,10.0,2,Unsatisfactory,High,0,0
156,2023-05-18 02:00:00,4319.0,Investment,4.0,8,Very Satisfied,High,0,0
250,2023-05-18 03:00:00,1730.0,Loan Payment,7.0,5,Good Service,Medium,0,0
95,2023-05-18 04:00:00,458.0,Purchase,8.0,5,Good Service,Low,0,0
17,2023-05-18 05:00:00,3022.0,Bill Payment,2.0,5,Needs Improvement,Medium,0,0
117,2023-05-18 06:00:00,3514.0,Investment,5.0,7,Very Satisfied,Medium,0,0
983,2023-05-18 07:00:00,1578.0,Bill Payment,6.0,7,Good Service,Medium,0,0
333,2023-05-18 08:00:00,3196.0,Loan Payment,3.0,9,Needs Improvement,Medium,0,0
823,2023-05-18 09:00:00,3501.0,Bill Payment,8.0,4,Unsatisfactory,Medium,1,0
522,2023-05-18 10:00:00,2556.0,Loan Payment,2.0,8,Excellent,Medium,1,0
80,2023-05-18 11:00:00,4815.0,Loan Payment,8.0,5,Unsatisfactory,High,1,0
646,2023-05-18 12:00:00,4485.0,Purchase,7.0,3,Good Service,High,1,0
432,2023-05-18 13:00:00,1057.0,Loan Payment,8.0,3,Needs Improvement,Low,1,0
203,2023-05-18 14:00:00,4644.0,Bill Payment,4.0,8,Very Satisfied,High,1,0
116,2023-05-18 15:00:00,4858.0,Purchase,7.0,8,Unsatisfactory,High,1,0
963,2023-05-18 16:00:00,4640.0,Loan Payment,7.0,8,Excellent,High,1,0
220,2023-05-18 17:00:00,4778.0,Investment,4.0,8,Unsatisfactory,High,0,0
253,2023-05-18 18:00:00,1074.0,Investment,8.0,3,Needs Improvement,Low,0,0
169,2023-05-18 19:00:00,3831.0,Loan Payment,7.0,2,Good Service,High,0,0
847,2023-05-18 20:00:00,577.0,Purchase,1.0,1,Excellent,Low,0,0
316,2023-05-18 21:00:00,1446.0,Purchase,5.0,2,Very Satisfied,Medium,0,0
717,2023-05-18 22:00:00,4520.0,Purchase,2.0,9,Very Satisfied,High,0,0
810,2023-05-18 23:00:00,4554.0,Bill Payment,6.0,4,Needs Improvement,High,0,0
372,2023-05-19 00:00:00,4715.0,Investment,4.0,9,Needs Improvement,High,0,0
760,2023-05-19 01:00:00,2715.0,Loan Payment,3.0,5,Unsatisfactory,Medium,0,0
877,2023-05-19 02:00:00,2493.0,Loan Payment,4.0,1,Good Service,Medium,0,0
977,2023-05-19 03:00:00,4810.0,Investment,9.0,5,Unsatisfactory,High,0,0
583,2023-05-19 04:00:00,4839.0,Bill Payment,10.0,3,Very Satisfied,High,0,0
156,2023-05-19 05:00:00,3789.0,Purchase,4.0,8,Very Satisfied,High,0,0
614,2023-05-19 06:00:00,4905.0,Investment,10.0,10,Very Satisfied,High,0,0
13,2023-05-19 07:00:00,2804.0,Loan Payment,7.0,5,Very Satisfied,Medium,0,0
508,2023-05-19 08:00:00,1870.0,Bill Payment,2.0,7,Needs Improvement,Medium,0,0
465,2023-05-19 09:00:00,3346.0,Loan Payment,1.0,8,Good Service,Medium,1,0
783,2023-05-19 10:00:00,1900.0,Purchase,10.0,1,Needs Improvement,Medium,1,0
804,2023-05-19 11:00:00,4836.0,Investment,6.0,5,Good Service,High,1,0
220,2023-05-19 12:00:00,4301.0,Purchase,4.0,8,Unsatisfactory,High,1,0
15,2023-05-19 13:00:00,1107.0,Bill Payment,1.0,10,Needs Improvement,Low,1,0
750,2023-05-19 14:00:00,1648.0,Investment,8.0,3,Excellent,Medium,1,0
117,2023-05-19 15:00:00,1668.0,Purchase,5.0,7,Very Satisfied,Medium,1,0
331,2023-05-19 16:00:00,1135.0,Purchase,2.0,7,Good Service,Low,1,0
56,2023-05-19 17:00:00,273.0,Purchase,7.0,6,Good Service,Low,0,0
351,2023-05-19 18:00:00,3002.0,Bill Payment,9.0,8,Very Satisfied,Medium,0,0
132,2023-05-19 19:00:00,170.0,Purchase,10.0,3,Good Service,Low,0,0
995,2023-05-19 20:00:00,2460.0,Loan Payment,8.0,5,Good Service,Medium,0,0
226,2023-05-19 21:00:00,4875.0,Investment,4.0,5,Needs Improvement,High,0,0
308,2023-05-19 22:00:00,320.0,Investment,1.0,5,Unsatisfactory,Low,0,0
475,2023-05-19 23:00:00,236.0,Purchase,6.0,5,Very Satisfied,Low,0,0
906,2023-05-20 00:00:00,282.0,Bill Payment,6.0,1,Good Service,Low,0,1
222,2023-05-20 01:00:00,4422.0,Loan Payment,4.0,4,Unsatisfactory,High,0,1
173,2023-05-20 02:00:00,1932.0,Loan Payment,7.0,2,Needs Improvement,Medium,0,1
340,2023-05-20 03:00:00,3167.0,Investment,5.0,9,Good Service,Medium,0,1
797,2023-05-20 04:00:00,2348.0,Investment,2.0,4,Very Satisfied,Medium,0,1
506,2023-05-20 05:00:00,1611.0,Loan Payment,5.0,2,Needs Improvement,Medium,0,1
821,2023-05-20 06:00:00,3728.0,Investment,7.0,8,Excellent,High,0,1
157,2023-05-20 07:00:00,2432.0,Purchase,7.0,2,Unsatisfactory,Medium,0,1
151,2023-05-20 08:00:00,1935.0,Loan Payment,8.0,10,Excellent,Medium,0,1
697,2023-05-20 09:00:00,576.0,Investment,10.0,4,Very Satisfied,Low,1,1
178,2023-05-20 10:00:00,2925.0,Purchase,6.0,2,Good Service,Medium,1,1
533,2023-05-20 11:00:00,261.0,Purchase,9.0,1,Very Satisfied,Low,1,1
112,2023-05-20 12:00:00,2364.0,Loan Payment,10.0,3,Very Satisfied,Medium,1,1
683,2023-05-20 13:00:00,3511.0,Purchase,2.0,4,Good Service,Medium,1,1
138,2023-05-20 14:00:00,4780.0,Loan Payment,9.0,10,Good Service,High,1,1
233,2023-05-20 15:00:00,2321.0,Purchase,10.0,6,Unsatisfactory,Medium,1,1
332,2023-05-20 16:00:00,2125.0,Loan Payment,4.0,8,Unsatisfactory,Medium,1,1
542,2023-05-20 17:00:00,1612.0,Loan Payment,9.0,2,Needs Improvement,Medium,0,1
893,2023-05-20 18:00:00,3280.0,Loan Payment,8.0,9,Unsatisfactory,Medium,0,1
307,2023-05-20 19:00:00,523.0,Loan Payment,10.0,1,Very Satisfied,Low,0,1
161,2023-05-20 20:00:00,451.0,Purchase,5.0,2,Good Service,Low,0,1
402,2023-05-20 21:00:00,10.0,Loan Payment,9.0,2,Unsatisfactory,Low,0,1
590,2023-05-20 22:00:00,912.0,Investment,6.0,10,Excellent,Low,0,1
278,2023-05-20 23:00:00,1230.0,Purchase,7.0,3,Good Service,Low,0,1
320,2023-05-21 00:00:00,2331.0,Loan Payment,8.0,9,Excellent,Medium,0,1
533,2023-05-21 01:00:00,865.0,Purchase,9.0,1,Very Satisfied,Low,0,1
897,2023-05-21 02:00:00,1027.0,Purchase,4.0,5,Very Satisfied,Low,0,1
497,2023-05-21 03:00:00,2230.0,Purchase,1.0,5,Needs Improvement,Medium,0,1
363,2023-05-21 04:00:00,4690.0,Purchase,2.0,6,Needs Improvement,High,0,1
372,2023-05-21 05:00:00,3514.0,Loan Payment,4.0,9,Needs Improvement,Medium,0,1
892,2023-05-21 06:00:00,4560.0,Purchase,10.0,6,Unsatisfactory,High,0,1
655,2023-05-21 07:00:00,205.0,Investment,10.0,2,Unsatisfactory,Low,0,1
36,2023-05-21 08:00:00,4704.0,Purchase,9.0,8,Very Satisfied,High,0,1
303,2023-05-21 09:00:00,1342.0,Purchase,5.0,4,Good Service,Medium,1,1
438,2023-05-21 10:00:00,4661.0,Investment,9.0,8,Unsatisfactory,High,1,1
726,2023-05-21 11:00:00,1527.0,Loan Payment,3.0,7,Good Service,Medium,1,1
32,2023-05-21 12:00:00,4544.0,Investment,3.0,7,Needs Improvement,High,1,1
186,2023-05-21 13:00:00,2707.0,Bill Payment,7.0,3,Needs Improvement,Medium,1,1
174,2023-05-21 14:00:00,4464.0,Investment,6.0,2,Good Service,High,1,1
566,2023-05-21 15:00:00,3117.0,Loan Payment,10.0,1,Unsatisfactory,Medium,1,1
673,2023-05-21 16:00:00,2460.0,Investment,2.0,10,Very Satisfied,Medium,1,1
250,2023-05-21 17:00:00,2715.0,Purchase,7.0,5,Good Service,Medium,0,1
763,2023-05-21 18:00:00,2073.0,Loan Payment,8.0,6,Good Service,Medium,0,1
935,2023-05-21 19:00:00,2802.0,Bill Payment,1.0,9,Excellent,Medium,0,1
279,2023-05-21 20:00:00,430.0,Loan Payment,2.0,2,Good Service,Low,0,1
683,2023-05-21 21:00:00,4658.0,Purchase,2.0,4,Good Service,High,0,1
695,2023-05-21 22:00:00,2824.0,Bill Payment,8.0,5,Needs Improvement,Medium,0,1
2,2023-05-21 23:00:00,2850.0,Loan Payment,3.0,3,Very Satisfied,Medium,0,1
194,2023-05-22 00:00:00,1041.0,Loan Payment,3.0,7,Good Service,Low,0,0
166,2023-05-22 01:00:00,1501.0,Purchase,2.0,2,Very Satisfied,Medium,0,0
759,2023-05-22 02:00:00,4985.0,Investment,10.0,9,Very Satisfied,High,0,0
925,2023-05-22 03:00:00,1895.0,Investment,1.0,6,Unsatisfactory,Medium,0,0
756,2023-05-22 04:00:00,4957.0,Bill Payment,2.0,8,Needs Improvement,High,0,0
110,2023-05-22 05:00:00,519.0,Purchase,1.0,4,Needs Improvement,Low,0,0
380,2023-05-22 06:00:00,1869.0,Purchase,1.0,5,Very Satisfied,Medium,0,0
835,2023-05-22 07:00:00,1868.0,Investment,6.0,8,Unsatisfactory,Medium,0,0
999,2023-05-22 08:00:00,923.0,Investment,10.0,9,Good Service,Low,0,0
583,2023-05-22 09:00:00,2075.0,Bill Payment,10.0,3,Very Satisfied,Medium,1,0
676,2023-05-22 10:00:00,2976.0,Investment,10.0,3,Unsatisfactory,Medium,1,0
285,2023-05-22 11:00:00,4899.0,Bill Payment,1.0,3,Excellent,High,1,0
887,2023-05-22 12:00:00,3847.0,Loan Payment,6.0,5,Good Service,High,1,0
421,2023-05-22 13:00:00,1606.0,Bill Payment,8.0,2,Good Service,Medium,1,0
113,2023-05-22 14:00:00,4452.0,Bill Payment,8.0,8,Good Service,High,1,0
228,2023-05-22 15:00:00,1065.0,Bill Payment,8.0,1,Needs Improvement,Low,1,0
471,2023-05-22 16:00:00,1033.0,Loan Payment,6.0,8,Needs Improvement,Low,1,0
813,2023-05-22 17:00:00,3214.0,Investment,8.0,3,Unsatisfactory,Medium,0,0
528,2023-05-22 18:00:00,585.0,Bill Payment,2.0,2,Excellent,Low,0,0
496,2023-05-22 19:00:00,208.0,Investment,5.0,7,Needs Improvement,Low,0,0
31,2023-05-22 20:00:00,1375.0,Bill Payment,4.0,8,Needs Improvement,Medium,0,0
162,2023-05-22 21:00:00,2008.0,Investment,6.0,5,Unsatisfactory,Medium,0,0
818,2023-05-22 22:00:00,1026.0,Bill Payment,9.0,1,Good Service,Low,0,0
705,2023-05-22 23:00:00,3628.0,Investment,8.0,4,Unsatisfactory,Medium,0,0
722,2023-05-23 00:00:00,35.0,Purchase,5.0,4,Good Service,Low,0,0
378,2023-05-23 01:00:00,1568.0,Loan Payment,5.0,4,Good Service,Medium,0,0
446,2023-05-23 02:00:00,3734.0,Bill Payment,1.0,9,Very Satisfied,High,0,0
744,2023-05-23 03:00:00,3468.0,Loan Payment,3.0,7,Unsatisfactory,Medium,0,0
427,2023-05-23 04:00:00,3366.0,Bill Payment,2.0,2,Very Satisfied,Medium,0,0
696,2023-05-23 05:00:00,2377.0,Purchase,5.0,9,Good Service,Medium,0,0
504,2023-05-23 06:00:00,480.0,Purchase,8.0,3,Good Service,Low,0,0
527,2023-05-23 07:00:00,2477.0,Loan Payment,9.0,2,Very Satisfied,Medium,0,0
944,2023-05-23 08:00:00,4756.0,Bill Payment,3.0,2,Unsatisfactory,High,0,0
817,2023-05-23 09:00:00,895.0,Investment,9.0,10,Needs Improvement,Low,1,0
721,2023-05-23 10:00:00,885.0,Bill Payment,4.0,3,Good Service,Low,1,0
684,2023-05-23 11:00:00,951.0,Investment,5.0,5,Very Satisfied,Low,1,0
778,2023-05-23 12:00:00,3051.0,Loan Payment,3.0,6,Needs Improvement,Medium,1,0
532,2023-05-23 13:00:00,581.0,Loan Payment,1.0,6,Needs Improvement,Low,1,0
582,2023-05-23 14:00:00,4159.0,Purchase,3.0,7,Unsatisfactory,High,1,0
520,2023-05-23 15:00:00,614.0,Investment,5.0,2,Very Satisfied,Low,1,0
941,2023-05-23 16:00:00,4430.0,Bill Payment,7.0,2,Excellent,High,1,0
34,2023-05-23 17:00:00,3539.0,Purchase,3.0,7,Good Service,Medium,0,0
736,2023-05-23 18:00:00,4990.0,Loan Payment,8.0,2,Unsatisfactory,High,0,0
691,2023-05-23 19:00:00,4370.0,Purchase,1.0,9,Very Satisfied,High,0,0
758,2023-05-23 20:00:00,391.0,Bill Payment,10.0,10,Good Service,Low,0,0
490,2023-05-23 21:00:00,2460.0,Bill Payment,8.0,8,Excellent,Medium,0,0
772,2023-05-23 22:00:00,2390.0,Loan Payment,1.0,4,Good Service,Medium,0,0
620,2023-05-23 23:00:00,3789.0,Purchase,10.0,8,Good Service,High,0,0
754,2023-05-24 00:00:00,2115.0,Investment,7.0,6,Excellent,Medium,0,0
423,2023-05-24 01:00:00,1527.0,Investment,6.0,10,Unsatisfactory,Medium,0,0
468,2023-05-24 02:00:00,1543.0,Investment,8.0,9,Good Service,Medium,0,0
24,2023-05-24 03:00:00,3304.0,Bill Payment,2.0,7,Good Service,Medium,0,0
216,2023-05-24 04:00:00,3450.0,Purchase,4.0,10,Unsatisfactory,Medium,0,0
55,2023-05-24 05:00:00,3499.0,Investment,1.0,9,Needs Improvement,Medium,0,0
26,2023-05-24 06:00:00,3955.0,Purchase,7.0,10,Good Service,High,0,0
281,2023-05-24 07:00:00,4652.0,Loan Payment,8.0,7,Needs Improvement,High,0,0
804,2023-05-24 08:00:00,880.0,Investment,6.0,5,Good Service,Low,0,0
327,2023-05-24 09:00:00,2160.0,Purchase,5.0,10,Very Satisfied,Medium,1,0
970,2023-05-24 10:00:00,3242.0,Bill Payment,5.0,5,Very Satisfied,Medium,1,0
186,2023-05-24 11:00:00,3241.0,Loan Payment,7.0,3,Needs Improvement,Medium,1,0
495,2023-05-24 12:00:00,3776.0,Loan Payment,6.0,7,Good Service,High,1,0
12,2023-05-24 13:00:00,4970.0,Loan Payment,6.0,3,Unsatisfactory,High,1,0
641,2023-05-24 14:00:00,3217.0,Loan Payment,7.0,4,Very Satisfied,Medium,1,0
884,2023-05-24 15:00:00,4503.0,Bill Payment,10.0,3,Unsatisfactory,High,1,0
434,2023-05-24 16:00:00,4497.0,Bill Payment,9.0,1,Unsatisfactory,High,1,0
921,2023-05-24 17:00:00,3836.0,Investment,1.0,5,Good Service,High,0,0
208,2023-05-24 18:00:00,1622.0,Bill Payment,2.0,2,Excellent,Medium,0,0
133,2023-05-24 19:00:00,2460.0,Bill Payment,3.0,1,Excellent,Medium,0,0
339,2023-05-24 20:00:00,1310.0,Loan Payment,7.0,3,Very Satisfied,Medium,0,0
196,2023-05-24 21:00:00,2168.0,Bill Payment,10.0,10,Needs Improvement,Medium,0,0
262,2023-05-24 22:00:00,2281.0,Loan Payment,10.0,8,Excellent,Medium,0,0
282,2023-05-24 23:00:00,2539.0,Purchase,9.0,8,Very Satisfied,Medium,0,0
369,2023-05-25 00:00:00,3270.0,Purchase,1.0,6,Very Satisfied,Medium,0,0
103,2023-05-25 01:00:00,373.0,Purchase,4.0,2,Needs Improvement,Low,0,0
632,2023-05-25 02:00:00,855.0,Purchase,2.0,6,Good Service,Low,0,0
183,2023-05-25 03:00:00,3042.0,Purchase,4.0,8,Needs Improvement,Medium,0,0
423,2023-05-25 04:00:00,1337.0,Purchase,6.0,10,Unsatisfactory,Medium,0,0
9,2023-05-25 05:00:00,3172.0,Purchase,10.0,9,Good Service,Medium,0,0
557,2023-05-25 06:00:00,401.0,Loan Payment,2.0,7,Very Satisfied,Low,0,0
244,2023-05-25 07:00:00,3265.0,Loan Payment,2.0,4,Very Satisfied,Medium,0,0
782,2023-05-25 08:00:00,2069.0,Loan Payment,7.0,3,Very Satisfied,Medium,0,0
624,2023-05-25 09:00:00,3247.0,Loan Payment,6.0,7,Very Satisfied,Medium,1,0
567,2023-05-25 10:00:00,2056.0,Bill Payment,8.0,3,Unsatisfactory,Medium,1,0
393,2023-05-25 11:00:00,4251.0,Bill Payment,1.0,3,Excellent,High,1,0
527,2023-05-25 12:00:00,1315.0,Investment,9.0,2,Very Satisfied,Medium,1,0
37,2023-05-25 13:00:00,2460.0,Bill Payment,4.0,2,Very Satisfied,Medium,1,0
178,2023-05-25 14:00:00,2042.0,Loan Payment,6.0,2,Good Service,Medium,1,0
639,2023-05-25 15:00:00,774.0,Loan Payment,10.0,4,Unsatisfactory,Low,1,0
629,2023-05-25 16:00:00,508.0,Purchase,7.0,8,Very Satisfied,Low,1,0
852,2023-05-25 17:00:00,3378.0,Purchase,3.0,5,Excellent,Medium,0,0
72,2023-05-25 18:00:00,2954.0,Investment,3.0,4,Unsatisfactory,Medium,0,0
352,2023-05-25 19:00:00,3814.0,Bill Payment,8.0,7,Unsatisfactory,High,0,0
623,2023-05-25 20:00:00,4223.0,Loan Payment,8.0,6,Unsatisfactory,High,0,0
149,2023-05-25 21:00:00,4470.0,Bill Payment,5.0,5,Good Service,High,0,0
697,2023-05-25 22:00:00,145.0,Investment,10.0,4,Very Satisfied,Low,0,0
105,2023-05-25 23:00:00,1110.0,Purchase,8.0,4,Good Service,Low,0,0
659,2023-05-26 00:00:00,1881.0,Loan Payment,5.0,5,Excellent,Medium,0,0
221,2023-05-26 01:00:00,4043.0,Purchase,6.0,7,Excellent,High,0,0
826,2023-05-26 02:00:00,4123.0,Loan Payment,6.0,3,Needs Improvement,High,0,0
863,2023-05-26 03:00:00,4022.0,Purchase,9.0,3,Good Service,High,0,0
374,2023-05-26 04:00:00,214.0,Purchase,7.0,8,Needs Improvement,Low,0,0
518,2023-05-26 05:00:00,4604.0,Investment,2.0,6,Good Service,High,0,0
260,2023-05-26 06:00:00,2381.0,Bill Payment,3.0,1,Good Service,Medium,0,0
299,2023-05-26 07:00:00,4700.0,Purchase,10.0,8,Good Service,High,0,0
861,2023-05-26 08:00:00,571.0,Loan Payment,6.0,4,Needs Improvement,Low,0,0
42,2023-05-26 09:00:00,3324.0,Bill Payment,9.0,3,Unsatisfactory,Medium,1,0
771,2023-05-26 10:00:00,3970.0,Bill Payment,2.0,4,Excellent,High,1,0
897,2023-05-26 11:00:00,2536.0,Purchase,4.0,5,Very Satisfied,Medium,1,0
492,2023-05-26 12:00:00,2221.0,Purchase,7.0,5,Needs Improvement,Medium,1,0
439,2023-05-26 13:00:00,2381.0,Purchase,2.0,2,Good Service,Medium,1,0
783,2023-05-26 14:00:00,4745.0,Bill Payment,10.0,1,Needs Improvement,High,1,0
47,2023-05-26 15:00:00,2691.0,Investment,7.0,6,Unsatisfactory,Medium,1,0
85,2023-05-26 16:00:00,2816.0,Purchase,7.0,10,Very Satisfied,Medium,1,0
686,2023-05-26 17:00:00,3779.0,Bill Payment,5.0,8,Good Service,High,0,0
58,2023-05-26 18:00:00,2265.0,Bill Payment,10.0,3,Good Service,Medium,0,0
991,2023-05-26 19:00:00,4420.0,Loan Payment,9.0,7,Needs Improvement,High,0,0
711,2023-05-26 20:00:00,910.0,Purchase,9.0,6,Needs Improvement,Low,0,0
209,2023-05-26 21:00:00,1760.0,Investment,9.0,4,Unsatisfactory,Medium,0,0
248,2023-05-26 22:00:00,4909.0,Loan Payment,4.0,4,Excellent,High,0,0
211,2023-05-26 23:00:00,3305.0,Purchase,5.0,4,Very Satisfied,Medium,0,0
39,2023-05-27 00:00:00,3169.0,Loan Payment,1.0,7,Good Service,Medium,0,1
252,2023-05-27 01:00:00,1462.0,Purchase,3.0,7,Good Service,Medium,0,1
643,2023-05-27 02:00:00,1253.0,Loan Payment,9.0,9,Needs Improvement,Low,0,1
926,2023-05-27 03:00:00,2332.0,Investment,6.0,5,Unsatisfactory,Medium,0,1
803,2023-05-27 04:00:00,1680.0,Loan Payment,3.0,1,Good Service,Medium,0,1
762,2023-05-27 05:00:00,2037.0,Loan Payment,4.0,4,Very Satisfied,Medium,0,1
953,2023-05-27 06:00:00,1778.0,Loan Payment,7.0,9,Unsatisfactory,Medium,0,1
413,2023-05-27 07:00:00,3673.0,Purchase,10.0,6,Needs Improvement,Medium,0,1
946,2023-05-27 08:00:00,2312.0,Purchase,10.0,7,Unsatisfactory,Medium,0,1
446,2023-05-27 09:00:00,1179.0,Investment,1.0,9,Very Satisfied,Low,1,1
52,2023-05-27 10:00:00,4720.0,Loan Payment,6.0,7,Good Service,High,1,1
374,2023-05-27 11:00:00,2442.0,Bill Payment,7.0,8,Needs Improvement,Medium,1,1
526,2023-05-27 12:00:00,396.0,Loan Payment,5.0,5,Good Service,Low,1,1
931,2023-05-27 13:00:00,2440.0,Bill Payment,8.0,9,Very Satisfied,Medium,1,1
156,2023-05-27 14:00:00,3358.0,Bill Payment,4.0,8,Very Satisfied,Medium,1,1
954,2023-05-27 15:00:00,1415.0,Loan Payment,7.0,2,Very Satisfied,Medium,1,1
542,2023-05-27 16:00:00,133.0,Bill Payment,9.0,2,Needs Improvement,Low,1,1
90,2023-05-27 17:00:00,4007.0,Bill Payment,2.0,6,Very Satisfied,High,0,1
903,2023-05-27 18:00:00,3462.0,Loan Payment,6.0,1,Needs Improvement,Medium,0,1
679,2023-05-27 19:00:00,3906.0,Purchase,2.0,9,Very Satisfied,High,0,1
351,2023-05-27 20:00:00,1634.0,Loan Payment,9.0,8,Very Satisfied,Medium,0,1
69,2023-05-27 21:00:00,1191.0,Investment,5.0,1,Excellent,Low,0,1
163,2023-05-27 22:00:00,737.0,Bill Payment,7.0,9,Good Service,Low,0,1
242,2023-05-27 23:00:00,3894.0,Investment,1.0,3,Needs Improvement,High,0,1
495,2023-05-28 00:00:00,3680.0,Bill Payment,6.0,7,Good Service,Medium,0,1
383,2023-05-28 01:00:00,1151.0,Purchase,7.0,10,Unsatisfactory,Low,0,1
52,2023-05-28 02:00:00,2385.0,Bill Payment,6.0,7,Good Service,Medium,0,1
654,2023-05-28 03:00:00,4041.0,Loan Payment,4.0,8,Unsatisfactory,High,0,1
63,2023-05-28 04:00:00,368.0,Bill Payment,8.0,3,Unsatisfactory,Low,0,1
509,2023-05-28 05:00:00,3752.0,Investment,8.0,10,Good Service,High,0,1
292,2023-05-28 06:00:00,2854.0,Loan Payment,3.0,10,Good Service,Medium,0,1
91,2023-05-28 07:00:00,4548.0,Investment,7.0,2,Needs Improvement,High,0,1
664,2023-05-28 08:00:00,2221.0,Purchase,7.0,10,Unsatisfactory,Medium,0,1
424,2023-05-28 09:00:00,982.0,Investment,5.0,7,Very Satisfied,Low,1,1
669,2023-05-28 10:00:00,370.0,Investment,5.0,5,Very Satisfied,Low,1,1
821,2023-05-28 11:00:00,2642.0,Investment,7.0,8,Excellent,Medium,1,1
365,2023-05-28 12:00:00,3200.0,Loan Payment,1.0,8,Good Service,Medium,1,1
150,2023-05-28 13:00:00,4958.0,Purchase,1.0,4,Needs Improvement,High,1,1
840,2023-05-28 14:00:00,1634.0,Purchase,2.0,2,Unsatisfactory,Medium,1,1
271,2023-05-28 15:00:00,3938.0,Purchase,1.0,3,Excellent,High,1,1
881,2023-05-28 16:00:00,1766.0,Investment,2.0,3,Very Satisfied,Medium,1,1
581,2023-05-28 17:00:00,250.0,Loan Payment,8.0,2,Very Satisfied,Low,0,1
116,2023-05-28 18:00:00,4771.0,Loan Payment,7.0,8,Unsatisfactory,High,0,1
704,2023-05-28 19:00:00,985.0,Loan Payment,10.0,1,Excellent,Low,0,1
516,2023-05-28 20:00:00,4328.0,Investment,7.0,5,Good Service,High,0,1
587,2023-05-28 21:00:00,2323.0,Purchase,4.0,2,Needs Improvement,Medium,0,1
914,2023-05-28 22:00:00,1315.0,Investment,9.0,2,Needs Improvement,Medium,0,1
810,2023-05-28 23:00:00,797.0,Loan Payment,6.0,4,Needs Improvement,Low,0,1
241,2023-05-29 00:00:00,2438.0,Investment,2.0,3,Needs Improvement,Medium,0,0
30,2023-05-29 01:00:00,565.0,Bill Payment,3.0,7,Unsatisfactory,Low,0,0
143,2023-05-29 02:00:00,2119.0,Purchase,8.0,5,Good Service,Medium,0,0
326,2023-05-29 03:00:00,4952.0,Purchase,6.0,1,Unsatisfactory,High,0,0
695,2023-05-29 04:00:00,2659.0,Loan Payment,8.0,5,Needs Improvement,Medium,0,0
949,2023-05-29 05:00:00,1569.0,Investment,5.0,9,Needs Improvement,Medium,0,0
16,2023-05-29 06:00:00,4245.0,Loan Payment,7.0,2,Excellent,High,0,0
111,2023-05-29 07:00:00,1373.0,Investment,6.0,5,Good Service,Medium,0,0
872,2023-05-29 08:00:00,3969.0,Bill Payment,2.0,8,Excellent,High,0,0
713,2023-05-29 09:00:00,599.0,Purchase,8.0,1,Very Satisfied,Low,1,0
107,2023-05-29 10:00:00,1759.0,Purchase,10.0,6,Unsatisfactory,Medium,1,0
379,2023-05-29 11:00:00,550.0,Investment,3.0,7,Very Satisfied,Low,1,0
162,2023-05-29 12:00:00,2432.0,Purchase,6.0,5,Unsatisfactory,Medium,1,0
283,2023-05-29 13:00:00,300.0,Investment,6.0,5,Unsatisfactory,Low,1,0
269,2023-05-29 14:00:00,2100.0,Loan Payment,2.0,10,Good Service,Medium,1,0
484,2023-05-29 15:00:00,3945.0,Bill Payment,5.0,10,Excellent,High,1,0
667,2023-05-29 16:00:00,3968.0,Investment,4.0,5,Excellent,High,1,0
73,2023-05-29 17:00:00,3869.0,Bill Payment,8.0,2,Needs Improvement,High,0,0
197,2023-05-29 18:00:00,1265.0,Loan Payment,2.0,2,Very Satisfied,Medium,0,0
243,2023-05-29 19:00:00,17.0,Loan Payment,2.0,3,Unsatisfactory,Low,0,0
598,2023-05-29 20:00:00,1667.0,Loan Payment,5.0,6,Needs Improvement,Medium,0,0
799,2023-05-29 21:00:00,4588.0,Investment,10.0,9,Good Service,High,0,0
259,2023-05-29 22:00:00,4438.0,Bill Payment,9.0,1,Good Service,High,0,0
798,2023-05-29 23:00:00,1266.0,Bill Payment,9.0,10,Unsatisfactory,Medium,0,0
149,2023-05-30 00:00:00,3960.0,Purchase,5.0,5,Good Service,High,0,0
867,2023-05-30 01:00:00,1049.0,Investment,8.0,8,Unsatisfactory,Low,0,0
390,2023-05-30 02:00:00,2126.0,Purchase,9.0,4,Good Service,Medium,0,0
988,2023-05-30 03:00:00,694.0,Purchase,1.0,8,Unsatisfactory,Low,0,0
416,2023-05-30 04:00:00,4028.0,Investment,3.0,5,Good Service,High,0,0
426,2023-05-30 05:00:00,1807.0,Purchase,1.0,10,Excellent,Medium,0,0
997,2023-05-30 06:00:00,1834.0,Purchase,2.0,4,Good Service,Medium,0,0
702,2023-05-30 07:00:00,3544.0,Purchase,10.0,10,Very Satisfied,Medium,0,0
217,2023-05-30 08:00:00,72.0,Loan Payment,2.0,7,Excellent,Low,0,0
928,2023-05-30 09:00:00,270.0,Investment,6.0,2,Needs Improvement,Low,1,0
867,2023-05-30 10:00:00,3581.0,Loan Payment,8.0,8,Unsatisfactory,Medium,1,0
86,2023-05-30 11:00:00,3202.0,Purchase,2.0,8,Very Satisfied,Medium,1,0
216,2023-05-30 12:00:00,4963.0,Purchase,4.0,10,Unsatisfactory,High,1,0
423,2023-05-30 13:00:00,1498.0,Loan Payment,6.0,10,Unsatisfactory,Medium,1,0
320,2023-05-30 14:00:00,1140.0,Purchase,8.0,9,Excellent,Low,1,0
118,2023-05-30 15:00:00,4285.0,Investment,6.0,3,Good Service,High,1,0
926,2023-05-30 16:00:00,364.0,Bill Payment,6.0,5,Unsatisfactory,Low,1,0
959,2023-05-30 17:00:00,2784.0,Loan Payment,4.0,7,Very Satisfied,Medium,0,0
882,2023-05-30 18:00:00,598.0,Bill Payment,1.0,2,Good Service,Low,0,0
992,2023-05-30 19:00:00,614.0,Bill Payment,7.0,2,Needs Improvement,Low,0,0
415,2023-05-30 20:00:00,2238.0,Bill Payment,5.0,5,Excellent,Medium,0,0
599,2023-05-30 21:00:00,183.0,Loan Payment,5.0,7,Unsatisfactory,Low,0,0
40,2023-05-30 22:00:00,363.0,Purchase,6.0,10,Excellent,Low,0,0
161,2023-05-30 23:00:00,3300.0,Investment,5.0,2,Good Service,Medium,0,0
703,2023-05-31 00:00:00,443.0,Purchase,6.0,7,Good Service,Low,0,0
537,2023-05-31 01:00:00,2962.0,Investment,1.0,3,Very Satisfied,Medium,0,0
420,2023-05-31 02:00:00,268.0,Purchase,5.0,8,Good Service,Low,0,0
664,2023-05-31 03:00:00,877.0,Bill Payment,7.0,10,Unsatisfactory,Low,0,0
95,2023-05-31 04:00:00,2616.0,Bill Payment,8.0,5,Good Service,Medium,0,0
442,2023-05-31 05:00:00,3655.0,Investment,7.0,7,Unsatisfactory,Medium,0,0
935,2023-05-31 06:00:00,605.0,Loan Payment,1.0,9,Excellent,Low,0,0
558,2023-05-31 07:00:00,403.0,Purchase,1.0,1,Good Service,Low,0,0
973,2023-05-31 08:00:00,4441.0,Bill Payment,6.0,8,Very Satisfied,High,0,0
650,2023-05-31 09:00:00,2120.0,Investment,10.0,10,Very Satisfied,Medium,1,0
983,2023-05-31 10:00:00,3874.0,Purchase,6.0,7,Good Service,High,1,0
466,2023-05-31 11:00:00,4149.0,Investment,9.0,10,Unsatisfactory,High,1,0
288,2023-05-31 12:00:00,2210.0,Loan Payment,3.0,4,Unsatisfactory,Medium,1,0
865,2023-05-31 13:00:00,4007.0,Loan Payment,2.0,7,Needs Improvement,High,1,0
676,2023-05-31 14:00:00,3863.0,Purchase,10.0,3,Unsatisfactory,High,1,0
412,2023-05-31 15:00:00,4959.0,Loan Payment,4.0,9,Excellent,High,1,0
400,2023-05-31 16:00:00,3764.0,Purchase,9.0,5,Good Service,High,1,0
528,2023-05-31 17:00:00,4380.0,Purchase,2.0,2,Excellent,High,0,0
18,2023-05-31 18:00:00,3439.0,Loan Payment,7.0,9,Unsatisfactory,Medium,0,0
136,2023-05-31 19:00:00,4531.0,Investment,5.0,2,Needs Improvement,High,0,0
464,2023-05-31 20:00:00,4588.0,Investment,5.0,8,Needs Improvement,High,0,0
759,2023-05-31 21:00:00,223.0,Purchase,10.0,9,Very Satisfied,Low,0,0
248,2023-05-31 22:00:00,2136.0,Bill Payment,4.0,4,Excellent,Medium,0,0
843,2023-05-31 23:00:00,148.0,Purchase,10.0,8,Unsatisfactory,Low,0,0
710,2023-06-01 00:00:00,4203.0,Investment,10.0,3,Excellent,High,0,0
1,2023-06-01 01:00:00,3970.0,Purchase,10.0,9,Very Satisfied,High,0,0
702,2023-06-01 02:00:00,673.0,Investment,10.0,10,Very Satisfied,Low,0,0
381,2023-06-01 03:00:00,2842.0,Loan Payment,6.0,7,Needs Improvement,Medium,0,0
509,2023-06-01 04:00:00,1083.0,Purchase,8.0,10,Good Service,Low,0,0
460,2023-06-01 05:00:00,4584.0,Purchase,2.0,4,Very Satisfied,High,0,0
505,2023-06-01 06:00:00,4032.0,Loan Payment,7.0,4,Good Service,High,0,0
806,2023-06-01 07:00:00,171.0,Loan Payment,8.0,3,Good Service,Low,0,0
476,2023-06-01 08:00:00,1510.0,Bill Payment,10.0,1,Good Service,Medium,0,0
557,2023-06-01 09:00:00,3188.0,Loan Payment,2.0,7,Very Satisfied,Medium,1,0
954,2023-06-01 10:00:00,4500.0,Bill Payment,7.0,2,Very Satisfied,High,1,0
849,2023-06-01 11:00:00,4906.0,Loan Payment,6.0,2,Unsatisfactory,High,1,0
897,2023-06-01 12:00:00,195.0,Investment,4.0,5,Very Satisfied,Low,1,0
32,2023-06-01 13:00:00,4663.0,Purchase,3.0,7,Needs Improvement,High,1,0
904,2023-06-01 14:00:00,1990.0,Loan Payment,2.0,10,Unsatisfactory,Medium,1,0
118,2023-06-01 15:00:00,4551.0,Investment,6.0,3,Good Service,High,1,0
808,2023-06-01 16:00:00,3998.0,Loan Payment,8.0,4,Needs Improvement,High,1,0
184,2023-06-01 17:00:00,839.0,Purchase,3.0,5,Unsatisfactory,Low,0,0
191,2023-06-01 18:00:00,3529.0,Loan Payment,7.0,7,Good Service,Medium,0,0
747,2023-06-01 19:00:00,3521.0,Loan Payment,8.0,1,Unsatisfactory,Medium,0,0
750,2023-06-01 20:00:00,3338.0,Purchase,8.0,3,Excellent,Medium,0,0
728,2023-06-01 21:00:00,3358.0,Loan Payment,6.0,2,Unsatisfactory,Medium,0,0
74,2023-06-01 22:00:00,2495.0,Purchase,7.0,9,Unsatisfactory,Medium,0,0
623,2023-06-01 23:00:00,4621.0,Bill Payment,8.0,6,Unsatisfactory,High,0,0
103,2023-06-02 00:00:00,1235.0,Loan Payment,4.0,2,Needs Improvement,Low,0,0
871,2023-06-02 01:00:00,4861.0,Investment,5.0,4,Good Service,High,0,0
586,2023-06-02 02:00:00,2854.0,Loan Payment,4.0,7,Needs Improvement,Medium,0,0
420,2023-06-02 03:00:00,2743.0,Purchase,5.0,8,Good Service,Medium,0,0
473,2023-06-02 04:00:00,4430.0,Purchase,10.0,5,Unsatisfactory,High,0,0
764,2023-06-02 05:00:00,4006.0,Investment,8.0,6,Good Service,High,0,0
114,2023-06-02 06:00:00,2680.0,Investment,4.0,7,Needs Improvement,Medium,0,0
379,2023-06-02 07:00:00,4792.0,Purchase,3.0,7,Very Satisfied,High,0,0
313,2023-06-02 08:00:00,1508.0,Bill Payment,8.0,6,Needs Improvement,Medium,0,0
330,2023-06-02 09:00:00,1698.0,Bill Payment,3.0,3,Unsatisfactory,Medium,1,0
339,2023-06-02 10:00:00,2457.0,Purchase,7.0,3,Very Satisfied,Medium,1,0
238,2023-06-02 11:00:00,877.0,Bill Payment,6.0,2,Excellent,Low,1,0
173,2023-06-02 12:00:00,4322.0,Investment,7.0,2,Needs Improvement,High,1,0
79,2023-06-02 13:00:00,3018.0,Bill Payment,8.0,7,Good Service,Medium,1,0
464,2023-06-02 14:00:00,3534.0,Investment,5.0,8,Needs Improvement,Medium,1,0
898,2023-06-02 15:00:00,2022.0,Loan Payment,6.0,5,Very Satisfied,Medium,1,0
605,2023-06-02 16:00:00,249.0,Investment,6.0,6,Very Satisfied,Low,1,0
964,2023-06-02 17:00:00,57.0,Loan Payment,6.0,4,Very Satisfied,Low,0,0
501,2023-06-02 18:00:00,4059.0,Investment,1.0,1,Good Service,High,0,0
562,2023-06-02 19:00:00,3467.0,Investment,9.0,2,Good Service,Medium,0,0
285,2023-06-02 20:00:00,3289.0,Bill Payment,1.0,3,Excellent,Medium,0,0
223,2023-06-02 21:00:00,3238.0,Investment,2.0,4,Very Satisfied,Medium,0,0
593,2023-06-02 22:00:00,1258.0,Purchase,4.0,8,Excellent,Low,0,0
266,2023-06-02 23:00:00,1177.0,Loan Payment,1.0,6,Needs Improvement,Low,0,0
667,2023-06-03 00:00:00,3500.0,Loan Payment,4.0,5,Excellent,Medium,0,1
373,2023-06-03 01:00:00,4980.0,Investment,6.0,6,Needs Improvement,High,0,1
233,2023-06-03 02:00:00,1907.0,Purchase,10.0,6,Unsatisfactory,Medium,0,1
911,2023-06-03 03:00:00,3546.0,Investment,6.0,1,Good Service,Medium,0,1
828,2023-06-03 04:00:00,2189.0,Investment,4.0,6,Unsatisfactory,Medium,0,1
236,2023-06-03 05:00:00,4730.0,Bill Payment,6.0,6,Unsatisfactory,High,0,1
671,2023-06-03 06:00:00,1980.0,Investment,9.0,3,Needs Improvement,Medium,0,1
917,2023-06-03 07:00:00,4706.0,Investment,6.0,7,Needs Improvement,High,0,1
828,2023-06-03 08:00:00,2730.0,Bill Payment,4.0,6,Unsatisfactory,Medium,0,1
763,2023-06-03 09:00:00,2391.0,Bill Payment,8.0,6,Good Service,Medium,1,1
314,2023-06-03 10:00:00,1953.0,Purchase,6.0,4,Very Satisfied,Medium,1,1
937,2023-06-03 11:00:00,3156.0,Bill Payment,5.0,4,Needs Improvement,Medium,1,1
942,2023-06-03 12:00:00,3493.0,Loan Payment,2.0,3,Good Service,Medium,1,1
813,2023-06-03 13:00:00,3706.0,Loan Payment,8.0,3,Unsatisfactory,High,1,1
380,2023-06-03 14:00:00,2835.0,Purchase,1.0,5,Very Satisfied,Medium,1,1
794,2023-06-03 15:00:00,1837.0,Investment,4.0,6,Excellent,Medium,1,1
614,2023-06-03 16:00:00,232.0,Purchase,10.0,10,Very Satisfied,Low,1,1
563,2023-06-03 17:00:00,1756.0,Bill Payment,8.0,8,Good Service,Medium,0,1
420,2023-06-03 18:00:00,539.0,Investment,5.0,8,Good Service,Low,0,1
52,2023-06-03 19:00:00,143.0,Purchase,6.0,7,Good Service,Low,0,1
721,2023-06-03 20:00:00,3813.0,Purchase,4.0,3,Good Service,High,0,1
819,2023-06-03 21:00:00,4496.0,Loan Payment,5.0,8,Unsatisfactory,High,0,1
643,2023-06-03 22:00:00,111.0,Purchase,9.0,9,Needs Improvement,Low,0,1
509,2023-06-03 23:00:00,3733.0,Investment,8.0,10,Good Service,High,0,1
782,2023-06-04 00:00:00,2738.0,Purchase,7.0,3,Very Satisfied,Medium,0,1
945,2023-06-04 01:00:00,2555.0,Purchase,6.0,2,Very Satisfied,Medium,0,1
205,2023-06-04 02:00:00,2568.0,Bill Payment,1.0,9,Unsatisfactory,Medium,0,1
731,2023-06-04 03:00:00,3051.0,Purchase,4.0,5,Good Service,Medium,0,1
257,2023-06-04 04:00:00,2010.0,Investment,5.0,10,Needs Improvement,Medium,0,1
185,2023-06-04 05:00:00,958.0,Loan Payment,7.0,5,Excellent,Low,0,1
145,2023-06-04 06:00:00,1578.0,Loan Payment,4.0,10,Excellent,Medium,0,1
690,2023-06-04 07:00:00,4946.0,Loan Payment,10.0,7,Very Satisfied,High,0,1
994,2023-06-04 08:00:00,2063.0,Loan Payment,5.0,2,Needs Improvement,Medium,0,1
14,2023-06-04 09:00:00,3015.0,Bill Payment,10.0,5,Very Satisfied,Medium,1,1
246,2023-06-04 10:00:00,203.0,Investment,9.0,4,Needs Improvement,Low,1,1
187,2023-06-04 11:00:00,751.0,Bill Payment,2.0,6,Excellent,Low,1,1
337,2023-06-04 12:00:00,3916.0,Loan Payment,4.0,2,Good Service,High,1,1
259,2023-06-04 13:00:00,2969.0,Bill Payment,9.0,1,Good Service,Medium,1,1
866,2023-06-04 14:00:00,4578.0,Purchase,6.0,3,Very Satisfied,High,1,1
40,2023-06-04 15:00:00,2273.0,Investment,6.0,10,Excellent,Medium,1,1
601,2023-06-04 16:00:00,3430.0,Purchase,10.0,4,Very Satisfied,Medium,1,1
637,2023-06-04 17:00:00,2933.0,Bill Payment,1.0,6,Very Satisfied,Medium,0,1
962,2023-06-04 18:00:00,3264.0,Purchase,7.0,9,Very Satisfied,Medium,0,1
418,2023-06-04 19:00:00,3249.0,Bill Payment,6.0,7,Very Satisfied,Medium,0,1
986,2023-06-04 20:00:00,3875.0,Bill Payment,5.0,3,Excellent,High,0,1
351,2023-06-04 21:00:00,47.0,Investment,9.0,8,Very Satisfied,Low,0,1
9,2023-06-04 22:00:00,1708.0,Investment,10.0,9,Good Service,Medium,0,1
350,2023-06-04 23:00:00,4576.0,Investment,5.0,9,Good Service,High,0,1
84,2023-06-05 00:00:00,4036.0,Loan Payment,2.0,5,Very Satisfied,High,0,0
533,2023-06-05 01:00:00,3223.0,Investment,9.0,1,Very Satisfied,Medium,0,0
989,2023-06-05 02:00:00,1793.0,Purchase,1.0,1,Unsatisfactory,Medium,0,0
793,2023-06-05 03:00:00,1976.0,Investment,4.0,2,Needs Improvement,Medium,0,0
358,2023-06-05 04:00:00,112.0,Investment,10.0,9,Needs Improvement,Low,0,0
378,2023-06-05 05:00:00,51.0,Investment,5.0,4,Good Service,Low,0,0
172,2023-06-05 06:00:00,3004.0,Bill Payment,10.0,2,Excellent,Medium,0,0
25,2023-06-05 07:00:00,3228.0,Bill Payment,1.0,8,Good Service,Medium,0,0
393,2023-06-05 08:00:00,3000.0,Investment,1.0,3,Excellent,Medium,0,0
103,2023-06-05 09:00:00,4298.0,Bill Payment,4.0,2,Needs Improvement,High,1,0
702,2023-06-05 10:00:00,3379.0,Bill Payment,10.0,10,Very Satisfied,Medium,1,0
236,2023-06-05 11:00:00,1071.0,Loan Payment,6.0,6,Unsatisfactory,Low,1,0
410,2023-06-05 12:00:00,2559.0,Purchase,1.0,8,Needs Improvement,Medium,1,0
825,2023-06-05 13:00:00,1686.0,Bill Payment,5.0,10,Needs Improvement,Medium,1,0
549,2023-06-05 14:00:00,3699.0,Purchase,7.0,3,Needs Improvement,High,1,0
784,2023-06-05 15:00:00,4007.0,Bill Payment,6.0,10,Needs Improvement,High,1,0
805,2023-06-05 16:00:00,335.0,Investment,9.0,3,Good Service,Low,1,0
332,2023-06-05 17:00:00,1130.0,Bill Payment,4.0,8,Unsatisfactory,Low,0,0
664,2023-06-05 18:00:00,117.0,Bill Payment,7.0,10,Unsatisfactory,Low,0,0
794,2023-06-05 19:00:00,2688.0,Purchase,4.0,6,Excellent,Medium,0,0
532,2023-06-05 20:00:00,344.0,Investment,1.0,6,Needs Improvement,Low,0,0
649,2023-06-05 21:00:00,2049.0,Loan Payment,10.0,2,Unsatisfactory,Medium,0,0
983,2023-06-05 22:00:00,813.0,Purchase,6.0,7,Good Service,Low,0,0
871,2023-06-05 23:00:00,1858.0,Investment,5.0,4,Good Service,Medium,0,0
29,2023-06-06 00:00:00,776.0,Investment,2.0,7,Good Service,Low,0,0
543,2023-06-06 01:00:00,3537.0,Purchase,5.0,6,Very Satisfied,Medium,0,0
19,2023-06-06 02:00:00,2316.0,Bill Payment,3.0,5,Needs Improvement,Medium,0,0
148,2023-06-06 03:00:00,2839.0,Investment,10.0,1,Unsatisfactory,Medium,0,0
471,2023-06-06 04:00:00,1498.0,Loan Payment,6.0,8,Needs Improvement,Medium,0,0
491,2023-06-06 05:00:00,4139.0,Bill Payment,4.0,4,Very Satisfied,High,0,0
283,2023-06-06 06:00:00,3576.0,Purchase,6.0,5,Unsatisfactory,Medium,0,0
862,2023-06-06 07:00:00,2383.0,Purchase,5.0,2,Unsatisfactory,Medium,0,0
853,2023-06-06 08:00:00,846.0,Purchase,8.0,10,Good Service,Low,0,0
812,2023-06-06 09:00:00,3319.0,Purchase,2.0,4,Needs Improvement,Medium,1,0
675,2023-06-06 10:00:00,3622.0,Loan Payment,1.0,2,Unsatisfactory,Medium,1,0
113,2023-06-06 11:00:00,4844.0,Loan Payment,8.0,8,Good Service,High,1,0
455,2023-06-06 12:00:00,2801.0,Investment,6.0,7,Very Satisfied,Medium,1,0
662,2023-06-06 13:00:00,4222.0,Loan Payment,9.0,7,Good Service,High,1,0
330,2023-06-06 14:00:00,2460.0,Purchase,3.0,3,Unsatisfactory,Medium,1,0
255,2023-06-06 15:00:00,3778.0,Loan Payment,8.0,9,Good Service,High,1,0
599,2023-06-06 16:00:00,1514.0,Bill Payment,5.0,7,Unsatisfactory,Medium,1,0
399,2023-06-06 17:00:00,2460.0,Bill Payment,1.0,8,Excellent,Medium,0,0
862,2023-06-06 18:00:00,3054.0,Investment,5.0,2,Unsatisfactory,Medium,0,0
610,2023-06-06 19:00:00,2043.0,Purchase,3.0,7,Unsatisfactory,Medium,0,0
909,2023-06-06 20:00:00,1709.0,Loan Payment,6.0,6,Good Service,Medium,0,0
508,2023-06-06 21:00:00,2290.0,Investment,2.0,7,Needs Improvement,Medium,0,0
644,2023-06-06 22:00:00,1317.0,Investment,5.0,5,Unsatisfactory,Medium,0,0
466,2023-06-06 23:00:00,2537.0,Loan Payment,9.0,10,Unsatisfactory,Medium,0,0
824,2023-06-07 00:00:00,3848.0,Investment,8.0,9,Very Satisfied,High,0,0
407,2023-06-07 01:00:00,985.0,Purchase,4.0,3,Good Service,Low,0,0
609,2023-06-07 02:00:00,2066.0,Loan Payment,10.0,1,Good Service,Medium,0,0
98,2023-06-07 03:00:00,2460.0,Bill Payment,2.0,9,Very Satisfied,Medium,0,0
290,2023-06-07 04:00:00,2436.0,Bill Payment,4.0,10,Needs Improvement,Medium,0,0
868,2023-06-07 05:00:00,3684.0,Loan Payment,8.0,8,Good Service,High,0,0
739,2023-06-07 06:00:00,2438.0,Investment,3.0,4,Good Service,Medium,0,0
657,2023-06-07 07:00:00,4949.0,Investment,1.0,3,Very Satisfied,High,0,0
156,2023-06-07 08:00:00,3743.0,Bill Payment,4.0,8,Very Satisfied,High,0,0
782,2023-06-07 09:00:00,369.0,Bill Payment,7.0,3,Very Satisfied,Low,1,0
162,2023-06-07 10:00:00,2233.0,Purchase,6.0,5,Unsatisfactory,Medium,1,0
624,2023-06-07 11:00:00,494.0,Investment,6.0,7,Very Satisfied,Low,1,0
843,2023-06-07 12:00:00,1438.0,Purchase,10.0,8,Unsatisfactory,Medium,1,0
697,2023-06-07 13:00:00,2090.0,Bill Payment,10.0,4,Very Satisfied,Medium,1,0
717,2023-06-07 14:00:00,705.0,Bill Payment,2.0,9,Very Satisfied,Low,1,0
97,2023-06-07 15:00:00,4670.0,Bill Payment,5.0,8,Unsatisfactory,High,1,0
377,2023-06-07 16:00:00,211.0,Bill Payment,4.0,9,Very Satisfied,Low,1,0
567,2023-06-07 17:00:00,3867.0,Purchase,8.0,3,Unsatisfactory,High,0,0
450,2023-06-07 18:00:00,1208.0,Bill Payment,7.0,10,Very Satisfied,Low,0,0
994,2023-06-07 19:00:00,1277.0,Loan Payment,5.0,2,Needs Improvement,Medium,0,0
117,2023-06-07 20:00:00,2980.0,Investment,5.0,7,Very Satisfied,Medium,0,0
605,2023-06-07 21:00:00,83.0,Bill Payment,6.0,6,Very Satisfied,Low,0,0
805,2023-06-07 22:00:00,105.0,Investment,9.0,3,Good Service,Low,0,0
964,2023-06-07 23:00:00,4278.0,Bill Payment,6.0,4,Very Satisfied,High,0,0
716,2023-06-08 00:00:00,3487.0,Purchase,4.0,7,Needs Improvement,Medium,0,0
794,2023-06-08 01:00:00,2212.0,Investment,4.0,6,Excellent,Medium,0,0
506,2023-06-08 02:00:00,267.0,Purchase,5.0,2,Needs Improvement,Low,0,0
189,2023-06-08 03:00:00,3668.0,Bill Payment,1.0,3,Very Satisfied,Medium,0,0
476,2023-06-08 04:00:00,4435.0,Loan Payment,10.0,1,Good Service,High,0,0
323,2023-06-08 05:00:00,2816.0,Loan Payment,7.0,6,Needs Improvement,Medium,0,0
596,2023-06-08 06:00:00,4266.0,Loan Payment,2.0,2,Good Service,High,0,0
970,2023-06-08 07:00:00,195.0,Loan Payment,5.0,5,Very Satisfied,Low,0,0
180,2023-06-08 08:00:00,152.0,Loan Payment,1.0,9,Good Service,Low,0,0
786,2023-06-08 09:00:00,3363.0,Purchase,5.0,10,Good Service,Medium,1,0
181,2023-06-08 10:00:00,649.0,Loan Payment,2.0,9,Good Service,Low,1,0
959,2023-06-08 11:00:00,3759.0,Bill Payment,4.0,7,Very Satisfied,High,1,0
693,2023-06-08 12:00:00,2084.0,Purchase,5.0,6,Very Satisfied,Medium,1,0
795,2023-06-08 13:00:00,3978.0,Purchase,10.0,2,Good Service,High,1,0
287,2023-06-08 14:00:00,211.0,Loan Payment,8.0,10,Excellent,Low,1,0
475,2023-06-08 15:00:00,3102.0,Investment,6.0,5,Very Satisfied,Medium,1,0
618,2023-06-08 16:00:00,3175.0,Bill Payment,7.0,4,Very Satisfied,Medium,1,0
641,2023-06-08 17:00:00,3089.0,Purchase,7.0,4,Very Satisfied,Medium,0,0
262,2023-06-08 18:00:00,4577.0,Bill Payment,10.0,8,Excellent,High,0,0
523,2023-06-08 19:00:00,2112.0,Investment,7.0,6,Unsatisfactory,Medium,0,0
162,2023-06-08 20:00:00,920.0,Purchase,6.0,5,Unsatisfactory,Low,0,0
487,2023-06-08 21:00:00,1581.0,Bill Payment,8.0,9,Unsatisfactory,Medium,0,0
980,2023-06-08 22:00:00,3458.0,Loan Payment,1.0,1,Good Service,Medium,0,0
959,2023-06-08 23:00:00,2169.0,Purchase,4.0,7,Very Satisfied,Medium,0,0
181,2023-06-09 00:00:00,4335.0,Purchase,2.0,9,Good Service,High,0,0
725,2023-06-09 01:00:00,2554.0,Purchase,10.0,5,Unsatisfactory,Medium,0,0
469,2023-06-09 02:00:00,1339.0,Purchase,6.0,10,Needs Improvement,Medium,0,0
786,2023-06-09 03:00:00,3623.0,Loan Payment,5.0,10,Good Service,Medium,0,0
21,2023-06-09 04:00:00,470.0,Investment,5.0,2,Unsatisfactory,Low,0,0
275,2023-06-09 05:00:00,816.0,Investment,5.0,8,Unsatisfactory,Low,0,0
260,2023-06-09 06:00:00,3709.0,Bill Payment,3.0,1,Good Service,High,0,0
333,2023-06-09 07:00:00,2283.0,Loan Payment,3.0,9,Needs Improvement,Medium,0,0
466,2023-06-09 08:00:00,68.0,Loan Payment,9.0,10,Unsatisfactory,Low,0,0
116,2023-06-09 09:00:00,2485.0,Bill Payment,7.0,8,Unsatisfactory,Medium,1,0
413,2023-06-09 10:00:00,4833.0,Loan Payment,10.0,6,Needs Improvement,High,1,0
537,2023-06-09 11:00:00,2460.0,Loan Payment,1.0,3,Very Satisfied,Medium,1,0
952,2023-06-09 12:00:00,507.0,Purchase,9.0,10,Very Satisfied,Low,1,0
845,2023-06-09 13:00:00,4335.0,Purchase,4.0,8,Needs Improvement,High,1,0
766,2023-06-09 14:00:00,4438.0,Purchase,3.0,6,Needs Improvement,High,1,0
959,2023-06-09 15:00:00,3986.0,Loan Payment,4.0,7,Very Satisfied,High,1,0
923,2023-06-09 16:00:00,1617.0,Loan Payment,1.0,2,Very Satisfied,Medium,1,0
956,2023-06-09 17:00:00,730.0,Investment,5.0,3,Needs Improvement,Low,0,0
723,2023-06-09 18:00:00,1284.0,Purchase,1.0,9,Unsatisfactory,Medium,0,0
817,2023-06-09 19:00:00,3877.0,Bill Payment,9.0,10,Needs Improvement,High,0,0
833,2023-06-09 20:00:00,700.0,Loan Payment,2.0,8,Very Satisfied,Low,0,0
934,2023-06-09 21:00:00,4033.0,Purchase,4.0,1,Unsatisfactory,High,0,0
851,2023-06-09 22:00:00,4162.0,Investment,6.0,5,Good Service,High,0,0
948,2023-06-09 23:00:00,3447.0,Purchase,6.0,6,Unsatisfactory,Medium,0,0
257,2023-06-10 00:00:00,2365.0,Investment,5.0,10,Needs Improvement,Medium,0,1
168,2023-06-10 01:00:00,759.0,Investment,1.0,6,Unsatisfactory,Low,0,1
849,2023-06-10 02:00:00,3061.0,Loan Payment,6.0,2,Unsatisfactory,Medium,0,1
533,2023-06-10 03:00:00,4783.0,Investment,9.0,1,Very Satisfied,High,0,1
598,2023-06-10 04:00:00,3574.0,Investment,5.0,6,Needs Improvement,Medium,0,1
15,2023-06-10 05:00:00,4665.0,Bill Payment,1.0,10,Needs Improvement,High,0,1
50,2023-06-10 06:00:00,1714.0,Investment,6.0,4,Unsatisfactory,Medium,0,1
999,2023-06-10 07:00:00,3455.0,Bill Payment,10.0,9,Good Service,Medium,0,1
304,2023-06-10 08:00:00,4454.0,Bill Payment,4.0,1,Good Service,High,0,1
487,2023-06-10 09:00:00,2387.0,Purchase,8.0,9,Unsatisfactory,Medium,1,1
416,2023-06-10 10:00:00,3241.0,Purchase,3.0,5,Good Service,Medium,1,1
305,2023-06-10 11:00:00,2225.0,Loan Payment,8.0,3,Excellent,Medium,1,1
196,2023-06-10 12:00:00,895.0,Loan Payment,10.0,10,Needs Improvement,Low,1,1
876,2023-06-10 13:00:00,874.0,Loan Payment,1.0,2,Good Service,Low,1,1
813,2023-06-10 14:00:00,3504.0,Investment,8.0,3,Unsatisfactory,Medium,1,1
800,2023-06-10 15:00:00,3064.0,Purchase,8.0,10,Very Satisfied,Medium,1,1
388,2023-06-10 16:00:00,795.0,Investment,5.0,9,Excellent,Low,1,1
757,2023-06-10 17:00:00,466.0,Purchase,6.0,6,Unsatisfactory,Low,0,1
961,2023-06-10 18:00:00,354.0,Investment,4.0,7,Unsatisfactory,Low,0,1
865,2023-06-10 19:00:00,563.0,Loan Payment,2.0,7,Needs Improvement,Low,0,1
455,2023-06-10 20:00:00,797.0,Purchase,6.0,7,Very Satisfied,Low,0,1
713,2023-06-10 21:00:00,1829.0,Purchase,8.0,1,Very Satisfied,Medium,0,1
705,2023-06-10 22:00:00,714.0,Bill Payment,8.0,4,Unsatisfactory,Low,0,1
848,2023-06-10 23:00:00,4917.0,Purchase,8.0,6,Unsatisfactory,High,0,1
658,2023-06-11 00:00:00,962.0,Purchase,1.0,10,Needs Improvement,Low,0,1
310,2023-06-11 01:00:00,824.0,Investment,2.0,6,Unsatisfactory,Low,0,1
127,2023-06-11 02:00:00,1558.0,Loan Payment,2.0,6,Needs Improvement,Medium,0,1
175,2023-06-11 03:00:00,153.0,Bill Payment,7.0,7,Good Service,Low,0,1
134,2023-06-11 04:00:00,2787.0,Investment,4.0,9,Unsatisfactory,Medium,0,1
66,2023-06-11 05:00:00,3776.0,Purchase,6.0,5,Good Service,High,0,1
393,2023-06-11 06:00:00,4968.0,Investment,1.0,3,Excellent,High,0,1
964,2023-06-11 07:00:00,3835.0,Loan Payment,6.0,4,Very Satisfied,High,0,1
365,2023-06-11 08:00:00,1226.0,Bill Payment,1.0,8,Good Service,Low,0,1
279,2023-06-11 09:00:00,1817.0,Investment,2.0,2,Good Service,Medium,1,1
758,2023-06-11 10:00:00,4480.0,Purchase,10.0,10,Good Service,High,1,1
363,2023-06-11 11:00:00,4782.0,Investment,2.0,6,Needs Improvement,High,1,1
749,2023-06-11 12:00:00,2749.0,Purchase,3.0,3,Very Satisfied,Medium,1,1
171,2023-06-11 13:00:00,1299.0,Bill Payment,3.0,1,Needs Improvement,Medium,1,1
51,2023-06-11 14:00:00,565.0,Bill Payment,8.0,8,Needs Improvement,Low,1,1
328,2023-06-11 15:00:00,872.0,Investment,7.0,2,Excellent,Low,1,1
871,2023-06-11 16:00:00,2495.0,Bill Payment,5.0,4,Good Service,Medium,1,1
665,2023-06-11 17:00:00,4986.0,Loan Payment,1.0,10,Needs Improvement,High,0,1
592,2023-06-11 18:00:00,2365.0,Investment,9.0,5,Unsatisfactory,Medium,0,1
931,2023-06-11 19:00:00,975.0,Purchase,8.0,9,Very Satisfied,Low,0,1
145,2023-06-11 20:00:00,2405.0,Investment,4.0,10,Excellent,Medium,0,1
274,2023-06-11 21:00:00,485.0,Purchase,4.0,5,Excellent,Low,0,1
155,2023-06-11 22:00:00,1348.0,Bill Payment,3.0,1,Needs Improvement,Medium,0,1
911,2023-06-11 23:00:00,534.0,Purchase,6.0,1,Good Service,Low,0,1
508,2023-06-12 00:00:00,2581.0,Purchase,2.0,7,Needs Improvement,Medium,0,0
849,2023-06-12 01:00:00,571.0,Purchase,6.0,2,Unsatisfactory,Low,0,0
363,2023-06-12 02:00:00,3712.0,Purchase,2.0,6,Needs Improvement,High,0,0
325,2023-06-12 03:00:00,4674.0,Loan Payment,10.0,8,Needs Improvement,High,0,0
848,2023-06-12 04:00:00,1215.0,Purchase,8.0,6,Unsatisfactory,Low,0,0
655,2023-06-12 05:00:00,4043.0,Investment,10.0,2,Unsatisfactory,High,0,0
298,2023-06-12 06:00:00,3857.0,Loan Payment,4.0,6,Needs Improvement,High,0,0
494,2023-06-12 07:00:00,4211.0,Purchase,7.0,7,Needs Improvement,High,0,0
546,2023-06-12 08:00:00,2248.0,Purchase,6.0,4,Very Satisfied,Medium,0,0
304,2023-06-12 09:00:00,1170.0,Purchase,4.0,1,Good Service,Low,1,0
467,2023-06-12 10:00:00,4805.0,Loan Payment,10.0,4,Unsatisfactory,High,1,0
904,2023-06-12 11:00:00,3835.0,Purchase,2.0,10,Unsatisfactory,High,1,0
239,2023-06-12 12:00:00,81.0,Purchase,4.0,4,Good Service,Low,1,0
650,2023-06-12 13:00:00,764.0,Purchase,10.0,10,Very Satisfied,Low,1,0
766,2023-06-12 14:00:00,3862.0,Bill Payment,3.0,6,Needs Improvement,High,1,0
517,2023-06-12 15:00:00,914.0,Investment,1.0,3,Very Satisfied,Low,1,0
884,2023-06-12 16:00:00,61.0,Purchase,10.0,3,Unsatisfactory,Low,1,0
176,2023-06-12 17:00:00,2631.0,Investment,5.0,3,Good Service,Medium,0,0
885,2023-06-12 18:00:00,3200.0,Bill Payment,7.0,9,Needs Improvement,Medium,0,0
410,2023-06-12 19:00:00,3958.0,Bill Payment,1.0,8,Needs Improvement,High,0,0
726,2023-06-12 20:00:00,1297.0,Purchase,3.0,7,Good Service,Medium,0,0
364,2023-06-12 21:00:00,4790.0,Investment,3.0,4,Good Service,High,0,0
23,2023-06-12 22:00:00,2460.0,Loan Payment,8.0,6,Good Service,Medium,0,0
318,2023-06-12 23:00:00,3912.0,Purchase,6.0,7,Excellent,High,0,0
525,2023-06-13 00:00:00,3930.0,Loan Payment,7.0,1,Excellent,High,0,0
905,2023-06-13 01:00:00,959.0,Bill Payment,3.0,5,Needs Improvement,Low,0,0
753,2023-06-13 02:00:00,3148.0,Bill Payment,7.0,5,Unsatisfactory,Medium,0,0
276,2023-06-13 03:00:00,2426.0,Investment,10.0,5,Good Service,Medium,0,0
604,2023-06-13 04:00:00,2289.0,Loan Payment,1.0,6,Unsatisfactory,Medium,0,0
620,2023-06-13 05:00:00,1435.0,Loan Payment,10.0,8,Good Service,Medium,0,0
953,2023-06-13 06:00:00,1594.0,Purchase,7.0,9,Unsatisfactory,Medium,0,0
229,2023-06-13 07:00:00,1056.0,Investment,3.0,3,Unsatisfactory,Low,0,0
664,2023-06-13 08:00:00,2175.0,Investment,7.0,10,Unsatisfactory,Medium,0,0
108,2023-06-13 09:00:00,4033.0,Loan Payment,2.0,3,Unsatisfactory,High,1,0
801,2023-06-13 10:00:00,1186.0,Bill Payment,8.0,7,Unsatisfactory,Low,1,0
916,2023-06-13 11:00:00,2170.0,Investment,6.0,3,Needs Improvement,Medium,1,0
956,2023-06-13 12:00:00,1041.0,Bill Payment,5.0,3,Needs Improvement,Low,1,0
176,2023-06-13 13:00:00,3298.0,Purchase,5.0,3,Good Service,Medium,1,0
320,2023-06-13 14:00:00,4536.0,Investment,8.0,9,Excellent,High,1,0
286,2023-06-13 15:00:00,1325.0,Investment,7.0,4,Excellent,Medium,1,0
876,2023-06-13 16:00:00,902.0,Purchase,1.0,2,Good Service,Low,1,0
329,2023-06-13 17:00:00,116.0,Investment,10.0,3,Very Satisfied,Low,0,0
877,2023-06-13 18:00:00,3090.0,Loan Payment,4.0,1,Good Service,Medium,0,0
753,2023-06-13 19:00:00,754.0,Loan Payment,7.0,5,Unsatisfactory,Low,0,0
657,2023-06-13 20:00:00,631.0,Purchase,1.0,3,Very Satisfied,Low,0,0
356,2023-06-13 21:00:00,4250.0,Bill Payment,9.0,2,Good Service,High,0,0
14,2023-06-13 22:00:00,830.0,Bill Payment,10.0,5,Very Satisfied,Low,0,0
275,2023-06-13 23:00:00,421.0,Investment,5.0,8,Unsatisfactory,Low,0,0
71,2023-06-14 00:00:00,123.0,Bill Payment,1.0,5,Excellent,Low,0,0
827,2023-06-14 01:00:00,2456.0,Bill Payment,4.0,7,Good Service,Medium,0,0
195,2023-06-14 02:00:00,3356.0,Purchase,3.0,8,Unsatisfactory,Medium,0,0
865,2023-06-14 03:00:00,4229.0,Bill Payment,2.0,7,Needs Improvement,High,0,0
812,2023-06-14 04:00:00,95.0,Bill Payment,2.0,4,Needs Improvement,Low,0,0
928,2023-06-14 05:00:00,4152.0,Bill Payment,6.0,2,Needs Improvement,High,0,0
879,2023-06-14 06:00:00,1582.0,Loan Payment,4.0,2,Unsatisfactory,Medium,0,0
523,2023-06-14 07:00:00,2015.0,Loan Payment,7.0,6,Unsatisfactory,Medium,0,0
106,2023-06-14 08:00:00,4089.0,Purchase,1.0,7,Excellent,High,0,0
770,2023-06-14 09:00:00,813.0,Investment,4.0,9,Needs Improvement,Low,1,0
986,2023-06-14 10:00:00,3344.0,Purchase,5.0,3,Excellent,Medium,1,0
893,2023-06-14 11:00:00,3359.0,Investment,8.0,9,Unsatisfactory,Medium,1,0
196,2023-06-14 12:00:00,1079.0,Investment,10.0,10,Needs Improvement,Low,1,0
145,2023-06-14 13:00:00,2679.0,Bill Payment,4.0,10,Excellent,Medium,1,0
977,2023-06-14 14:00:00,2460.0,Bill Payment,9.0,5,Unsatisfactory,Medium,1,0
732,2023-06-14 15:00:00,2781.0,Purchase,8.0,3,Excellent,Medium,1,0
350,2023-06-14 16:00:00,4645.0,Purchase,5.0,9,Good Service,High,1,0
424,2023-06-14 17:00:00,4192.0,Purchase,5.0,7,Very Satisfied,High,0,0
471,2023-06-14 18:00:00,1418.0,Loan Payment,6.0,8,Needs Improvement,Medium,0,0
686,2023-06-14 19:00:00,3750.0,Loan Payment,5.0,8,Good Service,High,0,0
216,2023-06-14 20:00:00,274.0,Loan Payment,4.0,10,Unsatisfactory,Low,0,0
93,2023-06-14 21:00:00,3858.0,Loan Payment,7.0,6,Needs Improvement,High,0,0
260,2023-06-14 22:00:00,3103.0,Loan Payment,3.0,1,Good Service,Medium,0,0
934,2023-06-14 23:00:00,4808.0,Bill Payment,4.0,1,Unsatisfactory,High,0,0
575,2023-06-15 00:00:00,1483.0,Investment,5.0,1,Needs Improvement,Medium,0,0
541,2023-06-15 01:00:00,4291.0,Loan Payment,2.0,8,Needs Improvement,High,0,0
787,2023-06-15 02:00:00,335.0,Purchase,2.0,2,Needs Improvement,Low,0,0
859,2023-06-15 03:00:00,1216.0,Investment,9.0,4,Excellent,Low,0,0
285,2023-06-15 04:00:00,4502.0,Loan Payment,1.0,3,Excellent,High,0,0
484,2023-06-15 05:00:00,1514.0,Loan Payment,5.0,10,Excellent,Medium,0,0
931,2023-06-15 06:00:00,3544.0,Bill Payment,8.0,9,Very Satisfied,Medium,0,0
372,2023-06-15 07:00:00,1450.0,Bill Payment,4.0,9,Needs Improvement,Medium,0,0
70,2023-06-15 08:00:00,965.0,Bill Payment,4.0,9,Excellent,Low,0,0
379,2023-06-15 09:00:00,564.0,Loan Payment,3.0,7,Very Satisfied,Low,1,0
279,2023-06-15 10:00:00,3264.0,Bill Payment,2.0,2,Good Service,Medium,1,0
743,2023-06-15 11:00:00,4149.0,Loan Payment,5.0,8,Unsatisfactory,High,1,0
302,2023-06-15 12:00:00,4587.0,Investment,6.0,1,Good Service,High,1,0
255,2023-06-15 13:00:00,2046.0,Investment,8.0,9,Good Service,Medium,1,0
684,2023-06-15 14:00:00,1296.0,Loan Payment,5.0,5,Very Satisfied,Medium,1,0
944,2023-06-15 15:00:00,1207.0,Purchase,3.0,2,Unsatisfactory,Low,1,0
692,2023-06-15 16:00:00,4671.0,Loan Payment,8.0,5,Unsatisfactory,High,1,0
264,2023-06-15 17:00:00,2277.0,Investment,6.0,10,Unsatisfactory,Medium,0,0
695,2023-06-15 18:00:00,3639.0,Investment,8.0,5,Needs Improvement,Medium,0,0
834,2023-06-15 19:00:00,3475.0,Loan Payment,6.0,3,Unsatisfactory,Medium,0,0
717,2023-06-15 20:00:00,781.0,Loan Payment,2.0,9,Very Satisfied,Low,0,0
424,2023-06-15 21:00:00,2466.0,Loan Payment,5.0,7,Very Satisfied,Medium,0,0
761,2023-06-15 22:00:00,480.0,Investment,7.0,7,Good Service,Low,0,0
213,2023-06-15 23:00:00,1380.0,Purchase,4.0,4,Very Satisfied,Medium,0,0
671,2023-06-16 00:00:00,3142.0,Loan Payment,9.0,3,Needs Improvement,Medium,0,0
944,2023-06-16 01:00:00,681.0,Investment,3.0,2,Unsatisfactory,Low,0,0
100,2023-06-16 02:00:00,1184.0,Loan Payment,7.0,5,Good Service,Low,0,0
829,2023-06-16 03:00:00,120.0,Investment,3.0,9,Very Satisfied,Low,0,0
112,2023-06-16 04:00:00,3569.0,Loan Payment,10.0,3,Very Satisfied,Medium,0,0
308,2023-06-16 05:00:00,1036.0,Investment,1.0,5,Unsatisfactory,Low,0,0
678,2023-06-16 06:00:00,3564.0,Loan Payment,3.0,9,Needs Improvement,Medium,0,0
475,2023-06-16 07:00:00,3243.0,Bill Payment,6.0,5,Very Satisfied,Medium,0,0
548,2023-06-16 08:00:00,2460.0,Loan Payment,6.0,10,Needs Improvement,Medium,0,0
112,2023-06-16 09:00:00,1482.0,Investment,10.0,3,Very Satisfied,Medium,1,0
87,2023-06-16 10:00:00,2389.0,Loan Payment,5.0,3,Unsatisfactory,Medium,1,0
183,2023-06-16 11:00:00,4882.0,Purchase,4.0,8,Needs Improvement,High,1,0
597,2023-06-16 12:00:00,2981.0,Loan Payment,3.0,6,Needs Improvement,Medium,1,0
781,2023-06-16 13:00:00,2391.0,Loan Payment,2.0,6,Needs Improvement,Medium,1,0
165,2023-06-16 14:00:00,3300.0,Loan Payment,2.0,2,Good Service,Medium,1,0
815,2023-06-16 15:00:00,4763.0,Purchase,5.0,5,Very Satisfied,High,1,0
90,2023-06-16 16:00:00,1843.0,Purchase,2.0,6,Very Satisfied,Medium,1,0
1000,2023-06-16 17:00:00,463.0,Purchase,5.0,10,Unsatisfactory,Low,0,0
455,2023-06-16 18:00:00,750.0,Bill Payment,6.0,7,Very Satisfied,Low,0,0
238,2023-06-16 19:00:00,2390.0,Purchase,6.0,2,Excellent,Medium,0,0
999,2023-06-16 20:00:00,2367.0,Bill Payment,10.0,9,Good Service,Medium,0,0
534,2023-06-16 21:00:00,1453.0,Loan Payment,5.0,10,Good Service,Medium,0,0
679,2023-06-16 22:00:00,3690.0,Bill Payment,2.0,9,Very Satisfied,High,0,0
727,2023-06-16 23:00:00,1758.0,Loan Payment,9.0,3,Excellent,Medium,0,0
58,2023-06-17 00:00:00,2411.0,Bill Payment,10.0,3,Good Service,Medium,0,1
542,2023-06-17 01:00:00,4929.0,Purchase,9.0,2,Needs Improvement,High,0,1
914,2023-06-17 02:00:00,3181.0,Purchase,9.0,2,Needs Improvement,Medium,0,1
618,2023-06-17 03:00:00,4250.0,Bill Payment,7.0,4,Very Satisfied,High,0,1
402,2023-06-17 04:00:00,2016.0,Bill Payment,9.0,2,Unsatisfactory,Medium,0,1
842,2023-06-17 05:00:00,1796.0,Purchase,5.0,10,Needs Improvement,Medium,0,1
679,2023-06-17 06:00:00,1419.0,Loan Payment,2.0,9,Very Satisfied,Medium,0,1
862,2023-06-17 07:00:00,1772.0,Loan Payment,5.0,2,Unsatisfactory,Medium,0,1
666,2023-06-17 08:00:00,919.0,Loan Payment,2.0,4,Good Service,Low,0,1
839,2023-06-17 09:00:00,770.0,Loan Payment,5.0,5,Very Satisfied,Low,1,1
519,2023-06-17 10:00:00,3250.0,Investment,9.0,5,Needs Improvement,Medium,1,1
197,2023-06-17 11:00:00,2699.0,Loan Payment,2.0,2,Very Satisfied,Medium,1,1
833,2023-06-17 12:00:00,540.0,Investment,2.0,8,Very Satisfied,Low,1,1
46,2023-06-17 13:00:00,1369.0,Investment,6.0,1,Good Service,Medium,1,1
530,2023-06-17 14:00:00,3828.0,Purchase,10.0,10,Good Service,High,1,1
397,2023-06-17 15:00:00,2037.0,Purchase,9.0,8,Excellent,Medium,1,1
665,2023-06-17 16:00:00,2570.0,Bill Payment,1.0,10,Needs Improvement,Medium,1,1
1000,2023-06-17 17:00:00,2187.0,Loan Payment,5.0,10,Unsatisfactory,Medium,0,1
776,2023-06-17 18:00:00,1547.0,Loan Payment,5.0,6,Needs Improvement,Medium,0,1
74,2023-06-17 19:00:00,1283.0,Purchase,7.0,9,Unsatisfactory,Medium,0,1
416,2023-06-17 20:00:00,2791.0,Purchase,3.0,5,Good Service,Medium,0,1
657,2023-06-17 21:00:00,956.0,Purchase,1.0,3,Very Satisfied,Low,0,1
614,2023-06-17 22:00:00,1308.0,Bill Payment,10.0,10,Very Satisfied,Medium,0,1
335,2023-06-17 23:00:00,2521.0,Loan Payment,7.0,8,Excellent,Medium,0,1
847,2023-06-18 00:00:00,2198.0,Bill Payment,1.0,1,Excellent,Medium,0,1
633,2023-06-18 01:00:00,891.0,Investment,9.0,5,Good Service,Low,0,1
688,2023-06-18 02:00:00,1857.0,Investment,2.0,4,Excellent,Medium,0,1
575,2023-06-18 03:00:00,1985.0,Loan Payment,5.0,1,Needs Improvement,Medium,0,1
296,2023-06-18 04:00:00,4278.0,Purchase,2.0,4,Excellent,High,0,1
84,2023-06-18 05:00:00,4578.0,Purchase,2.0,5,Very Satisfied,High,0,1
15,2023-06-18 06:00:00,2974.0,Bill Payment,1.0,10,Needs Improvement,Medium,0,1
867,2023-06-18 07:00:00,3073.0,Investment,8.0,8,Unsatisfactory,Medium,0,1
134,2023-06-18 08:00:00,3138.0,Investment,4.0,9,Unsatisfactory,Medium,0,1
478,2023-06-18 09:00:00,507.0,Loan Payment,3.0,8,Needs Improvement,Low,1,1
633,2023-06-18 10:00:00,2226.0,Investment,9.0,5,Good Service,Medium,1,1
319,2023-06-18 11:00:00,998.0,Purchase,1.0,6,Good Service,Low,1,1
392,2023-06-18 12:00:00,2618.0,Purchase,7.0,5,Excellent,Medium,1,1
479,2023-06-18 13:00:00,2485.0,Purchase,7.0,9,Good Service,Medium,1,1
640,2023-06-18 14:00:00,4524.0,Loan Payment,5.0,9,Unsatisfactory,High,1,1
368,2023-06-18 15:00:00,1380.0,Bill Payment,2.0,2,Good Service,Medium,1,1
367,2023-06-18 16:00:00,3598.0,Investment,2.0,6,Unsatisfactory,Medium,1,1
288,2023-06-18 17:00:00,2512.0,Loan Payment,3.0,4,Unsatisfactory,Medium,0,1
813,2023-06-18 18:00:00,4819.0,Bill Payment,8.0,3,Unsatisfactory,High,0,1
378,2023-06-18 19:00:00,188.0,Loan Payment,5.0,4,Good Service,Low,0,1
692,2023-06-18 20:00:00,2460.0,Investment,8.0,5,Unsatisfactory,Medium,0,1
463,2023-06-18 21:00:00,2558.0,Purchase,5.0,7,Unsatisfactory,Medium,0,1
594,2023-06-18 22:00:00,4844.0,Bill Payment,5.0,5,Needs Improvement,High,0,1
13,2023-06-18 23:00:00,121.0,Bill Payment,7.0,5,Very Satisfied,Low,0,1
536,2023-06-19 00:00:00,3229.0,Loan Payment,4.0,7,Excellent,Medium,0,0
168,2023-06-19 01:00:00,724.0,Loan Payment,1.0,6,Unsatisfactory,Low,0,0
270,2023-06-19 02:00:00,1411.0,Purchase,7.0,3,Needs Improvement,Medium,0,0
988,2023-06-19 03:00:00,2934.0,Loan Payment,1.0,8,Unsatisfactory,Medium,0,0
971,2023-06-19 04:00:00,1391.0,Investment,6.0,6,Unsatisfactory,Medium,0,0
70,2023-06-19 05:00:00,3137.0,Investment,4.0,9,Excellent,Medium,0,0
318,2023-06-19 06:00:00,4918.0,Investment,6.0,7,Excellent,High,0,0
376,2023-06-19 07:00:00,3021.0,Investment,7.0,9,Very Satisfied,Medium,0,0
89,2023-06-19 08:00:00,1218.0,Purchase,9.0,3,Good Service,Low,0,0
701,2023-06-19 09:00:00,3135.0,Purchase,4.0,8,Excellent,Medium,1,0
257,2023-06-19 10:00:00,46.0,Purchase,5.0,10,Needs Improvement,Low,1,0
217,2023-06-19 11:00:00,1838.0,Loan Payment,2.0,7,Excellent,Medium,1,0
450,2023-06-19 12:00:00,3070.0,Purchase,7.0,10,Very Satisfied,Medium,1,0
894,2023-06-19 13:00:00,3351.0,Bill Payment,7.0,8,Very Satisfied,Medium,1,0
544,2023-06-19 14:00:00,3951.0,Bill Payment,5.0,5,Good Service,High,1,0
141,2023-06-19 15:00:00,819.0,Bill Payment,4.0,10,Needs Improvement,Low,1,0
161,2023-06-19 16:00:00,3082.0,Loan Payment,5.0,2,Good Service,Medium,1,0
32,2023-06-19 17:00:00,4128.0,Loan Payment,3.0,7,Needs Improvement,High,0,0
824,2023-06-19 18:00:00,1536.0,Purchase,8.0,9,Very Satisfied,Medium,0,0
152,2023-06-19 19:00:00,3529.0,Investment,10.0,7,Needs Improvement,Medium,0,0
859,2023-06-19 20:00:00,4901.0,Bill Payment,9.0,4,Excellent,High,0,0
260,2023-06-19 21:00:00,505.0,Loan Payment,3.0,1,Good Service,Low,0,0
728,2023-06-19 22:00:00,434.0,Bill Payment,6.0,2,Unsatisfactory,Low,0,0
279,2023-06-19 23:00:00,2757.0,Purchase,2.0,2,Good Service,Medium,0,0
285,2023-06-20 00:00:00,2075.0,Loan Payment,1.0,3,Excellent,Medium,0,0
610,2023-06-20 01:00:00,1992.0,Investment,3.0,7,Unsatisfactory,Medium,0,0
917,2023-06-20 02:00:00,1478.0,Investment,6.0,7,Needs Improvement,Medium,0,0
542,2023-06-20 03:00:00,3810.0,Loan Payment,9.0,2,Needs Improvement,High,0,0
602,2023-06-20 04:00:00,1243.0,Investment,3.0,8,Very Satisfied,Low,0,0
148,2023-06-20 05:00:00,1807.0,Purchase,10.0,1,Unsatisfactory,Medium,0,0
656,2023-06-20 06:00:00,574.0,Investment,9.0,9,Needs Improvement,Low,0,0
67,2023-06-20 07:00:00,3029.0,Bill Payment,5.0,9,Very Satisfied,Medium,0,0
945,2023-06-20 08:00:00,1314.0,Bill Payment,6.0,2,Very Satisfied,Medium,0,0
869,2023-06-20 09:00:00,142.0,Bill Payment,2.0,10,Good Service,Low,1,0
570,2023-06-20 10:00:00,458.0,Loan Payment,9.0,3,Good Service,Low,1,0
1000,2023-06-20 11:00:00,1840.0,Loan Payment,5.0,10,Unsatisfactory,Medium,1,0
940,2023-06-20 12:00:00,2168.0,Loan Payment,8.0,1,Very Satisfied,Medium,1,0
793,2023-06-20 13:00:00,3636.0,Loan Payment,4.0,2,Needs Improvement,Medium,1,0
279,2023-06-20 14:00:00,859.0,Loan Payment,2.0,2,Good Service,Low,1,0
748,2023-06-20 15:00:00,3972.0,Purchase,3.0,2,Very Satisfied,High,1,0
443,2023-06-20 16:00:00,1490.0,Loan Payment,1.0,2,Good Service,Medium,1,0
897,2023-06-20 17:00:00,910.0,Investment,4.0,5,Very Satisfied,Low,0,0
865,2023-06-20 18:00:00,4864.0,Purchase,2.0,7,Needs Improvement,High,0,0
399,2023-06-20 19:00:00,1549.0,Loan Payment,1.0,8,Excellent,Medium,0,0
128,2023-06-20 20:00:00,1909.0,Investment,5.0,2,Needs Improvement,Medium,0,0
337,2023-06-20 21:00:00,2954.0,Purchase,4.0,2,Good Service,Medium,0,0
482,2023-06-20 22:00:00,4967.0,Bill Payment,1.0,10,Unsatisfactory,High,0,0
721,2023-06-20 23:00:00,3254.0,Purchase,4.0,3,Good Service,Medium,0,0
948,2023-06-21 00:00:00,524.0,Loan Payment,6.0,6,Unsatisfactory,Low,0,0
186,2023-06-21 01:00:00,1601.0,Purchase,7.0,3,Needs Improvement,Medium,0,0
169,2023-06-21 02:00:00,93.0,Purchase,7.0,2,Good Service,Low,0,0
684,2023-06-21 03:00:00,3752.0,Bill Payment,5.0,5,Very Satisfied,High,0,0
260,2023-06-21 04:00:00,4903.0,Purchase,3.0,1,Good Service,High,0,0
717,2023-06-21 05:00:00,2137.0,Purchase,2.0,9,Very Satisfied,Medium,0,0
964,2023-06-21 06:00:00,1611.0,Bill Payment,6.0,4,Very Satisfied,Medium,0,0
647,2023-06-21 07:00:00,4627.0,Loan Payment,10.0,5,Very Satisfied,High,0,0
558,2023-06-21 08:00:00,1232.0,Investment,1.0,1,Good Service,Low,0,0
507,2023-06-21 09:00:00,4339.0,Purchase,8.0,10,Needs Improvement,High,1,0
521,2023-06-21 10:00:00,1852.0,Bill Payment,7.0,10,Good Service,Medium,1,0
471,2023-06-21 11:00:00,2301.0,Purchase,6.0,8,Needs Improvement,Medium,1,0
161,2023-06-21 12:00:00,1599.0,Loan Payment,5.0,2,Good Service,Medium,1,0
289,2023-06-21 13:00:00,2906.0,Loan Payment,9.0,1,Good Service,Medium,1,0
340,2023-06-21 14:00:00,4498.0,Bill Payment,5.0,9,Good Service,High,1,0
900,2023-06-21 15:00:00,18.0,Investment,6.0,4,Needs Improvement,Low,1,0
833,2023-06-21 16:00:00,4718.0,Investment,2.0,8,Very Satisfied,High,1,0
502,2023-06-21 17:00:00,724.0,Purchase,3.0,6,Good Service,Low,0,0
106,2023-06-21 18:00:00,1937.0,Bill Payment,1.0,7,Excellent,Medium,0,0
802,2023-06-21 19:00:00,119.0,Investment,5.0,7,Needs Improvement,Low,0,0
475,2023-06-21 20:00:00,4939.0,Loan Payment,6.0,5,Very Satisfied,High,0,0
853,2023-06-21 21:00:00,275.0,Investment,8.0,10,Good Service,Low,0,0
600,2023-06-21 22:00:00,3233.0,Bill Payment,4.0,8,Excellent,Medium,0,0
463,2023-06-21 23:00:00,964.0,Loan Payment,5.0,7,Unsatisfactory,Low,0,0
483,2023-06-22 00:00:00,1359.0,Purchase,10.0,5,Needs Improvement,Medium,0,0
704,2023-06-22 01:00:00,1584.0,Loan Payment,10.0,1,Excellent,Medium,0,0
153,2023-06-22 02:00:00,2233.0,Investment,5.0,9,Good Service,Medium,0,0
823,2023-06-22 03:00:00,3841.0,Investment,8.0,4,Unsatisfactory,High,0,0
649,2023-06-22 04:00:00,3265.0,Investment,10.0,2,Unsatisfactory,Medium,0,0
785,2023-06-22 05:00:00,1068.0,Purchase,8.0,5,Needs Improvement,Low,0,0
149,2023-06-22 06:00:00,1967.0,Investment,5.0,5,Good Service,Medium,0,0
188,2023-06-22 07:00:00,4954.0,Bill Payment,8.0,1,Good Service,High,0,0
653,2023-06-22 08:00:00,3157.0,Purchase,7.0,7,Needs Improvement,Medium,0,0
131,2023-06-22 09:00:00,2529.0,Loan Payment,8.0,7,Needs Improvement,Medium,1,0
452,2023-06-22 10:00:00,3663.0,Investment,7.0,4,Needs Improvement,Medium,1,0
516,2023-06-22 11:00:00,2580.0,Bill Payment,7.0,5,Good Service,Medium,1,0
491,2023-06-22 12:00:00,2937.0,Bill Payment,4.0,4,Very Satisfied,Medium,1,0
476,2023-06-22 13:00:00,3897.0,Purchase,10.0,1,Good Service,High,1,0
263,2023-06-22 14:00:00,897.0,Bill Payment,9.0,6,Very Satisfied,Low,1,0
538,2023-06-22 15:00:00,754.0,Purchase,6.0,2,Unsatisfactory,Low,1,0
459,2023-06-22 16:00:00,3524.0,Purchase,4.0,4,Needs Improvement,Medium,1,0
536,2023-06-22 17:00:00,2940.0,Purchase,4.0,7,Excellent,Medium,0,0
778,2023-06-22 18:00:00,2689.0,Loan Payment,3.0,6,Needs Improvement,Medium,0,0
741,2023-06-22 19:00:00,185.0,Loan Payment,7.0,9,Good Service,Low,0,0
781,2023-06-22 20:00:00,575.0,Bill Payment,2.0,6,Needs Improvement,Low,0,0
637,2023-06-22 21:00:00,3227.0,Loan Payment,1.0,6,Very Satisfied,Medium,0,0
684,2023-06-22 22:00:00,4367.0,Purchase,5.0,5,Very Satisfied,High,0,0
746,2023-06-22 23:00:00,4636.0,Purchase,4.0,9,Very Satisfied,High,0,0
295,2023-06-23 00:00:00,1404.0,Loan Payment,1.0,9,Excellent,Medium,0,0
915,2023-06-23 01:00:00,1230.0,Bill Payment,5.0,1,Excellent,Low,0,0
435,2023-06-23 02:00:00,957.0,Purchase,4.0,3,Very Satisfied,Low,0,0
275,2023-06-23 03:00:00,594.0,Loan Payment,5.0,8,Unsatisfactory,Low,0,0
588,2023-06-23 04:00:00,2872.0,Investment,2.0,7,Good Service,Medium,0,0
308,2023-06-23 05:00:00,1630.0,Bill Payment,1.0,5,Unsatisfactory,Medium,0,0
726,2023-06-23 06:00:00,3365.0,Bill Payment,3.0,7,Good Service,Medium,0,0
943,2023-06-23 07:00:00,2359.0,Bill Payment,8.0,1,Very Satisfied,Medium,0,0
997,2023-06-23 08:00:00,3201.0,Investment,2.0,4,Good Service,Medium,0,0
376,2023-06-23 09:00:00,3217.0,Purchase,7.0,9,Very Satisfied,Medium,1,0
158,2023-06-23 10:00:00,2586.0,Bill Payment,5.0,4,Very Satisfied,Medium,1,0
814,2023-06-23 11:00:00,541.0,Loan Payment,3.0,5,Very Satisfied,Low,1,0
204,2023-06-23 12:00:00,1241.0,Bill Payment,7.0,3,Good Service,Low,1,0
989,2023-06-23 13:00:00,2003.0,Loan Payment,1.0,1,Unsatisfactory,Medium,1,0
661,2023-06-23 14:00:00,1707.0,Bill Payment,10.0,4,Unsatisfactory,Medium,1,0
75,2023-06-23 15:00:00,3380.0,Loan Payment,7.0,6,Needs Improvement,Medium,1,0
380,2023-06-23 16:00:00,1555.0,Loan Payment,1.0,5,Very Satisfied,Medium,1,0
741,2023-06-23 17:00:00,3175.0,Loan Payment,7.0,9,Good Service,Medium,0,0
304,2023-06-23 18:00:00,1447.0,Investment,4.0,1,Good Service,Medium,0,0
62,2023-06-23 19:00:00,380.0,Investment,8.0,5,Good Service,Low,0,0
570,2023-06-23 20:00:00,4514.0,Investment,9.0,3,Good Service,High,0,0
786,2023-06-23 21:00:00,626.0,Purchase,5.0,10,Good Service,Low,0,0
108,2023-06-23 22:00:00,4176.0,Loan Payment,2.0,3,Unsatisfactory,High,0,0
187,2023-06-23 23:00:00,4024.0,Purchase,2.0,6,Excellent,High,0,0
987,2023-06-24 00:00:00,4189.0,Investment,7.0,8,Unsatisfactory,High,0,1
229,2023-06-24 01:00:00,2266.0,Loan Payment,3.0,3,Unsatisfactory,Medium,0,1
48,2023-06-24 02:00:00,4364.0,Purchase,2.0,4,Very Satisfied,High,0,1
831,2023-06-24 03:00:00,3320.0,Investment,3.0,4,Good Service,Medium,0,1
268,2023-06-24 04:00:00,941.0,Purchase,7.0,5,Excellent,Low,0,1
727,2023-06-24 05:00:00,2339.0,Purchase,9.0,3,Excellent,Medium,0,1
802,2023-06-24 06:00:00,403.0,Investment,5.0,7,Needs Improvement,Low,0,1
254,2023-06-24 07:00:00,2475.0,Loan Payment,3.0,1,Very Satisfied,Medium,0,1
957,2023-06-24 08:00:00,3287.0,Bill Payment,6.0,3,Good Service,Medium,0,1
870,2023-06-24 09:00:00,1939.0,Bill Payment,8.0,2,Needs Improvement,Medium,1,1
87,2023-06-24 10:00:00,635.0,Purchase,5.0,3,Unsatisfactory,Low,1,1
181,2023-06-24 11:00:00,4667.0,Purchase,2.0,9,Good Service,High,1,1
25,2023-06-24 12:00:00,2889.0,Purchase,1.0,8,Good Service,Medium,1,1
958,2023-06-24 13:00:00,3176.0,Loan Payment,2.0,9,Very Satisfied,Medium,1,1
388,2023-06-24 14:00:00,3432.0,Purchase,5.0,9,Excellent,Medium,1,1
222,2023-06-24 15:00:00,2119.0,Purchase,4.0,4,Unsatisfactory,Medium,1,1
990,2023-06-24 16:00:00,1175.0,Purchase,5.0,10,Needs Improvement,Low,1,1
397,2023-06-24 17:00:00,2791.0,Investment,9.0,8,Excellent,Medium,0,1
938,2023-06-24 18:00:00,1901.0,Bill Payment,9.0,10,Good Service,Medium,0,1
511,2023-06-24 19:00:00,3192.0,Bill Payment,10.0,3,Needs Improvement,Medium,0,1
561,2023-06-24 20:00:00,1649.0,Investment,7.0,7,Needs Improvement,Medium,0,1
846,2023-06-24 21:00:00,791.0,Loan Payment,8.0,3,Good Service,Low,0,1
440,2023-06-24 22:00:00,4702.0,Loan Payment,7.0,6,Good Service,High,0,1
175,2023-06-24 23:00:00,2066.0,Loan Payment,7.0,7,Good Service,Medium,0,1
904,2023-06-25 00:00:00,2333.0,Investment,2.0,10,Unsatisfactory,Medium,0,1
311,2023-06-25 01:00:00,2284.0,Bill Payment,4.0,9,Needs Improvement,Medium,0,1
984,2023-06-25 02:00:00,2243.0,Bill Payment,7.0,10,Unsatisfactory,Medium,0,1
274,2023-06-25 03:00:00,2648.0,Purchase,4.0,5,Excellent,Medium,0,1
35,2023-06-25 04:00:00,3297.0,Bill Payment,6.0,9,Needs Improvement,Medium,0,1
217,2023-06-25 05:00:00,2490.0,Loan Payment,2.0,7,Excellent,Medium,0,1
721,2023-06-25 06:00:00,2626.0,Loan Payment,4.0,3,Good Service,Medium,0,1
672,2023-06-25 07:00:00,365.0,Purchase,8.0,5,Good Service,Low,0,1
408,2023-06-25 08:00:00,4497.0,Purchase,9.0,10,Unsatisfactory,High,0,1
519,2023-06-25 09:00:00,4684.0,Bill Payment,9.0,5,Needs Improvement,High,1,1
269,2023-06-25 10:00:00,3356.0,Purchase,2.0,10,Good Service,Medium,1,1
638,2023-06-25 11:00:00,3532.0,Purchase,3.0,4,Unsatisfactory,Medium,1,1
475,2023-06-25 12:00:00,2477.0,Investment,6.0,5,Very Satisfied,Medium,1,1
880,2023-06-25 13:00:00,173.0,Bill Payment,8.0,4,Good Service,Low,1,1
325,2023-06-25 14:00:00,3644.0,Loan Payment,10.0,8,Needs Improvement,Medium,1,1
356,2023-06-25 15:00:00,4743.0,Investment,9.0,2,Good Service,High,1,1
90,2023-06-25 16:00:00,3673.0,Loan Payment,2.0,6,Very Satisfied,Medium,1,1
42,2023-06-25 17:00:00,3264.0,Purchase,9.0,3,Unsatisfactory,Medium,0,1
365,2023-06-25 18:00:00,3391.0,Purchase,1.0,8,Good Service,Medium,0,1
671,2023-06-25 19:00:00,2074.0,Loan Payment,9.0,3,Needs Improvement,Medium,0,1
202,2023-06-25 20:00:00,4275.0,Investment,2.0,3,Good Service,High,0,1
366,2023-06-25 21:00:00,3994.0,Investment,4.0,1,Excellent,High,0,1
794,2023-06-25 22:00:00,3897.0,Investment,4.0,6,Excellent,High,0,1
982,2023-06-25 23:00:00,349.0,Purchase,9.0,8,Unsatisfactory,Low,0,1
844,2023-06-26 00:00:00,4831.0,Bill Payment,9.0,6,Very Satisfied,High,0,0
288,2023-06-26 01:00:00,3791.0,Purchase,3.0,4,Unsatisfactory,High,0,0
603,2023-06-26 02:00:00,3600.0,Loan Payment,9.0,1,Very Satisfied,Medium,0,0
481,2023-06-26 03:00:00,1943.0,Investment,7.0,9,Good Service,Medium,0,0
637,2023-06-26 04:00:00,1655.0,Bill Payment,1.0,6,Very Satisfied,Medium,0,0
501,2023-06-26 05:00:00,4238.0,Investment,1.0,1,Good Service,High,0,0
638,2023-06-26 06:00:00,2697.0,Purchase,3.0,4,Unsatisfactory,Medium,0,0
52,2023-06-26 07:00:00,4928.0,Bill Payment,6.0,7,Good Service,High,0,0
916,2023-06-26 08:00:00,2136.0,Bill Payment,6.0,3,Needs Improvement,Medium,0,0
103,2023-06-26 09:00:00,4451.0,Purchase,4.0,2,Needs Improvement,High,1,0
361,2023-06-26 10:00:00,4714.0,Investment,4.0,2,Good Service,High,1,0
424,2023-06-26 11:00:00,648.0,Investment,5.0,7,Very Satisfied,Low,1,0
699,2023-06-26 12:00:00,1234.0,Investment,6.0,3,Good Service,Low,1,0
205,2023-06-26 13:00:00,3715.0,Purchase,1.0,9,Unsatisfactory,High,1,0
14,2023-06-26 14:00:00,3920.0,Loan Payment,10.0,5,Very Satisfied,High,1,0
940,2023-06-26 15:00:00,4255.0,Loan Payment,8.0,1,Very Satisfied,High,1,0
616,2023-06-26 16:00:00,1559.0,Investment,7.0,6,Excellent,Medium,1,0
629,2023-06-26 17:00:00,4155.0,Bill Payment,7.0,8,Very Satisfied,High,0,0
470,2023-06-26 18:00:00,1515.0,Loan Payment,10.0,4,Good Service,Medium,0,0
466,2023-06-26 19:00:00,4440.0,Investment,9.0,10,Unsatisfactory,High,0,0
304,2023-06-26 20:00:00,1385.0,Loan Payment,4.0,1,Good Service,Medium,0,0
605,2023-06-26 21:00:00,677.0,Investment,6.0,6,Very Satisfied,Low,0,0
427,2023-06-26 22:00:00,2384.0,Loan Payment,2.0,2,Very Satisfied,Medium,0,0
656,2023-06-26 23:00:00,4100.0,Loan Payment,9.0,9,Needs Improvement,High,0,0
110,2023-06-27 00:00:00,1025.0,Bill Payment,1.0,4,Needs Improvement,Low,0,0
675,2023-06-27 01:00:00,345.0,Bill Payment,1.0,2,Unsatisfactory,Low,0,0
565,2023-06-27 02:00:00,4771.0,Loan Payment,7.0,10,Unsatisfactory,High,0,0
930,2023-06-27 03:00:00,90.0,Investment,3.0,8,Unsatisfactory,Low,0,0
515,2023-06-27 04:00:00,2144.0,Bill Payment,5.0,3,Very Satisfied,Medium,0,0
68,2023-06-27 05:00:00,1809.0,Purchase,4.0,1,Excellent,Medium,0,0
246,2023-06-27 06:00:00,267.0,Bill Payment,9.0,4,Needs Improvement,Low,0,0
389,2023-06-27 07:00:00,194.0,Loan Payment,7.0,5,Very Satisfied,Low,0,0
650,2023-06-27 08:00:00,132.0,Loan Payment,10.0,10,Very Satisfied,Low,0,0
308,2023-06-27 09:00:00,4710.0,Purchase,1.0,5,Unsatisfactory,High,1,0
925,2023-06-27 10:00:00,3524.0,Bill Payment,1.0,6,Unsatisfactory,Medium,1,0
352,2023-06-27 11:00:00,1404.0,Loan Payment,8.0,7,Unsatisfactory,Medium,1,0
799,2023-06-27 12:00:00,2362.0,Purchase,10.0,9,Good Service,Medium,1,0
66,2023-06-27 13:00:00,3229.0,Purchase,6.0,5,Good Service,Medium,1,0
460,2023-06-27 14:00:00,1318.0,Investment,2.0,4,Very Satisfied,Medium,1,0
347,2023-06-27 15:00:00,3954.0,Bill Payment,6.0,9,Excellent,High,1,0
325,2023-06-27 16:00:00,1951.0,Bill Payment,10.0,8,Needs Improvement,Medium,1,0
933,2023-06-27 17:00:00,500.0,Bill Payment,7.0,7,Unsatisfactory,Low,0,0
667,2023-06-27 18:00:00,1064.0,Loan Payment,4.0,5,Excellent,Low,0,0
599,2023-06-27 19:00:00,711.0,Purchase,5.0,7,Unsatisfactory,Low,0,0
33,2023-06-27 20:00:00,2944.0,Investment,2.0,10,Unsatisfactory,Medium,0,0
68,2023-06-27 21:00:00,4705.0,Bill Payment,4.0,1,Excellent,High,0,0
187,2023-06-27 22:00:00,1144.0,Investment,2.0,6,Excellent,Low,0,0
192,2023-06-27 23:00:00,89.0,Investment,10.0,9,Unsatisfactory,Low,0,0
213,2023-06-28 00:00:00,845.0,Purchase,4.0,4,Very Satisfied,Low,0,0
600,2023-06-28 01:00:00,661.0,Bill Payment,4.0,8,Excellent,Low,0,0
428,2023-06-28 02:00:00,426.0,Investment,4.0,4,Unsatisfactory,Low,0,0
351,2023-06-28 03:00:00,3690.0,Bill Payment,9.0,8,Very Satisfied,High,0,0
108,2023-06-28 04:00:00,3876.0,Bill Payment,2.0,3,Unsatisfactory,High,0,0
240,2023-06-28 05:00:00,755.0,Bill Payment,3.0,6,Needs Improvement,Low,0,0
216,2023-06-28 06:00:00,2012.0,Investment,4.0,10,Unsatisfactory,Medium,0,0
177,2023-06-28 07:00:00,249.0,Purchase,8.0,4,Needs Improvement,Low,0,0
565,2023-06-28 08:00:00,2903.0,Purchase,7.0,10,Unsatisfactory,Medium,0,0
330,2023-06-28 09:00:00,1954.0,Investment,3.0,3,Unsatisfactory,Medium,1,0
561,2023-06-28 10:00:00,865.0,Loan Payment,7.0,7,Needs Improvement,Low,1,0
881,2023-06-28 11:00:00,3525.0,Bill Payment,2.0,3,Very Satisfied,Medium,1,0
626,2023-06-28 12:00:00,2656.0,Bill Payment,8.0,2,Good Service,Medium,1,0
450,2023-06-28 13:00:00,3204.0,Purchase,7.0,10,Very Satisfied,Medium,1,0
607,2023-06-28 14:00:00,4525.0,Investment,10.0,9,Good Service,High,1,0
447,2023-06-28 15:00:00,4814.0,Investment,5.0,6,Needs Improvement,High,1,0
537,2023-06-28 16:00:00,2608.0,Loan Payment,1.0,3,Very Satisfied,Medium,1,0
644,2023-06-28 17:00:00,1363.0,Loan Payment,5.0,5,Unsatisfactory,Medium,0,0
179,2023-06-28 18:00:00,2045.0,Purchase,4.0,5,Very Satisfied,Medium,0,0
395,2023-06-28 19:00:00,2890.0,Loan Payment,6.0,8,Needs Improvement,Medium,0,0
145,2023-06-28 20:00:00,689.0,Loan Payment,4.0,10,Excellent,Low,0,0
876,2023-06-28 21:00:00,496.0,Investment,1.0,2,Good Service,Low,0,0
962,2023-06-28 22:00:00,3630.0,Investment,7.0,9,Very Satisfied,Medium,0,0
198,2023-06-28 23:00:00,3660.0,Loan Payment,10.0,7,Needs Improvement,Medium,0,0
969,2023-06-29 00:00:00,4728.0,Purchase,2.0,2,Unsatisfactory,High,0,0
837,2023-06-29 01:00:00,1448.0,Loan Payment,6.0,7,Very Satisfied,Medium,0,0
84,2023-06-29 02:00:00,4324.0,Purchase,2.0,5,Very Satisfied,High,0,0
669,2023-06-29 03:00:00,1494.0,Loan Payment,5.0,5,Very Satisfied,Medium,0,0
85,2023-06-29 04:00:00,700.0,Investment,7.0,10,Very Satisfied,Low,0,0
457,2023-06-29 05:00:00,1022.0,Investment,7.0,8,Good Service,Low,0,0
476,2023-06-29 06:00:00,4552.0,Purchase,10.0,1,Good Service,High,0,0
253,2023-06-29 07:00:00,2357.0,Loan Payment,8.0,3,Needs Improvement,Medium,0,0
887,2023-06-29 08:00:00,3718.0,Loan Payment,6.0,5,Good Service,High,0,0
72,2023-06-29 09:00:00,4480.0,Purchase,3.0,4,Unsatisfactory,High,1,0
223,2023-06-29 10:00:00,1932.0,Loan Payment,2.0,4,Very Satisfied,Medium,1,0
276,2023-06-29 11:00:00,647.0,Bill Payment,10.0,5,Good Service,Low,1,0
795,2023-06-29 12:00:00,3018.0,Investment,10.0,2,Good Service,Medium,1,0
776,2023-06-29 13:00:00,2243.0,Investment,5.0,6,Needs Improvement,Medium,1,0
246,2023-06-29 14:00:00,2135.0,Purchase,9.0,4,Needs Improvement,Medium,1,0
341,2023-06-29 15:00:00,3467.0,Loan Payment,7.0,7,Needs Improvement,Medium,1,0
573,2023-06-29 16:00:00,4299.0,Purchase,10.0,3,Very Satisfied,High,1,0
924,2023-06-29 17:00:00,3184.0,Bill Payment,7.0,4,Very Satisfied,Medium,0,0
471,2023-06-29 18:00:00,3698.0,Loan Payment,6.0,8,Needs Improvement,High,0,0
454,2023-06-29 19:00:00,1409.0,Bill Payment,9.0,2,Unsatisfactory,Medium,0,0
771,2023-06-29 20:00:00,2344.0,Purchase,2.0,4,Excellent,Medium,0,0
965,2023-06-29 21:00:00,1515.0,Investment,7.0,2,Very Satisfied,Medium,0,0
969,2023-06-29 22:00:00,259.0,Bill Payment,2.0,2,Unsatisfactory,Low,0,0
7,2023-06-29 23:00:00,545.0,Loan Payment,3.0,2,Needs Improvement,Low,0,0
188,2023-06-30 00:00:00,3542.0,Purchase,8.0,1,Good Service,Medium,0,0
4,2023-06-30 01:00:00,3559.0,Purchase,7.0,4,Needs Improvement,Medium,0,0
743,2023-06-30 02:00:00,467.0,Purchase,5.0,8,Unsatisfactory,Low,0,0
645,2023-06-30 03:00:00,2748.0,Investment,3.0,6,Needs Improvement,Medium,0,0
907,2023-06-30 04:00:00,3379.0,Purchase,2.0,4,Excellent,Medium,0,0
125,2023-06-30 05:00:00,4145.0,Purchase,2.0,1,Needs Improvement,High,0,0
15,2023-06-30 06:00:00,3706.0,Investment,1.0,10,Needs Improvement,High,0,0
960,2023-06-30 07:00:00,3421.0,Purchase,4.0,8,Very Satisfied,Medium,0,0
994,2023-06-30 08:00:00,4079.0,Purchase,5.0,2,Needs Improvement,High,0,0
525,2023-06-30 09:00:00,3397.0,Bill Payment,7.0,1,Excellent,Medium,1,0
630,2023-06-30 10:00:00,3195.0,Purchase,4.0,5,Good Service,Medium,1,0
240,2023-06-30 11:00:00,3248.0,Investment,3.0,6,Needs Improvement,Medium,1,0
775,2023-06-30 12:00:00,270.0,Bill Payment,10.0,10,Needs Improvement,Low,1,0
360,2023-06-30 13:00:00,1257.0,Purchase,9.0,9,Needs Improvement,Low,1,0
518,2023-06-30 14:00:00,3343.0,Investment,2.0,6,Good Service,Medium,1,0
952,2023-06-30 15:00:00,3332.0,Loan Payment,9.0,10,Very Satisfied,Medium,1,0
320,2023-06-30 16:00:00,2583.0,Purchase,8.0,9,Excellent,Medium,1,0
231,2023-06-30 17:00:00,2460.0,Loan Payment,5.0,10,Unsatisfactory,Medium,0,0
946,2023-06-30 18:00:00,1239.0,Bill Payment,10.0,7,Unsatisfactory,Low,0,0
30,2023-06-30 19:00:00,3221.0,Investment,3.0,7,Unsatisfactory,Medium,0,0
534,2023-06-30 20:00:00,3143.0,Bill Payment,5.0,10,Good Service,Medium,0,0
921,2023-06-30 21:00:00,1316.0,Loan Payment,1.0,5,Good Service,Medium,0,0
156,2023-06-30 22:00:00,2111.0,Loan Payment,4.0,8,Very Satisfied,Medium,0,0
630,2023-06-30 23:00:00,145.0,Loan Payment,4.0,5,Good Service,Low,0,0
852,2023-07-01 00:00:00,2387.0,Investment,3.0,5,Excellent,Medium,0,1
935,2023-07-01 01:00:00,1469.0,Loan Payment,1.0,9,Excellent,Medium,0,1
963,2023-07-01 02:00:00,4241.0,Loan Payment,7.0,8,Excellent,High,0,1
901,2023-07-01 03:00:00,822.0,Investment,8.0,8,Unsatisfactory,Low,0,1
705,2023-07-01 04:00:00,861.0,Loan Payment,8.0,4,Unsatisfactory,Low,0,1
399,2023-07-01 05:00:00,1754.0,Purchase,1.0,8,Excellent,Medium,0,1
346,2023-07-01 06:00:00,1948.0,Loan Payment,8.0,6,Unsatisfactory,Medium,0,1
195,2023-07-01 07:00:00,880.0,Investment,3.0,8,Unsatisfactory,Low,0,1
168,2023-07-01 08:00:00,644.0,Loan Payment,1.0,6,Unsatisfactory,Low,0,1
377,2023-07-01 09:00:00,678.0,Investment,4.0,9,Very Satisfied,Low,1,1
489,2023-07-01 10:00:00,1303.0,Loan Payment,9.0,6,Unsatisfactory,Medium,1,1
751,2023-07-01 11:00:00,3098.0,Purchase,10.0,10,Unsatisfactory,Medium,1,1
362,2023-07-01 12:00:00,278.0,Investment,5.0,3,Excellent,Low,1,1
482,2023-07-01 13:00:00,870.0,Investment,1.0,10,Unsatisfactory,Low,1,1
244,2023-07-01 14:00:00,491.0,Investment,2.0,4,Very Satisfied,Low,1,1
581,2023-07-01 15:00:00,3300.0,Investment,8.0,2,Very Satisfied,Medium,1,1
607,2023-07-01 16:00:00,3400.0,Loan Payment,10.0,9,Good Service,Medium,1,1
589,2023-07-01 17:00:00,2460.0,Loan Payment,2.0,6,Unsatisfactory,Medium,0,1
171,2023-07-01 18:00:00,2342.0,Purchase,3.0,1,Needs Improvement,Medium,0,1
513,2023-07-01 19:00:00,112.0,Purchase,4.0,9,Good Service,Low,0,1
406,2023-07-01 20:00:00,3804.0,Loan Payment,7.0,5,Excellent,High,0,1
574,2023-07-01 21:00:00,4897.0,Bill Payment,10.0,9,Good Service,High,0,1
207,2023-07-01 22:00:00,4344.0,Investment,1.0,1,Good Service,High,0,1
154,2023-07-01 23:00:00,2702.0,Loan Payment,3.0,6,Good Service,Medium,0,1
786,2023-07-02 00:00:00,3681.0,Purchase,5.0,10,Good Service,Medium,0,1
48,2023-07-02 01:00:00,891.0,Investment,2.0,4,Very Satisfied,Low,0,1
649,2023-07-02 02:00:00,2245.0,Purchase,10.0,2,Unsatisfactory,Medium,0,1
1,2023-07-02 03:00:00,4993.0,Bill Payment,10.0,9,Very Satisfied,High,0,1
747,2023-07-02 04:00:00,3044.0,Investment,8.0,1,Unsatisfactory,Medium,0,1
905,2023-07-02 05:00:00,4899.0,Bill Payment,3.0,5,Needs Improvement,High,0,1
768,2023-07-02 06:00:00,2587.0,Bill Payment,6.0,5,Excellent,Medium,0,1
407,2023-07-02 07:00:00,685.0,Bill Payment,4.0,3,Good Service,Low,0,1
107,2023-07-02 08:00:00,2449.0,Loan Payment,10.0,6,Unsatisfactory,Medium,0,1
173,2023-07-02 09:00:00,1691.0,Purchase,7.0,2,Needs Improvement,Medium,1,1
506,2023-07-02 10:00:00,1286.0,Investment,5.0,2,Needs Improvement,Medium,1,1
130,2023-07-02 11:00:00,4777.0,Loan Payment,1.0,7,Unsatisfactory,High,1,1
398,2023-07-02 12:00:00,3257.0,Purchase,7.0,5,Needs Improvement,Medium,1,1
294,2023-07-02 13:00:00,4944.0,Loan Payment,9.0,2,Very Satisfied,High,1,1
552,2023-07-02 14:00:00,3658.0,Purchase,1.0,8,Excellent,Medium,1,1
447,2023-07-02 15:00:00,1322.0,Investment,5.0,6,Needs Improvement,Medium,1,1
850,2023-07-02 16:00:00,1083.0,Investment,8.0,9,Excellent,Low,1,1
16,2023-07-02 17:00:00,4109.0,Investment,7.0,2,Excellent,High,0,1
639,2023-07-02 18:00:00,1664.0,Investment,10.0,4,Unsatisfactory,Medium,0,1
885,2023-07-02 19:00:00,3757.0,Purchase,7.0,9,Needs Improvement,High,0,1
349,2023-07-02 20:00:00,4098.0,Loan Payment,3.0,10,Needs Improvement,High,0,1
203,2023-07-02 21:00:00,1903.0,Investment,4.0,8,Very Satisfied,Medium,0,1
134,2023-07-02 22:00:00,1295.0,Investment,4.0,9,Unsatisfactory,Medium,0,1
771,2023-07-02 23:00:00,544.0,Investment,2.0,4,Excellent,Low,0,1
526,2023-07-03 00:00:00,3457.0,Bill Payment,5.0,5,Good Service,Medium,0,0
508,2023-07-03 01:00:00,1389.0,Investment,2.0,7,Needs Improvement,Medium,0,0
66,2023-07-03 02:00:00,655.0,Investment,6.0,5,Good Service,Low,0,0
480,2023-07-03 03:00:00,33.0,Purchase,2.0,3,Unsatisfactory,Low,0,0
863,2023-07-03 04:00:00,4662.0,Bill Payment,9.0,3,Good Service,High,0,0
459,2023-07-03 05:00:00,4461.0,Purchase,4.0,4,Needs Improvement,High,0,0
342,2023-07-03 06:00:00,4975.0,Loan Payment,3.0,2,Unsatisfactory,High,0,0
707,2023-07-03 07:00:00,4680.0,Bill Payment,2.0,2,Needs Improvement,High,0,0
626,2023-07-03 08:00:00,4134.0,Purchase,8.0,2,Good Service,High,0,0
159,2023-07-03 09:00:00,374.0,Purchase,1.0,3,Good Service,Low,1,0
161,2023-07-03 10:00:00,2665.0,Loan Payment,5.0,2,Good Service,Medium,1,0
254,2023-07-03 11:00:00,418.0,Loan Payment,3.0,1,Very Satisfied,Low,1,0
984,2023-07-03 12:00:00,1324.0,Investment,7.0,10,Unsatisfactory,Medium,1,0
897,2023-07-03 13:00:00,228.0,Investment,4.0,5,Very Satisfied,Low,1,0
940,2023-07-03 14:00:00,4713.0,Bill Payment,8.0,1,Very Satisfied,High,1,0
527,2023-07-03 15:00:00,2460.0,Bill Payment,9.0,2,Very Satisfied,Medium,1,0
549,2023-07-03 16:00:00,3443.0,Loan Payment,7.0,3,Needs Improvement,Medium,1,0
155,2023-07-03 17:00:00,4963.0,Bill Payment,3.0,1,Needs Improvement,High,0,0
486,2023-07-03 18:00:00,1612.0,Investment,1.0,1,Unsatisfactory,Medium,0,0
432,2023-07-03 19:00:00,2714.0,Loan Payment,8.0,3,Needs Improvement,Medium,0,0
27,2023-07-03 20:00:00,3658.0,Purchase,6.0,5,Unsatisfactory,Medium,0,0
12,2023-07-03 21:00:00,1115.0,Loan Payment,6.0,3,Unsatisfactory,Low,0,0
67,2023-07-03 22:00:00,3421.0,Bill Payment,5.0,9,Very Satisfied,Medium,0,0
542,2023-07-03 23:00:00,2498.0,Investment,9.0,2,Needs Improvement,Medium,0,0
96,2023-07-04 00:00:00,626.0,Investment,2.0,1,Unsatisfactory,Low,0,0
215,2023-07-04 01:00:00,4331.0,Purchase,3.0,9,Very Satisfied,High,0,0
194,2023-07-04 02:00:00,2428.0,Purchase,3.0,7,Good Service,Medium,0,0
647,2023-07-04 03:00:00,37.0,Loan Payment,10.0,5,Very Satisfied,Low,0,0
290,2023-07-04 04:00:00,3065.0,Investment,4.0,10,Needs Improvement,Medium,0,0
544,2023-07-04 05:00:00,25.0,Purchase,5.0,5,Good Service,Low,0,0
885,2023-07-04 06:00:00,3358.0,Purchase,7.0,9,Needs Improvement,Medium,0,0
39,2023-07-04 07:00:00,342.0,Loan Payment,1.0,7,Good Service,Low,0,0
864,2023-07-04 08:00:00,2460.0,Loan Payment,10.0,4,Good Service,Medium,0,0
939,2023-07-04 09:00:00,4671.0,Investment,9.0,9,Excellent,High,1,0
939,2023-07-04 10:00:00,2171.0,Bill Payment,9.0,9,Excellent,Medium,1,0
206,2023-07-04 11:00:00,2095.0,Bill Payment,3.0,3,Good Service,Medium,1,0
899,2023-07-04 12:00:00,4559.0,Investment,9.0,5,Needs Improvement,High,1,0
942,2023-07-04 13:00:00,3963.0,Bill Payment,2.0,3,Good Service,High,1,0
928,2023-07-04 14:00:00,2799.0,Investment,6.0,2,Needs Improvement,Medium,1,0
555,2023-07-04 15:00:00,4271.0,Investment,10.0,5,Very Satisfied,High,1,0
484,2023-07-04 16:00:00,2262.0,Purchase,5.0,10,Excellent,Medium,1,0
337,2023-07-04 17:00:00,4983.0,Bill Payment,4.0,2,Good Service,High,0,0
496,2023-07-04 18:00:00,254.0,Investment,5.0,7,Needs Improvement,Low,0,0
771,2023-07-04 19:00:00,1904.0,Bill Payment,2.0,4,Excellent,Medium,0,0
249,2023-07-04 20:00:00,1366.0,Bill Payment,10.0,7,Needs Improvement,Medium,0,0
74,2023-07-04 21:00:00,952.0,Loan Payment,7.0,9,Unsatisfactory,Low,0,0
373,2023-07-04 22:00:00,3477.0,Bill Payment,6.0,6,Needs Improvement,Medium,0,0
831,2023-07-04 23:00:00,3202.0,Investment,3.0,4,Good Service,Medium,0,0
879,2023-07-05 00:00:00,1755.0,Purchase,4.0,2,Unsatisfactory,Medium,0,0
808,2023-07-05 01:00:00,4515.0,Bill Payment,8.0,4,Needs Improvement,High,0,0
786,2023-07-05 02:00:00,2367.0,Investment,5.0,10,Good Service,Medium,0,0
835,2023-07-05 03:00:00,3889.0,Loan Payment,6.0,8,Unsatisfactory,High,0,0
871,2023-07-05 04:00:00,3787.0,Bill Payment,5.0,4,Good Service,High,0,0
702,2023-07-05 05:00:00,2125.0,Purchase,10.0,10,Very Satisfied,Medium,0,0
138,2023-07-05 06:00:00,2277.0,Bill Payment,9.0,10,Good Service,Medium,0,0
948,2023-07-05 07:00:00,2277.0,Investment,6.0,6,Unsatisfactory,Medium,0,0
457,2023-07-05 08:00:00,1506.0,Bill Payment,7.0,8,Good Service,Medium,0,0
814,2023-07-05 09:00:00,2806.0,Bill Payment,3.0,5,Very Satisfied,Medium,1,0
823,2023-07-05 10:00:00,4491.0,Loan Payment,8.0,4,Unsatisfactory,High,1,0
942,2023-07-05 11:00:00,939.0,Bill Payment,2.0,3,Good Service,Low,1,0
843,2023-07-05 12:00:00,3334.0,Purchase,10.0,8,Unsatisfactory,Medium,1,0
444,2023-07-05 13:00:00,4510.0,Bill Payment,10.0,4,Unsatisfactory,High,1,0
353,2023-07-05 14:00:00,4597.0,Loan Payment,6.0,6,Excellent,High,1,0
996,2023-07-05 15:00:00,366.0,Investment,8.0,7,Good Service,Low,1,0
794,2023-07-05 16:00:00,4320.0,Bill Payment,4.0,6,Excellent,High,1,0
411,2023-07-05 17:00:00,4074.0,Bill Payment,6.0,4,Needs Improvement,High,0,0
678,2023-07-05 18:00:00,2460.0,Loan Payment,3.0,9,Needs Improvement,Medium,0,0
790,2023-07-05 19:00:00,3940.0,Loan Payment,2.0,4,Unsatisfactory,High,0,0
538,2023-07-05 20:00:00,4857.0,Loan Payment,6.0,2,Unsatisfactory,High,0,0
982,2023-07-05 21:00:00,836.0,Bill Payment,9.0,8,Unsatisfactory,Low,0,0
453,2023-07-05 22:00:00,675.0,Purchase,7.0,9,Good Service,Low,0,0
419,2023-07-05 23:00:00,2038.0,Loan Payment,3.0,6,Unsatisfactory,Medium,0,0
450,2023-07-06 00:00:00,3701.0,Investment,7.0,10,Very Satisfied,High,0,0
995,2023-07-06 01:00:00,2592.0,Bill Payment,8.0,5,Good Service,Medium,0,0
585,2023-07-06 02:00:00,563.0,Investment,6.0,10,Needs Improvement,Low,0,0
115,2023-07-06 03:00:00,2460.0,Investment,7.0,7,Good Service,Medium,0,0
51,2023-07-06 04:00:00,1198.0,Purchase,8.0,8,Needs Improvement,Low,0,0
369,2023-07-06 05:00:00,159.0,Investment,1.0,6,Very Satisfied,Low,0,0
914,2023-07-06 06:00:00,4762.0,Loan Payment,9.0,2,Needs Improvement,High,0,0
683,2023-07-06 07:00:00,2863.0,Loan Payment,2.0,4,Good Service,Medium,0,0
780,2023-07-06 08:00:00,1946.0,Bill Payment,4.0,7,Very Satisfied,Medium,0,0
515,2023-07-06 09:00:00,4398.0,Purchase,5.0,3,Very Satisfied,High,1,0
210,2023-07-06 10:00:00,2746.0,Purchase,10.0,2,Needs Improvement,Medium,1,0
888,2023-07-06 11:00:00,966.0,Investment,7.0,9,Excellent,Low,1,0
998,2023-07-06 12:00:00,3258.0,Purchase,7.0,4,Very Satisfied,Medium,1,0
903,2023-07-06 13:00:00,425.0,Investment,6.0,1,Needs Improvement,Low,1,0
993,2023-07-06 14:00:00,3464.0,Investment,1.0,2,Good Service,Medium,1,0
902,2023-07-06 15:00:00,2655.0,Purchase,1.0,5,Unsatisfactory,Medium,1,0
850,2023-07-06 16:00:00,3784.0,Bill Payment,8.0,9,Excellent,High,1,0
813,2023-07-06 17:00:00,94.0,Investment,8.0,3,Unsatisfactory,Low,0,0
895,2023-07-06 18:00:00,1945.0,Loan Payment,10.0,2,Unsatisfactory,Medium,0,0
854,2023-07-06 19:00:00,1426.0,Loan Payment,5.0,8,Unsatisfactory,Medium,0,0
627,2023-07-06 20:00:00,1080.0,Purchase,4.0,5,Very Satisfied,Low,0,0
679,2023-07-06 21:00:00,2460.0,Purchase,2.0,9,Very Satisfied,Medium,0,0
435,2023-07-06 22:00:00,1531.0,Investment,4.0,3,Very Satisfied,Medium,0,0
777,2023-07-06 23:00:00,1511.0,Investment,9.0,4,Needs Improvement,Medium,0,0
227,2023-07-07 00:00:00,4101.0,Loan Payment,6.0,7,Very Satisfied,High,0,0
663,2023-07-07 01:00:00,2483.0,Investment,5.0,8,Unsatisfactory,Medium,0,0
268,2023-07-07 02:00:00,745.0,Loan Payment,7.0,5,Excellent,Low,0,0
116,2023-07-07 03:00:00,2848.0,Investment,7.0,8,Unsatisfactory,Medium,0,0
600,2023-07-07 04:00:00,2572.0,Bill Payment,4.0,8,Excellent,Medium,0,0
830,2023-07-07 05:00:00,3916.0,Bill Payment,8.0,4,Needs Improvement,High,0,0
754,2023-07-07 06:00:00,1282.0,Loan Payment,7.0,6,Excellent,Medium,0,0
360,2023-07-07 07:00:00,4846.0,Bill Payment,9.0,9,Needs Improvement,High,0,0
329,2023-07-07 08:00:00,1872.0,Bill Payment,10.0,3,Very Satisfied,Medium,0,0
845,2023-07-07 09:00:00,4236.0,Purchase,4.0,8,Needs Improvement,High,1,0
40,2023-07-07 10:00:00,1773.0,Investment,6.0,10,Excellent,Medium,1,0
182,2023-07-07 11:00:00,4428.0,Purchase,6.0,7,Unsatisfactory,High,1,0
490,2023-07-07 12:00:00,832.0,Loan Payment,8.0,8,Excellent,Low,1,0
209,2023-07-07 13:00:00,552.0,Purchase,9.0,4,Unsatisfactory,Low,1,0
903,2023-07-07 14:00:00,2775.0,Loan Payment,6.0,1,Needs Improvement,Medium,1,0
273,2023-07-07 15:00:00,2088.0,Bill Payment,10.0,7,Needs Improvement,Medium,1,0
119,2023-07-07 16:00:00,894.0,Purchase,10.0,3,Very Satisfied,Low,1,0
382,2023-07-07 17:00:00,4296.0,Bill Payment,10.0,4,Unsatisfactory,High,0,0
946,2023-07-07 18:00:00,3659.0,Investment,10.0,7,Unsatisfactory,Medium,0,0
536,2023-07-07 19:00:00,4520.0,Bill Payment,4.0,7,Excellent,High,0,0
258,2023-07-07 20:00:00,3581.0,Investment,4.0,1,Good Service,Medium,0,0
483,2023-07-07 21:00:00,3943.0,Bill Payment,10.0,5,Needs Improvement,High,0,0
509,2023-07-07 22:00:00,3676.0,Purchase,8.0,10,Good Service,Medium,0,0
92,2023-07-07 23:00:00,1731.0,Purchase,7.0,6,Needs Improvement,Medium,0,0
979,2023-07-08 00:00:00,384.0,Bill Payment,7.0,6,Very Satisfied,Low,0,1
161,2023-07-08 01:00:00,567.0,Loan Payment,5.0,2,Good Service,Low,0,1
149,2023-07-08 02:00:00,1290.0,Loan Payment,5.0,5,Good Service,Medium,0,1
117,2023-07-08 03:00:00,3433.0,Investment,5.0,7,Very Satisfied,Medium,0,1
458,2023-07-08 04:00:00,1138.0,Investment,7.0,8,Needs Improvement,Low,0,1
565,2023-07-08 05:00:00,1370.0,Bill Payment,7.0,10,Unsatisfactory,Medium,0,1
814,2023-07-08 06:00:00,3607.0,Purchase,3.0,5,Very Satisfied,Medium,0,1
45,2023-07-08 07:00:00,1110.0,Investment,4.0,3,Needs Improvement,Low,0,1
777,2023-07-08 08:00:00,1544.0,Bill Payment,9.0,4,Needs Improvement,Medium,0,1
998,2023-07-08 09:00:00,2635.0,Investment,7.0,4,Very Satisfied,Medium,1,1
774,2023-07-08 10:00:00,4137.0,Purchase,7.0,10,Good Service,High,1,1
819,2023-07-08 11:00:00,1641.0,Investment,5.0,8,Unsatisfactory,Medium,1,1
234,2023-07-08 12:00:00,67.0,Bill Payment,5.0,10,Needs Improvement,Low,1,1
375,2023-07-08 13:00:00,1137.0,Investment,7.0,7,Unsatisfactory,Low,1,1
547,2023-07-08 14:00:00,321.0,Loan Payment,8.0,2,Very Satisfied,Low,1,1
850,2023-07-08 15:00:00,3727.0,Investment,8.0,9,Excellent,High,1,1
949,2023-07-08 16:00:00,2011.0,Purchase,5.0,9,Needs Improvement,Medium,1,1
915,2023-07-08 17:00:00,2747.0,Purchase,5.0,1,Excellent,Medium,0,1
197,2023-07-08 18:00:00,3887.0,Purchase,2.0,2,Very Satisfied,High,0,1
25,2023-07-08 19:00:00,2292.0,Purchase,1.0,8,Good Service,Medium,0,1
395,2023-07-08 20:00:00,3193.0,Bill Payment,6.0,8,Needs Improvement,Medium,0,1
714,2023-07-08 21:00:00,1441.0,Investment,6.0,1,Needs Improvement,Medium,0,1
785,2023-07-08 22:00:00,3135.0,Investment,8.0,5,Needs Improvement,Medium,0,1
36,2023-07-08 23:00:00,4907.0,Investment,9.0,8,Very Satisfied,High,0,1
474,2023-07-09 00:00:00,4344.0,Investment,8.0,4,Good Service,High,0,1
223,2023-07-09 01:00:00,1785.0,Bill Payment,2.0,4,Very Satisfied,Medium,0,1
864,2023-07-09 02:00:00,1328.0,Purchase,10.0,4,Good Service,Medium,0,1
789,2023-07-09 03:00:00,4217.0,Investment,1.0,7,Excellent,High,0,1
530,2023-07-09 04:00:00,3169.0,Investment,10.0,10,Good Service,Medium,0,1
188,2023-07-09 05:00:00,1338.0,Purchase,8.0,1,Good Service,Medium,0,1
402,2023-07-09 06:00:00,4395.0,Loan Payment,9.0,2,Unsatisfactory,High,0,1
257,2023-07-09 07:00:00,3984.0,Loan Payment,5.0,10,Needs Improvement,High,0,1
654,2023-07-09 08:00:00,4687.0,Purchase,4.0,8,Unsatisfactory,High,0,1
136,2023-07-09 09:00:00,4475.0,Investment,5.0,2,Needs Improvement,High,1,1
962,2023-07-09 10:00:00,229.0,Purchase,7.0,9,Very Satisfied,Low,1,1
819,2023-07-09 11:00:00,3312.0,Investment,5.0,8,Unsatisfactory,Medium,1,1
591,2023-07-09 12:00:00,2876.0,Investment,5.0,4,Good Service,Medium,1,1
444,2023-07-09 13:00:00,1906.0,Loan Payment,10.0,4,Unsatisfactory,Medium,1,1
418,2023-07-09 14:00:00,4454.0,Loan Payment,6.0,7,Very Satisfied,High,1,1
292,2023-07-09 15:00:00,2312.0,Investment,3.0,10,Good Service,Medium,1,1
574,2023-07-09 16:00:00,4557.0,Investment,10.0,9,Good Service,High,1,1
129,2023-07-09 17:00:00,4194.0,Investment,4.0,10,Good Service,High,0,1
341,2023-07-09 18:00:00,4976.0,Loan Payment,7.0,7,Needs Improvement,High,0,1
810,2023-07-09 19:00:00,3736.0,Investment,6.0,4,Needs Improvement,High,0,1
257,2023-07-09 20:00:00,2052.0,Purchase,5.0,10,Needs Improvement,Medium,0,1
992,2023-07-09 21:00:00,532.0,Bill Payment,7.0,2,Needs Improvement,Low,0,1
724,2023-07-09 22:00:00,2717.0,Bill Payment,4.0,1,Needs Improvement,Medium,0,1
566,2023-07-09 23:00:00,3008.0,Investment,10.0,1,Unsatisfactory,Medium,0,1
687,2023-07-10 00:00:00,3931.0,Purchase,8.0,2,Excellent,High,0,0
100,2023-07-10 01:00:00,919.0,Investment,7.0,5,Good Service,Low,0,0
39,2023-07-10 02:00:00,4547.0,Purchase,1.0,7,Good Service,High,0,0
926,2023-07-10 03:00:00,4143.0,Loan Payment,6.0,5,Unsatisfactory,High,0,0
263,2023-07-10 04:00:00,1890.0,Loan Payment,9.0,6,Very Satisfied,Medium,0,0
150,2023-07-10 05:00:00,3289.0,Investment,1.0,4,Needs Improvement,Medium,0,0
633,2023-07-10 06:00:00,4315.0,Loan Payment,9.0,5,Good Service,High,0,0
690,2023-07-10 07:00:00,2570.0,Investment,10.0,7,Very Satisfied,Medium,0,0
813,2023-07-10 08:00:00,3082.0,Bill Payment,8.0,3,Unsatisfactory,Medium,0,0
330,2023-07-10 09:00:00,3836.0,Purchase,3.0,3,Unsatisfactory,High,1,0
120,2023-07-10 10:00:00,4486.0,Purchase,4.0,2,Good Service,High,1,0
584,2023-07-10 11:00:00,2885.0,Bill Payment,2.0,7,Very Satisfied,Medium,1,0
219,2023-07-10 12:00:00,2916.0,Bill Payment,9.0,3,Good Service,Medium,1,0
906,2023-07-10 13:00:00,4499.0,Bill Payment,6.0,1,Good Service,High,1,0
910,2023-07-10 14:00:00,4501.0,Bill Payment,5.0,6,Unsatisfactory,High,1,0
814,2023-07-10 15:00:00,554.0,Loan Payment,3.0,5,Very Satisfied,Low,1,0
123,2023-07-10 16:00:00,3107.0,Purchase,2.0,4,Good Service,Medium,1,0
244,2023-07-10 17:00:00,3635.0,Purchase,2.0,4,Very Satisfied,Medium,0,0
886,2023-07-10 18:00:00,3515.0,Bill Payment,6.0,10,Good Service,Medium,0,0
587,2023-07-10 19:00:00,1094.0,Investment,4.0,2,Needs Improvement,Low,0,0
518,2023-07-10 20:00:00,562.0,Investment,2.0,6,Good Service,Low,0,0
21,2023-07-10 21:00:00,1163.0,Investment,5.0,2,Unsatisfactory,Low,0,0
190,2023-07-10 22:00:00,3948.0,Investment,10.0,2,Good Service,High,0,0
225,2023-07-10 23:00:00,2255.0,Loan Payment,7.0,5,Unsatisfactory,Medium,0,0
915,2023-07-11 00:00:00,1696.0,Purchase,5.0,1,Excellent,Medium,0,0
615,2023-07-11 01:00:00,703.0,Purchase,9.0,4,Very Satisfied,Low,0,0
856,2023-07-11 02:00:00,3800.0,Purchase,5.0,3,Very Satisfied,High,0,0
466,2023-07-11 03:00:00,507.0,Investment,9.0,10,Unsatisfactory,Low,0,0
99,2023-07-11 04:00:00,2105.0,Bill Payment,5.0,1,Good Service,Medium,0,0
830,2023-07-11 05:00:00,622.0,Investment,8.0,4,Needs Improvement,Low,0,0
363,2023-07-11 06:00:00,3977.0,Purchase,2.0,6,Needs Improvement,High,0,0
997,2023-07-11 07:00:00,2460.0,Investment,2.0,4,Good Service,Medium,0,0
83,2023-07-11 08:00:00,815.0,Bill Payment,6.0,2,Good Service,Low,0,0
693,2023-07-11 09:00:00,930.0,Bill Payment,5.0,6,Very Satisfied,Low,1,0
664,2023-07-11 10:00:00,4980.0,Investment,7.0,10,Unsatisfactory,High,1,0
56,2023-07-11 11:00:00,3614.0,Purchase,7.0,6,Good Service,Medium,1,0
702,2023-07-11 12:00:00,1453.0,Loan Payment,10.0,10,Very Satisfied,Medium,1,0
930,2023-07-11 13:00:00,1555.0,Purchase,3.0,8,Unsatisfactory,Medium,1,0
22,2023-07-11 14:00:00,1220.0,Loan Payment,7.0,7,Unsatisfactory,Low,1,0
580,2023-07-11 15:00:00,2090.0,Purchase,1.0,4,Very Satisfied,Medium,1,0
185,2023-07-11 16:00:00,4697.0,Investment,7.0,5,Excellent,High,1,0
522,2023-07-11 17:00:00,2158.0,Loan Payment,2.0,8,Excellent,Medium,0,0
578,2023-07-11 18:00:00,1518.0,Purchase,1.0,7,Excellent,Medium,0,0
264,2023-07-11 19:00:00,923.0,Investment,6.0,10,Unsatisfactory,Low,0,0
225,2023-07-11 20:00:00,2790.0,Purchase,7.0,5,Unsatisfactory,Medium,0,0
635,2023-07-11 21:00:00,399.0,Bill Payment,7.0,9,Needs Improvement,Low,0,0
38,2023-07-11 22:00:00,4059.0,Bill Payment,6.0,2,Good Service,High,0,0
123,2023-07-11 23:00:00,4265.0,Purchase,2.0,4,Good Service,High,0,0
830,2023-07-12 00:00:00,4997.0,Investment,8.0,4,Needs Improvement,High,0,0
156,2023-07-12 01:00:00,2460.0,Purchase,4.0,8,Very Satisfied,Medium,0,0
906,2023-07-12 02:00:00,1080.0,Investment,6.0,1,Good Service,Low,0,0
301,2023-07-12 03:00:00,4801.0,Loan Payment,7.0,8,Needs Improvement,High,0,0
833,2023-07-12 04:00:00,4863.0,Bill Payment,2.0,8,Very Satisfied,High,0,0
994,2023-07-12 05:00:00,2580.0,Loan Payment,5.0,2,Needs Improvement,Medium,0,0
67,2023-07-12 06:00:00,3747.0,Investment,5.0,9,Very Satisfied,High,0,0
905,2023-07-12 07:00:00,2789.0,Purchase,3.0,5,Needs Improvement,Medium,0,0
645,2023-07-12 08:00:00,348.0,Bill Payment,3.0,6,Needs Improvement,Low,0,0
874,2023-07-12 09:00:00,1986.0,Investment,7.0,1,Good Service,Medium,1,0
394,2023-07-12 10:00:00,3446.0,Investment,10.0,2,Unsatisfactory,Medium,1,0
652,2023-07-12 11:00:00,804.0,Bill Payment,7.0,9,Good Service,Low,1,0
594,2023-07-12 12:00:00,1732.0,Purchase,5.0,5,Needs Improvement,Medium,1,0
570,2023-07-12 13:00:00,3229.0,Bill Payment,9.0,3,Good Service,Medium,1,0
661,2023-07-12 14:00:00,908.0,Purchase,10.0,4,Unsatisfactory,Low,1,0
405,2023-07-12 15:00:00,112.0,Purchase,8.0,8,Needs Improvement,Low,1,0
449,2023-07-12 16:00:00,2869.0,Investment,1.0,2,Very Satisfied,Medium,1,0
131,2023-07-12 17:00:00,4198.0,Purchase,8.0,7,Needs Improvement,High,0,0
69,2023-07-12 18:00:00,1457.0,Purchase,5.0,1,Excellent,Medium,0,0
345,2023-07-12 19:00:00,4224.0,Bill Payment,6.0,3,Unsatisfactory,High,0,0
762,2023-07-12 20:00:00,2042.0,Bill Payment,4.0,4,Very Satisfied,Medium,0,0
320,2023-07-12 21:00:00,2460.0,Purchase,8.0,9,Excellent,Medium,0,0
177,2023-07-12 22:00:00,3070.0,Investment,8.0,4,Needs Improvement,Medium,0,0
584,2023-07-12 23:00:00,1544.0,Bill Payment,2.0,7,Very Satisfied,Medium,0,0
529,2023-07-13 00:00:00,2857.0,Loan Payment,4.0,9,Unsatisfactory,Medium,0,0
841,2023-07-13 01:00:00,3219.0,Investment,10.0,2,Unsatisfactory,Medium,0,0
160,2023-07-13 02:00:00,4580.0,Bill Payment,5.0,6,Unsatisfactory,High,0,0
582,2023-07-13 03:00:00,3473.0,Bill Payment,3.0,7,Unsatisfactory,Medium,0,0
625,2023-07-13 04:00:00,444.0,Loan Payment,2.0,8,Good Service,Low,0,0
744,2023-07-13 05:00:00,1267.0,Purchase,3.0,7,Unsatisfactory,Medium,0,0
533,2023-07-13 06:00:00,64.0,Bill Payment,9.0,1,Very Satisfied,Low,0,0
135,2023-07-13 07:00:00,940.0,Loan Payment,4.0,5,Excellent,Low,0,0
775,2023-07-13 08:00:00,2809.0,Loan Payment,10.0,10,Needs Improvement,Medium,0,0
111,2023-07-13 09:00:00,321.0,Bill Payment,6.0,5,Good Service,Low,1,0
999,2023-07-13 10:00:00,966.0,Investment,10.0,9,Good Service,Low,1,0
758,2023-07-13 11:00:00,4093.0,Bill Payment,10.0,10,Good Service,High,1,0
283,2023-07-13 12:00:00,4862.0,Loan Payment,6.0,5,Unsatisfactory,High,1,0
520,2023-07-13 13:00:00,2522.0,Bill Payment,5.0,2,Very Satisfied,Medium,1,0
969,2023-07-13 14:00:00,1273.0,Investment,2.0,2,Unsatisfactory,Medium,1,0
796,2023-07-13 15:00:00,2757.0,Purchase,10.0,4,Good Service,Medium,1,0
719,2023-07-13 16:00:00,2792.0,Purchase,9.0,10,Needs Improvement,Medium,1,0
194,2023-07-13 17:00:00,1103.0,Bill Payment,3.0,7,Good Service,Low,0,0
967,2023-07-13 18:00:00,2796.0,Bill Payment,5.0,2,Very Satisfied,Medium,0,0
47,2023-07-13 19:00:00,2825.0,Loan Payment,7.0,6,Unsatisfactory,Medium,0,0
978,2023-07-13 20:00:00,3773.0,Investment,8.0,3,Needs Improvement,High,0,0
342,2023-07-13 21:00:00,4045.0,Loan Payment,3.0,2,Unsatisfactory,High,0,0
242,2023-07-13 22:00:00,4849.0,Loan Payment,1.0,3,Needs Improvement,High,0,0
522,2023-07-13 23:00:00,2333.0,Purchase,2.0,8,Excellent,Medium,0,0
370,2023-07-14 00:00:00,242.0,Loan Payment,10.0,1,Very Satisfied,Low,0,0
801,2023-07-14 01:00:00,2111.0,Loan Payment,8.0,7,Unsatisfactory,Medium,0,0
903,2023-07-14 02:00:00,4362.0,Purchase,6.0,1,Needs Improvement,High,0,0
131,2023-07-14 03:00:00,2038.0,Purchase,8.0,7,Needs Improvement,Medium,0,0
270,2023-07-14 04:00:00,1939.0,Investment,7.0,3,Needs Improvement,Medium,0,0
940,2023-07-14 05:00:00,1468.0,Investment,8.0,1,Very Satisfied,Medium,0,0
814,2023-07-14 06:00:00,1658.0,Investment,3.0,5,Very Satisfied,Medium,0,0
61,2023-07-14 07:00:00,417.0,Bill Payment,5.0,3,Good Service,Low,0,0
164,2023-07-14 08:00:00,3350.0,Purchase,5.0,3,Excellent,Medium,0,0
525,2023-07-14 09:00:00,1987.0,Bill Payment,7.0,1,Excellent,Medium,1,0
272,2023-07-14 10:00:00,2423.0,Bill Payment,4.0,10,Unsatisfactory,Medium,1,0
720,2023-07-14 11:00:00,4947.0,Investment,6.0,6,Good Service,High,1,0
758,2023-07-14 12:00:00,1770.0,Purchase,10.0,10,Good Service,Medium,1,0
133,2023-07-14 13:00:00,3607.0,Bill Payment,3.0,1,Excellent,Medium,1,0
244,2023-07-14 14:00:00,1388.0,Loan Payment,2.0,4,Very Satisfied,Medium,1,0
985,2023-07-14 15:00:00,630.0,Loan Payment,3.0,10,Very Satisfied,Low,1,0
806,2023-07-14 16:00:00,939.0,Purchase,8.0,3,Good Service,Low,1,0
998,2023-07-14 17:00:00,984.0,Bill Payment,7.0,4,Very Satisfied,Low,0,0
434,2023-07-14 18:00:00,4497.0,Investment,9.0,1,Unsatisfactory,High,0,0
38,2023-07-14 19:00:00,4457.0,Bill Payment,6.0,2,Good Service,High,0,0
871,2023-07-14 20:00:00,2863.0,Loan Payment,5.0,4,Good Service,Medium,0,0
568,2023-07-14 21:00:00,1699.0,Loan Payment,8.0,3,Good Service,Medium,0,0
319,2023-07-14 22:00:00,4681.0,Investment,1.0,6,Good Service,High,0,0
510,2023-07-14 23:00:00,4628.0,Purchase,2.0,1,Good Service,High,0,0
376,2023-07-15 00:00:00,735.0,Bill Payment,7.0,9,Very Satisfied,Low,0,1
560,2023-07-15 01:00:00,171.0,Loan Payment,4.0,8,Good Service,Low,0,1
617,2023-07-15 02:00:00,668.0,Bill Payment,1.0,8,Unsatisfactory,Low,0,1
474,2023-07-15 03:00:00,2907.0,Investment,8.0,4,Good Service,Medium,0,1
59,2023-07-15 04:00:00,4629.0,Investment,2.0,7,Excellent,High,0,1
589,2023-07-15 05:00:00,4109.0,Purchase,2.0,6,Unsatisfactory,High,0,1
940,2023-07-15 06:00:00,2552.0,Investment,8.0,1,Very Satisfied,Medium,0,1
499,2023-07-15 07:00:00,1588.0,Purchase,10.0,8,Needs Improvement,Medium,0,1
218,2023-07-15 08:00:00,4004.0,Bill Payment,6.0,2,Good Service,High,0,1
895,2023-07-15 09:00:00,1084.0,Loan Payment,10.0,2,Unsatisfactory,Low,1,1
567,2023-07-15 10:00:00,3215.0,Loan Payment,8.0,3,Unsatisfactory,Medium,1,1
567,2023-07-15 11:00:00,2460.0,Purchase,8.0,3,Unsatisfactory,Medium,1,1
129,2023-07-15 12:00:00,3443.0,Loan Payment,4.0,10,Good Service,Medium,1,1
904,2023-07-15 13:00:00,887.0,Purchase,2.0,10,Unsatisfactory,Low,1,1
383,2023-07-15 14:00:00,1101.0,Purchase,7.0,10,Unsatisfactory,Low,1,1
388,2023-07-15 15:00:00,3069.0,Bill Payment,5.0,9,Excellent,Medium,1,1
85,2023-07-15 16:00:00,1684.0,Bill Payment,7.0,10,Very Satisfied,Medium,1,1
510,2023-07-15 17:00:00,1618.0,Investment,2.0,1,Good Service,Medium,0,1
726,2023-07-15 18:00:00,2836.0,Purchase,3.0,7,Good Service,Medium,0,1
627,2023-07-15 19:00:00,1227.0,Bill Payment,4.0,5,Very Satisfied,Low,0,1
437,2023-07-15 20:00:00,3062.0,Purchase,6.0,1,Very Satisfied,Medium,0,1
826,2023-07-15 21:00:00,323.0,Purchase,6.0,3,Needs Improvement,Low,0,1
293,2023-07-15 22:00:00,739.0,Purchase,8.0,4,Needs Improvement,Low,0,1
49,2023-07-15 23:00:00,4049.0,Bill Payment,10.0,1,Very Satisfied,High,0,1
67,2023-07-16 00:00:00,393.0,Purchase,5.0,9,Very Satisfied,Low,0,1
787,2023-07-16 01:00:00,1822.0,Purchase,2.0,2,Needs Improvement,Medium,0,1
129,2023-07-16 02:00:00,2334.0,Investment,4.0,10,Good Service,Medium,0,1
29,2023-07-16 03:00:00,3439.0,Purchase,2.0,7,Good Service,Medium,0,1
343,2023-07-16 04:00:00,2755.0,Investment,7.0,1,Very Satisfied,Medium,0,1
545,2023-07-16 05:00:00,1874.0,Purchase,1.0,7,Needs Improvement,Medium,0,1
119,2023-07-16 06:00:00,3301.0,Investment,10.0,3,Very Satisfied,Medium,0,1
692,2023-07-16 07:00:00,4856.0,Bill Payment,8.0,5,Unsatisfactory,High,0,1
937,2023-07-16 08:00:00,237.0,Bill Payment,5.0,4,Needs Improvement,Low,0,1
663,2023-07-16 09:00:00,2074.0,Loan Payment,5.0,8,Unsatisfactory,Medium,1,1
133,2023-07-16 10:00:00,21.0,Purchase,3.0,1,Excellent,Low,1,1
327,2023-07-16 11:00:00,1532.0,Loan Payment,5.0,10,Very Satisfied,Medium,1,1
185,2023-07-16 12:00:00,701.0,Loan Payment,7.0,5,Excellent,Low,1,1
506,2023-07-16 13:00:00,3715.0,Investment,5.0,2,Needs Improvement,High,1,1
646,2023-07-16 14:00:00,1749.0,Bill Payment,7.0,3,Good Service,Medium,1,1
689,2023-07-16 15:00:00,1535.0,Purchase,9.0,8,Very Satisfied,Medium,1,1
534,2023-07-16 16:00:00,79.0,Purchase,5.0,10,Good Service,Low,1,1
241,2023-07-16 17:00:00,2258.0,Investment,2.0,3,Needs Improvement,Medium,0,1
589,2023-07-16 18:00:00,3133.0,Loan Payment,2.0,6,Unsatisfactory,Medium,0,1
716,2023-07-16 19:00:00,4734.0,Investment,4.0,7,Needs Improvement,High,0,1
516,2023-07-16 20:00:00,3340.0,Loan Payment,7.0,5,Good Service,Medium,0,1
840,2023-07-16 21:00:00,1297.0,Purchase,2.0,2,Unsatisfactory,Medium,0,1
960,2023-07-16 22:00:00,585.0,Investment,4.0,8,Very Satisfied,Low,0,1
165,2023-07-16 23:00:00,2182.0,Loan Payment,2.0,2,Good Service,Medium,0,1
927,2023-07-17 00:00:00,4964.0,Investment,2.0,6,Excellent,High,0,0
933,2023-07-17 01:00:00,754.0,Bill Payment,7.0,7,Unsatisfactory,Low,0,0
640,2023-07-17 02:00:00,2537.0,Investment,5.0,9,Unsatisfactory,Medium,0,0
557,2023-07-17 03:00:00,3083.0,Purchase,2.0,7,Very Satisfied,Medium,0,0
218,2023-07-17 04:00:00,4220.0,Investment,6.0,2,Good Service,High,0,0
747,2023-07-17 05:00:00,4586.0,Purchase,8.0,1,Unsatisfactory,High,0,0
648,2023-07-17 06:00:00,1034.0,Purchase,8.0,5,Needs Improvement,Low,0,0
680,2023-07-17 07:00:00,951.0,Investment,4.0,5,Good Service,Low,0,0
993,2023-07-17 08:00:00,777.0,Investment,1.0,2,Good Service,Low,0,0
749,2023-07-17 09:00:00,2448.0,Investment,3.0,3,Very Satisfied,Medium,1,0
605,2023-07-17 10:00:00,843.0,Bill Payment,6.0,6,Very Satisfied,Low,1,0
5,2023-07-17 11:00:00,2200.0,Bill Payment,8.0,7,Unsatisfactory,Medium,1,0
668,2023-07-17 12:00:00,637.0,Loan Payment,9.0,3,Good Service,Low,1,0
757,2023-07-17 13:00:00,386.0,Investment,6.0,6,Unsatisfactory,Low,1,0
872,2023-07-17 14:00:00,3896.0,Loan Payment,2.0,8,Excellent,High,1,0
81,2023-07-17 15:00:00,99.0,Loan Payment,3.0,8,Very Satisfied,Low,1,0
247,2023-07-17 16:00:00,2865.0,Purchase,1.0,4,Very Satisfied,Medium,1,0
855,2023-07-17 17:00:00,1075.0,Loan Payment,6.0,6,Unsatisfactory,Low,0,0
493,2023-07-17 18:00:00,1068.0,Investment,1.0,5,Good Service,Low,0,0
649,2023-07-17 19:00:00,3069.0,Bill Payment,10.0,2,Unsatisfactory,Medium,0,0
386,2023-07-17 20:00:00,4082.0,Loan Payment,4.0,10,Unsatisfactory,High,0,0
575,2023-07-17 21:00:00,2610.0,Loan Payment,5.0,1,Needs Improvement,Medium,0,0
992,2023-07-17 22:00:00,4229.0,Bill Payment,7.0,2,Needs Improvement,High,0,0
307,2023-07-17 23:00:00,2114.0,Loan Payment,10.0,1,Very Satisfied,Medium,0,0
628,2023-07-18 00:00:00,2863.0,Investment,8.0,7,Needs Improvement,Medium,0,0
625,2023-07-18 01:00:00,2665.0,Loan Payment,2.0,8,Good Service,Medium,0,0
543,2023-07-18 02:00:00,1525.0,Purchase,5.0,6,Very Satisfied,Medium,0,0
7,2023-07-18 03:00:00,3027.0,Loan Payment,3.0,2,Needs Improvement,Medium,0,0
926,2023-07-18 04:00:00,4157.0,Purchase,6.0,5,Unsatisfactory,High,0,0
954,2023-07-18 05:00:00,1583.0,Bill Payment,7.0,2,Very Satisfied,Medium,0,0
515,2023-07-18 06:00:00,2546.0,Bill Payment,5.0,3,Very Satisfied,Medium,0,0
819,2023-07-18 07:00:00,3936.0,Loan Payment,5.0,8,Unsatisfactory,High,0,0
755,2023-07-18 08:00:00,2062.0,Loan Payment,10.0,1,Needs Improvement,Medium,0,0
568,2023-07-18 09:00:00,3806.0,Bill Payment,8.0,3,Good Service,High,1,0
73,2023-07-18 10:00:00,641.0,Purchase,8.0,2,Needs Improvement,Low,1,0
10,2023-07-18 11:00:00,1871.0,Bill Payment,7.0,1,Good Service,Medium,1,0
573,2023-07-18 12:00:00,3962.0,Bill Payment,10.0,3,Very Satisfied,High,1,0
562,2023-07-18 13:00:00,1242.0,Purchase,9.0,2,Good Service,Low,1,0
122,2023-07-18 14:00:00,2274.0,Bill Payment,5.0,5,Good Service,Medium,1,0
687,2023-07-18 15:00:00,2057.0,Loan Payment,8.0,2,Excellent,Medium,1,0
986,2023-07-18 16:00:00,545.0,Loan Payment,5.0,3,Excellent,Low,1,0
513,2023-07-18 17:00:00,3543.0,Bill Payment,4.0,9,Good Service,Medium,0,0
990,2023-07-18 18:00:00,4835.0,Loan Payment,5.0,10,Needs Improvement,High,0,0
441,2023-07-18 19:00:00,3107.0,Investment,5.0,3,Good Service,Medium,0,0
38,2023-07-18 20:00:00,1285.0,Bill Payment,6.0,2,Good Service,Medium,0,0
702,2023-07-18 21:00:00,3083.0,Investment,10.0,10,Very Satisfied,Medium,0,0
591,2023-07-18 22:00:00,1035.0,Bill Payment,5.0,4,Good Service,Low,0,0
345,2023-07-18 23:00:00,2061.0,Bill Payment,6.0,3,Unsatisfactory,Medium,0,0
966,2023-07-19 00:00:00,3631.0,Investment,2.0,5,Needs Improvement,Medium,0,0
338,2023-07-19 01:00:00,4573.0,Bill Payment,6.0,1,Unsatisfactory,High,0,0
961,2023-07-19 02:00:00,210.0,Loan Payment,4.0,7,Unsatisfactory,Low,0,0
702,2023-07-19 03:00:00,4413.0,Investment,10.0,10,Very Satisfied,High,0,0
184,2023-07-19 04:00:00,3333.0,Bill Payment,3.0,5,Unsatisfactory,Medium,0,0
67,2023-07-19 05:00:00,3368.0,Loan Payment,5.0,9,Very Satisfied,Medium,0,0
17,2023-07-19 06:00:00,2981.0,Investment,2.0,5,Needs Improvement,Medium,0,0
383,2023-07-19 07:00:00,4988.0,Investment,7.0,10,Unsatisfactory,High,0,0
368,2023-07-19 08:00:00,595.0,Loan Payment,2.0,2,Good Service,Low,0,0
904,2023-07-19 09:00:00,3355.0,Bill Payment,2.0,10,Unsatisfactory,Medium,1,0
316,2023-07-19 10:00:00,3864.0,Bill Payment,5.0,2,Very Satisfied,High,1,0
497,2023-07-19 11:00:00,4614.0,Investment,1.0,5,Needs Improvement,High,1,0
808,2023-07-19 12:00:00,3434.0,Purchase,8.0,4,Needs Improvement,Medium,1,0
721,2023-07-19 13:00:00,4110.0,Bill Payment,4.0,3,Good Service,High,1,0
345,2023-07-19 14:00:00,369.0,Bill Payment,6.0,3,Unsatisfactory,Low,1,0
958,2023-07-19 15:00:00,3679.0,Loan Payment,2.0,9,Very Satisfied,Medium,1,0
553,2023-07-19 16:00:00,4319.0,Purchase,6.0,9,Very Satisfied,High,1,0
908,2023-07-19 17:00:00,3487.0,Purchase,4.0,1,Very Satisfied,Medium,0,0
989,2023-07-19 18:00:00,4668.0,Investment,1.0,1,Unsatisfactory,High,0,0
473,2023-07-19 19:00:00,2822.0,Loan Payment,10.0,5,Unsatisfactory,Medium,0,0
115,2023-07-19 20:00:00,54.0,Loan Payment,7.0,7,Good Service,Low,0,0
100,2023-07-19 21:00:00,2760.0,Bill Payment,7.0,5,Good Service,Medium,0,0
885,2023-07-19 22:00:00,643.0,Investment,7.0,9,Needs Improvement,Low,0,0
438,2023-07-19 23:00:00,1220.0,Bill Payment,9.0,8,Unsatisfactory,Low,0,0
345,2023-07-20 00:00:00,1759.0,Purchase,6.0,3,Unsatisfactory,Medium,0,0
349,2023-07-20 01:00:00,3251.0,Loan Payment,3.0,10,Needs Improvement,Medium,0,0
139,2023-07-20 02:00:00,2778.0,Investment,4.0,10,Needs Improvement,Medium,0,0
828,2023-07-20 03:00:00,603.0,Bill Payment,4.0,6,Unsatisfactory,Low,0,0
324,2023-07-20 04:00:00,1434.0,Bill Payment,3.0,3,Unsatisfactory,Medium,0,0
846,2023-07-20 05:00:00,1936.0,Purchase,8.0,3,Good Service,Medium,0,0
302,2023-07-20 06:00:00,866.0,Loan Payment,6.0,1,Good Service,Low,0,0
294,2023-07-20 07:00:00,561.0,Purchase,9.0,2,Very Satisfied,Low,0,0
957,2023-07-20 08:00:00,4148.0,Bill Payment,6.0,3,Good Service,High,0,0
529,2023-07-20 09:00:00,2898.0,Loan Payment,4.0,9,Unsatisfactory,Medium,1,0
834,2023-07-20 10:00:00,4284.0,Loan Payment,6.0,3,Unsatisfactory,High,1,0
968,2023-07-20 11:00:00,1490.0,Purchase,10.0,4,Needs Improvement,Medium,1,0
292,2023-07-20 12:00:00,616.0,Loan Payment,3.0,10,Good Service,Low,1,0
74,2023-07-20 13:00:00,681.0,Purchase,7.0,9,Unsatisfactory,Low,1,0
775,2023-07-20 14:00:00,3325.0,Loan Payment,10.0,10,Needs Improvement,Medium,1,0
484,2023-07-20 15:00:00,26.0,Loan Payment,5.0,10,Excellent,Low,1,0
16,2023-07-20 16:00:00,2883.0,Investment,7.0,2,Excellent,Medium,1,0
526,2023-07-20 17:00:00,2604.0,Loan Payment,5.0,5,Good Service,Medium,0,0
336,2023-07-20 18:00:00,2494.0,Bill Payment,5.0,6,Good Service,Medium,0,0
793,2023-07-20 19:00:00,625.0,Investment,4.0,2,Needs Improvement,Low,0,0
873,2023-07-20 20:00:00,3215.0,Purchase,7.0,1,Unsatisfactory,Medium,0,0
516,2023-07-20 21:00:00,2859.0,Bill Payment,7.0,5,Good Service,Medium,0,0
925,2023-07-20 22:00:00,4417.0,Purchase,1.0,6,Unsatisfactory,High,0,0
127,2023-07-20 23:00:00,3817.0,Purchase,2.0,6,Needs Improvement,High,0,0
824,2023-07-21 00:00:00,2082.0,Bill Payment,8.0,9,Very Satisfied,Medium,0,0
518,2023-07-21 01:00:00,534.0,Purchase,2.0,6,Good Service,Low,0,0
129,2023-07-21 02:00:00,3183.0,Investment,4.0,10,Good Service,Medium,0,0
511,2023-07-21 03:00:00,1483.0,Bill Payment,10.0,3,Needs Improvement,Medium,0,0
423,2023-07-21 04:00:00,2435.0,Purchase,6.0,10,Unsatisfactory,Medium,0,0
385,2023-07-21 05:00:00,4993.0,Purchase,10.0,4,Needs Improvement,High,0,0
883,2023-07-21 06:00:00,3284.0,Loan Payment,3.0,8,Very Satisfied,Medium,0,0
232,2023-07-21 07:00:00,3348.0,Loan Payment,2.0,6,Very Satisfied,Medium,0,0
959,2023-07-21 08:00:00,2017.0,Purchase,4.0,7,Very Satisfied,Medium,0,0
825,2023-07-21 09:00:00,4567.0,Bill Payment,5.0,10,Needs Improvement,High,1,0
195,2023-07-21 10:00:00,2422.0,Investment,3.0,8,Unsatisfactory,Medium,1,0
65,2023-07-21 11:00:00,2161.0,Purchase,8.0,5,Needs Improvement,Medium,1,0
833,2023-07-21 12:00:00,3192.0,Purchase,2.0,8,Very Satisfied,Medium,1,0
615,2023-07-21 13:00:00,437.0,Purchase,9.0,4,Very Satisfied,Low,1,0
277,2023-07-21 14:00:00,4574.0,Loan Payment,1.0,4,Good Service,High,1,0
670,2023-07-21 15:00:00,1024.0,Bill Payment,5.0,8,Very Satisfied,Low,1,0
224,2023-07-21 16:00:00,1614.0,Purchase,6.0,9,Very Satisfied,Medium,1,0
801,2023-07-21 17:00:00,879.0,Loan Payment,8.0,7,Unsatisfactory,Low,0,0
944,2023-07-21 18:00:00,2737.0,Purchase,3.0,2,Unsatisfactory,Medium,0,0
278,2023-07-21 19:00:00,2862.0,Purchase,7.0,3,Good Service,Medium,0,0
990,2023-07-21 20:00:00,895.0,Bill Payment,5.0,10,Needs Improvement,Low,0,0
694,2023-07-21 21:00:00,2618.0,Loan Payment,2.0,8,Very Satisfied,Medium,0,0
366,2023-07-21 22:00:00,2460.0,Investment,4.0,1,Excellent,Medium,0,0
516,2023-07-21 23:00:00,4436.0,Bill Payment,7.0,5,Good Service,High,0,0
215,2023-07-22 00:00:00,1965.0,Investment,3.0,9,Very Satisfied,Medium,0,1
439,2023-07-22 01:00:00,596.0,Loan Payment,2.0,2,Good Service,Low,0,1
428,2023-07-22 02:00:00,210.0,Loan Payment,4.0,4,Unsatisfactory,Low,0,1
729,2023-07-22 03:00:00,4559.0,Investment,4.0,2,Good Service,High,0,1
396,2023-07-22 04:00:00,7315.0,Loan Payment,10.0,2,Needs Improvement,High,0,1
209,2023-07-22 05:00:00,835.0,Bill Payment,9.0,4,Unsatisfactory,Low,0,1
501,2023-07-22 06:00:00,120.0,Purchase,1.0,1,Good Service,Low,0,1
463,2023-07-22 07:00:00,2921.0,Investment,5.0,7,Unsatisfactory,Medium,0,1
586,2023-07-22 08:00:00,3909.0,Purchase,4.0,7,Needs Improvement,High,0,1
227,2023-07-22 09:00:00,917.0,Investment,6.0,7,Very Satisfied,Low,1,1
375,2023-07-22 10:00:00,3725.0,Purchase,7.0,7,Unsatisfactory,High,1,1
500,2023-07-22 11:00:00,3699.0,Purchase,1.0,1,Unsatisfactory,High,1,1
948,2023-07-22 12:00:00,564.0,Bill Payment,6.0,6,Unsatisfactory,Low,1,1
93,2023-07-22 13:00:00,1913.0,Purchase,7.0,6,Needs Improvement,Medium,1,1
460,2023-07-22 14:00:00,2460.0,Investment,2.0,4,Very Satisfied,Medium,1,1
577,2023-07-22 15:00:00,3346.0,Purchase,1.0,3,Very Satisfied,Medium,1,1
321,2023-07-22 16:00:00,2544.0,Loan Payment,3.0,7,Good Service,Medium,1,1
10,2023-07-22 17:00:00,2236.0,Purchase,7.0,1,Good Service,Medium,0,1
914,2023-07-22 18:00:00,3303.0,Purchase,9.0,2,Needs Improvement,Medium,0,1
303,2023-07-22 19:00:00,1403.0,Loan Payment,5.0,4,Good Service,Medium,0,1
322,2023-07-22 20:00:00,2694.0,Loan Payment,5.0,1,Good Service,Medium,0,1
817,2023-07-22 21:00:00,2845.0,Investment,9.0,10,Needs Improvement,Medium,0,1
456,2023-07-22 22:00:00,176.0,Loan Payment,4.0,5,Very Satisfied,Low,0,1
278,2023-07-22 23:00:00,2720.0,Loan Payment,7.0,3,Good Service,Medium,0,1
598,2023-07-23 00:00:00,3634.0,Investment,5.0,6,Needs Improvement,Medium,0,1
538,2023-07-23 01:00:00,2357.0,Investment,6.0,2,Unsatisfactory,Medium,0,1
730,2023-07-23 02:00:00,1414.0,Purchase,3.0,1,Very Satisfied,Medium,0,1
393,2023-07-23 03:00:00,1535.0,Bill Payment,1.0,3,Excellent,Medium,0,1
917,2023-07-23 04:00:00,2460.0,Investment,6.0,7,Needs Improvement,Medium,0,1
95,2023-07-23 05:00:00,4921.0,Loan Payment,8.0,5,Good Service,High,0,1
756,2023-07-23 06:00:00,4848.0,Purchase,2.0,8,Needs Improvement,High,0,1
959,2023-07-23 07:00:00,2784.0,Loan Payment,4.0,7,Very Satisfied,Medium,0,1
107,2023-07-23 08:00:00,835.0,Investment,10.0,6,Unsatisfactory,Low,0,1
390,2023-07-23 09:00:00,1134.0,Bill Payment,9.0,4,Good Service,Low,1,1
760,2023-07-23 10:00:00,578.0,Purchase,3.0,5,Unsatisfactory,Low,1,1
526,2023-07-23 11:00:00,1968.0,Investment,5.0,5,Good Service,Medium,1,1
673,2023-07-23 12:00:00,3749.0,Investment,2.0,10,Very Satisfied,High,1,1
71,2023-07-23 13:00:00,2119.0,Loan Payment,1.0,5,Excellent,Medium,1,1
664,2023-07-23 14:00:00,4474.0,Bill Payment,7.0,10,Unsatisfactory,High,1,1
969,2023-07-23 15:00:00,4199.0,Investment,2.0,2,Unsatisfactory,High,1,1
587,2023-07-23 16:00:00,4104.0,Loan Payment,4.0,2,Needs Improvement,High,1,1
376,2023-07-23 17:00:00,2940.0,Purchase,7.0,9,Very Satisfied,Medium,0,1
727,2023-07-23 18:00:00,773.0,Loan Payment,9.0,3,Excellent,Low,0,1
368,2023-07-23 19:00:00,3370.0,Purchase,2.0,2,Good Service,Medium,0,1
51,2023-07-23 20:00:00,3460.0,Loan Payment,8.0,8,Needs Improvement,Medium,0,1
898,2023-07-23 21:00:00,2157.0,Bill Payment,6.0,5,Very Satisfied,Medium,0,1
143,2023-07-23 22:00:00,3405.0,Loan Payment,8.0,5,Good Service,Medium,0,1
419,2023-07-23 23:00:00,4434.0,Bill Payment,3.0,6,Unsatisfactory,High,0,1
548,2023-07-24 00:00:00,3729.0,Bill Payment,6.0,10,Needs Improvement,High,0,0
500,2023-07-24 01:00:00,4811.0,Purchase,1.0,1,Unsatisfactory,High,0,0
886,2023-07-24 02:00:00,230.0,Loan Payment,6.0,10,Good Service,Low,0,0
988,2023-07-24 03:00:00,1871.0,Loan Payment,1.0,8,Unsatisfactory,Medium,0,0
167,2023-07-24 04:00:00,2624.0,Loan Payment,4.0,9,Unsatisfactory,Medium,0,0
748,2023-07-24 05:00:00,1031.0,Bill Payment,3.0,2,Very Satisfied,Low,0,0
260,2023-07-24 06:00:00,119.0,Investment,3.0,1,Good Service,Low,0,0
192,2023-07-24 07:00:00,4254.0,Loan Payment,10.0,9,Unsatisfactory,High,0,0
202,2023-07-24 08:00:00,3858.0,Loan Payment,2.0,3,Good Service,High,0,0
774,2023-07-24 09:00:00,708.0,Investment,7.0,10,Good Service,Low,1,0
185,2023-07-24 10:00:00,117.0,Purchase,7.0,5,Excellent,Low,1,0
158,2023-07-24 11:00:00,398.0,Loan Payment,5.0,4,Very Satisfied,Low,1,0
758,2023-07-24 12:00:00,434.0,Investment,10.0,10,Good Service,Low,1,0
622,2023-07-24 13:00:00,2504.0,Loan Payment,9.0,10,Very Satisfied,Medium,1,0
99,2023-07-24 14:00:00,2975.0,Bill Payment,5.0,1,Good Service,Medium,1,0
241,2023-07-24 15:00:00,2713.0,Investment,2.0,3,Needs Improvement,Medium,1,0
491,2023-07-24 16:00:00,2009.0,Bill Payment,4.0,4,Very Satisfied,Medium,1,0
202,2023-07-24 17:00:00,3585.0,Investment,2.0,3,Good Service,Medium,0,0
634,2023-07-24 18:00:00,1537.0,Purchase,6.0,8,Good Service,Medium,0,0
509,2023-07-24 19:00:00,4063.0,Bill Payment,8.0,10,Good Service,High,0,0
629,2023-07-24 20:00:00,2036.0,Loan Payment,7.0,8,Very Satisfied,Medium,0,0
96,2023-07-24 21:00:00,2378.0,Investment,2.0,1,Unsatisfactory,Medium,0,0
746,2023-07-24 22:00:00,2776.0,Loan Payment,4.0,9,Very Satisfied,Medium,0,0
490,2023-07-24 23:00:00,1865.0,Purchase,8.0,8,Excellent,Medium,0,0
579,2023-07-25 00:00:00,456.0,Investment,3.0,5,Needs Improvement,Low,0,0
888,2023-07-25 01:00:00,1607.0,Purchase,7.0,9,Excellent,Medium,0,0
218,2023-07-25 02:00:00,219.0,Investment,6.0,2,Good Service,Low,0,0
527,2023-07-25 03:00:00,858.0,Bill Payment,9.0,2,Very Satisfied,Low,0,0
273,2023-07-25 04:00:00,1661.0,Loan Payment,10.0,7,Needs Improvement,Medium,0,0
219,2023-07-25 05:00:00,1926.0,Bill Payment,9.0,3,Good Service,Medium,0,0
786,2023-07-25 06:00:00,3539.0,Bill Payment,5.0,10,Good Service,Medium,0,0
883,2023-07-25 07:00:00,1928.0,Bill Payment,3.0,8,Very Satisfied,Medium,0,0
659,2023-07-25 08:00:00,586.0,Bill Payment,5.0,5,Excellent,Low,0,0
332,2023-07-25 09:00:00,698.0,Investment,4.0,8,Unsatisfactory,Low,1,0
856,2023-07-25 10:00:00,799.0,Loan Payment,5.0,3,Very Satisfied,Low,1,0
453,2023-07-25 11:00:00,1365.0,Investment,7.0,9,Good Service,Medium,1,0
152,2023-07-25 12:00:00,1697.0,Investment,10.0,7,Needs Improvement,Medium,1,0
347,2023-07-25 13:00:00,359.0,Investment,6.0,9,Excellent,Low,1,0
816,2023-07-25 14:00:00,2727.0,Bill Payment,8.0,10,Needs Improvement,Medium,1,0
414,2023-07-25 15:00:00,3549.0,Purchase,3.0,1,Good Service,Medium,1,0
527,2023-07-25 16:00:00,4531.0,Bill Payment,9.0,2,Very Satisfied,High,1,0
431,2023-07-25 17:00:00,4432.0,Investment,1.0,7,Good Service,High,0,0
379,2023-07-25 18:00:00,1139.0,Bill Payment,3.0,7,Very Satisfied,Low,0,0
998,2023-07-25 19:00:00,4360.0,Loan Payment,7.0,4,Very Satisfied,High,0,0
895,2023-07-25 20:00:00,4549.0,Loan Payment,10.0,2,Unsatisfactory,High,0,0
428,2023-07-25 21:00:00,4218.0,Bill Payment,4.0,4,Unsatisfactory,High,0,0
866,2023-07-25 22:00:00,4794.0,Bill Payment,6.0,3,Very Satisfied,High,0,0
923,2023-07-25 23:00:00,1000.0,Purchase,1.0,2,Very Satisfied,Low,0,0
84,2023-07-26 00:00:00,1883.0,Bill Payment,2.0,5,Very Satisfied,Medium,0,0
192,2023-07-26 01:00:00,4151.0,Bill Payment,10.0,9,Unsatisfactory,High,0,0
41,2023-07-26 02:00:00,4862.0,Purchase,3.0,10,Excellent,High,0,0
864,2023-07-26 03:00:00,2460.0,Bill Payment,10.0,4,Good Service,Medium,0,0
836,2023-07-26 04:00:00,1236.0,Bill Payment,6.0,8,Unsatisfactory,Low,0,0
773,2023-07-26 05:00:00,573.0,Bill Payment,2.0,7,Good Service,Low,0,0
309,2023-07-26 06:00:00,2897.0,Bill Payment,6.0,1,Unsatisfactory,Medium,0,0
378,2023-07-26 07:00:00,1350.0,Bill Payment,5.0,4,Good Service,Medium,0,0
136,2023-07-26 08:00:00,3747.0,Investment,5.0,2,Needs Improvement,High,0,0
790,2023-07-26 09:00:00,1447.0,Bill Payment,2.0,4,Unsatisfactory,Medium,1,0
106,2023-07-26 10:00:00,104.0,Purchase,1.0,7,Excellent,Low,1,0
519,2023-07-26 11:00:00,3306.0,Bill Payment,9.0,5,Needs Improvement,Medium,1,0
918,2023-07-26 12:00:00,958.0,Investment,6.0,10,Good Service,Low,1,0
814,2023-07-26 13:00:00,4658.0,Purchase,3.0,5,Very Satisfied,High,1,0
542,2023-07-26 14:00:00,2702.0,Purchase,9.0,2,Needs Improvement,Medium,1,0
126,2023-07-26 15:00:00,4171.0,Bill Payment,8.0,3,Good Service,High,1,0
357,2023-07-26 16:00:00,3291.0,Loan Payment,10.0,9,Needs Improvement,Medium,1,0
400,2023-07-26 17:00:00,1507.0,Investment,9.0,5,Good Service,Medium,0,0
79,2023-07-26 18:00:00,4770.0,Loan Payment,8.0,7,Good Service,High,0,0
389,2023-07-26 19:00:00,2741.0,Bill Payment,7.0,5,Very Satisfied,Medium,0,0
579,2023-07-26 20:00:00,2753.0,Investment,3.0,5,Needs Improvement,Medium,0,0
535,2023-07-26 21:00:00,4285.0,Loan Payment,3.0,2,Good Service,High,0,0
701,2023-07-26 22:00:00,2891.0,Investment,4.0,8,Excellent,Medium,0,0
74,2023-07-26 23:00:00,211.0,Bill Payment,7.0,9,Unsatisfactory,Low,0,0
5,2023-07-27 00:00:00,1508.0,Investment,8.0,7,Unsatisfactory,Medium,0,0
919,2023-07-27 01:00:00,3096.0,Bill Payment,2.0,10,Good Service,Medium,0,0
463,2023-07-27 02:00:00,3123.0,Loan Payment,5.0,7,Unsatisfactory,Medium,0,0
82,2023-07-27 03:00:00,2600.0,Investment,4.0,8,Good Service,Medium,0,0
537,2023-07-27 04:00:00,1958.0,Purchase,1.0,3,Very Satisfied,Medium,0,0
776,2023-07-27 05:00:00,3614.0,Bill Payment,5.0,6,Needs Improvement,Medium,0,0
991,2023-07-27 06:00:00,3973.0,Investment,9.0,7,Needs Improvement,High,0,0
405,2023-07-27 07:00:00,703.0,Purchase,8.0,8,Needs Improvement,Low,0,0
514,2023-07-27 08:00:00,1729.0,Purchase,1.0,8,Very Satisfied,Medium,0,0
278,2023-07-27 09:00:00,3943.0,Purchase,7.0,3,Good Service,High,1,0
840,2023-07-27 10:00:00,3742.0,Purchase,2.0,2,Unsatisfactory,High,1,0
855,2023-07-27 11:00:00,2669.0,Bill Payment,6.0,6,Unsatisfactory,Medium,1,0
224,2023-07-27 12:00:00,1731.0,Investment,6.0,9,Very Satisfied,Medium,1,0
584,2023-07-27 13:00:00,4061.0,Purchase,2.0,7,Very Satisfied,High,1,0
68,2023-07-27 14:00:00,2301.0,Investment,4.0,1,Excellent,Medium,1,0
320,2023-07-27 15:00:00,4209.0,Investment,8.0,9,Excellent,High,1,0
606,2023-07-27 16:00:00,2708.0,Loan Payment,7.0,3,Needs Improvement,Medium,1,0
19,2023-07-27 17:00:00,3384.0,Investment,3.0,5,Needs Improvement,Medium,0,0
640,2023-07-27 18:00:00,1020.0,Bill Payment,5.0,9,Unsatisfactory,Low,0,0
343,2023-07-27 19:00:00,1051.0,Bill Payment,7.0,1,Very Satisfied,Low,0,0
594,2023-07-27 20:00:00,1567.0,Purchase,5.0,5,Needs Improvement,Medium,0,0
766,2023-07-27 21:00:00,1217.0,Investment,3.0,6,Needs Improvement,Low,0,0
949,2023-07-27 22:00:00,1690.0,Bill Payment,5.0,9,Needs Improvement,Medium,0,0
733,2023-07-27 23:00:00,3631.0,Bill Payment,5.0,7,Good Service,Medium,0,0
343,2023-07-28 00:00:00,3362.0,Bill Payment,7.0,1,Very Satisfied,Medium,0,0
97,2023-07-28 01:00:00,1688.0,Purchase,5.0,8,Unsatisfactory,Medium,0,0
52,2023-07-28 02:00:00,3606.0,Bill Payment,6.0,7,Good Service,Medium,0,0
175,2023-07-28 03:00:00,2755.0,Investment,7.0,7,Good Service,Medium,0,0
338,2023-07-28 04:00:00,3555.0,Bill Payment,6.0,1,Unsatisfactory,Medium,0,0
694,2023-07-28 05:00:00,3003.0,Bill Payment,2.0,8,Very Satisfied,Medium,0,0
940,2023-07-28 06:00:00,790.0,Purchase,8.0,1,Very Satisfied,Low,0,0
353,2023-07-28 07:00:00,955.0,Investment,6.0,6,Excellent,Low,0,0
